Created by PLY version 3.11 (http://www.dabeaz.com/ply)

Grammar

Rule 0     S' -> program
Rule 1     expr -> expr ARROW expr
Rule 2     expr -> expr OPEN_BRACKETS PLUS CLOSED_BRACKETS
Rule 3     expr -> expr OPEN_BRACKETS expr CLOSED_BRACKETS
Rule 4     expr -> IDENTIFIER PLUS_ASSIGN expr
Rule 5     expr -> IDENTIFIER MINUS_ASSIGN expr
Rule 6     expr -> IDENTIFIER SMALLER_EQUALS_ASSIGN expr
Rule 7     expr -> IDENTIFIER GREATER_THAN_ASSIGN expr
Rule 8     expr -> IDENTIFIER SMALLER_THAN_ASSIGN expr
Rule 9     expr -> IDENTIFIER AND_ASSIGN expr
Rule 10    expr -> IDENTIFIER OR_ASSIGN expr
Rule 11    expr -> IDENTIFIER XOR_ASSIGN expr
Rule 12    expr -> IDENTIFIER MOD_ASSIGN expr
Rule 13    expr -> IDENTIFIER EXP_ASSIGN expr
Rule 14    expr -> IDENTIFIER POWER_ASSIGN expr
Rule 15    expr -> IDENTIFIER TIMES_ASSIGN expr
Rule 16    expr -> IDENTIFIER DIVIDE_CEIL_ASSIGN expr
Rule 17    expr -> IDENTIFIER DIVIDE_FLOOR_ASSIGN expr
Rule 18    expr -> IDENTIFIER DIVIDE_ASSIGN expr
Rule 19    expr -> IDENTIFIER EQUALS_ASSIGN expr
Rule 20    expr -> IDENTIFIER UNEQUALS_ASSIGN expr
Rule 21    expr -> IDENTIFIER GREATER_EQUALS_ASSIGN expr
Rule 22    assign_expr -> type IDENTIFIER ASSIGN expr
Rule 23    assign_expr -> IDENTIFIER ASSIGN expr
Rule 24    assign_list -> assign_expr SEMICOLON assign_list
Rule 25    assign_list -> assign_expr
Rule 26    expr -> expr LPAREN para_expr RPAREN
Rule 27    cases -> CASE expr COLON expr DOT cases
Rule 28    cases -> CASE expr COLON expr DOT
Rule 29    comp -> expr EQUALS expr
Rule 30    comp -> comp EQUALS expr
Rule 31    comp -> expr GREATER_EQUALS expr
Rule 32    comp -> comp GREATER_EQUALS expr
Rule 33    comp -> expr UNEQUALS expr
Rule 34    comp -> comp UNEQUALS expr
Rule 35    comp -> expr GREATER_THAN expr
Rule 36    comp -> comp GREATER_THAN expr
Rule 37    comp -> expr SMALLER_THAN expr
Rule 38    comp -> comp SMALLER_THAN expr
Rule 39    comp -> expr SMALLER_EQUALS expr
Rule 40    comp -> comp SMALLER_EQUALS expr
Rule 41    expr -> expr CONS expr
Rule 42    else_elif_body -> COMMA ELIF IF expr THEN COMMA expr
Rule 43    else_elif_body -> COMMA ELIF IF expr THEN COMMA expr else_elif_body
Rule 44    else_elif_body -> ELSE expr
Rule 45    empty -> <empty>
Rule 46    expr -> expr PLUS expr
Rule 47    expr -> expr MINUS expr
Rule 48    expr -> expr EXP expr
Rule 49    expr -> expr MOD expr
Rule 50    expr -> NOT expr
Rule 51    expr -> PLUS expr
Rule 52    expr -> MINUS expr
Rule 53    expr -> expr IMAG
Rule 54    expr -> comp
Rule 55    expr -> assign_expr
Rule 56    expr -> BEGIN sequence END
Rule 57    expr -> BEGIN END
Rule 58    expr -> expr POWER expr
Rule 59    expr -> LET letrec_assign IN expr DOT
Rule 60    expr -> OPEN_BRACKETS param_list CLOSED_BRACKETS
Rule 61    expr -> OPEN_BRACKETS expr CLOSED_BRACKETS
Rule 62    expr -> OPEN_BRACKETS CLOSED_BRACKETS
Rule 63    expr -> STRUCT BEGIN assign_list END
Rule 64    expr -> STRUCT BEGIN END
Rule 65    expr -> expr TIMES expr
Rule 66    expr -> expr DIVIDE_CEIL expr
Rule 67    expr -> expr DIVIDE_FLOOR expr
Rule 68    expr -> expr DIVIDE expr
Rule 69    expr -> expr AND expr
Rule 70    expr -> expr XOR expr
Rule 71    expr -> expr OR expr
Rule 72    file -> STRING
Rule 73    expr -> FLOAT
Rule 74    expr -> IF expr THEN COMMA expr DOT
Rule 75    expr -> IF expr THEN COMMA expr else_elif_body DOT
Rule 76    expr -> IMPORT file
Rule 77    expr -> OPEN_BRACKETS expr DOT DOT expr CLOSED_BRACKETS
Rule 78    expr -> CLOSED_BRACKETS expr DOT DOT expr CLOSED_BRACKETS
Rule 79    expr -> OPEN_BRACKETS expr DOT DOT expr OPEN_BRACKETS
Rule 80    expr -> CLOSED_BRACKETS expr DOT DOT expr OPEN_BRACKETS
Rule 81    expr -> LAMBDA para ARROW type COLON expr
Rule 82    expr -> NULL
Rule 83    letrec_assign -> letrec_assign COMMA assign_expr
Rule 84    letrec_assign -> assign_expr
Rule 85    expr -> LPAREN param_list RPAREN
Rule 86    expr -> LOOP IDENTIFIER IN expr LOOPTHEN expr DOT
Rule 87    expr -> MATCH expr WITH cases DOT
Rule 88    expr -> NUMBER
Rule 89    para -> LPAREN param_pos RPAREN
Rule 90    para -> type IDENTIFIER
Rule 91    para -> IDENTIFIER
Rule 92    para -> empty
Rule 93    para_expr -> param_pos_expr
Rule 94    para_expr -> empty
Rule 95    para_infty -> IDENTIFIER DOT DOT DOT
Rule 96    para_keywords -> para_kw_list
Rule 97    para_keywords_expr -> expr COLON expr COMMA para_keywords_expr
Rule 98    para_keywords_expr -> expr COLON expr
Rule 99    para_kw_list -> type IDENTIFIER COLON expr COMMA para_kw_list
Rule 100   para_kw_list -> IDENTIFIER COLON expr COMMA para_kw_list
Rule 101   para_kw_list -> type IDENTIFIER COLON expr
Rule 102   para_kw_list -> IDENTIFIER COLON expr
Rule 103   para_kw_list -> para_infty
Rule 104   param_list -> param_list COMMA expr
Rule 105   param_list -> expr COMMA expr
Rule 106   param_pos -> param_pos_list
Rule 107   param_pos_expr -> expr COMMA param_pos_expr
Rule 108   param_pos_expr -> expr
Rule 109   param_pos_expr -> para_keywords_expr
Rule 110   param_pos_list -> type IDENTIFIER COMMA param_pos_list
Rule 111   param_pos_list -> type IDENTIFIER
Rule 112   param_pos_list -> IDENTIFIER COMMA param_pos_list
Rule 113   param_pos_list -> IDENTIFIER
Rule 114   param_pos_list -> para_keywords
Rule 115   expr -> LPAREN expr RPAREN
Rule 116   program -> expr
Rule 117   sequence -> expr SEMICOLON sequence
Rule 118   sequence -> expr SEMICOLON
Rule 119   sequence -> expr
Rule 120   expr -> STRING
Rule 121   type -> T_INT
Rule 122   type -> T_FLOAT
Rule 123   type -> T_STRING
Rule 124   type -> T_COMPLEX
Rule 125   type -> LPAREN type_arg RPAREN ARROW type
Rule 126   type -> type ARROW type
Rule 127   type -> OPEN_BRACKETS CLOSED_BRACKETS type
Rule 128   type_arg -> type COMMA type_arg
Rule 129   type_arg -> type
Rule 130   expr -> T_UNDEF expr
Rule 131   expr -> IDENTIFIER
Rule 132   expr -> WHILE expr THEN COMMA expr DOT

Terminals, with rules where they appear

AND                  : 69
AND_ASSIGN           : 9
ARROW                : 1 81 125 126
ASSIGN               : 22 23
BEGIN                : 56 57 63 64
CASE                 : 27 28
CLOSED_BRACKETS      : 2 3 60 61 62 77 78 78 80 127
COLON                : 27 28 81 97 98 99 100 101 102
COMMA                : 42 42 43 43 74 75 83 97 99 100 104 105 107 110 112 128 132
CONS                 : 41
DIVIDE               : 68
DIVIDE_ASSIGN        : 18
DIVIDE_CEIL          : 66
DIVIDE_CEIL_ASSIGN   : 16
DIVIDE_FLOOR         : 67
DIVIDE_FLOOR_ASSIGN  : 17
DOT                  : 27 28 59 74 75 77 77 78 78 79 79 80 80 86 87 95 95 95 132
ELIF                 : 42 43
ELSE                 : 44
END                  : 56 57 63 64
EQUALS               : 29 30
EQUALS_ASSIGN        : 19
EXP                  : 48
EXP_ASSIGN           : 13
FLOAT                : 73
GREATER_EQUALS       : 31 32
GREATER_EQUALS_ASSIGN : 21
GREATER_THAN         : 35 36
GREATER_THAN_ASSIGN  : 7
IDENTIFIER           : 4 5 6 7 8 9 10 11 12 13 14 15 16 17 18 19 20 21 22 23 86 90 91 95 99 100 101 102 110 111 112 113 131
IF                   : 42 43 74 75
IMAG                 : 53
IMPORT               : 76
IN                   : 59 86
LAMBDA               : 81
LET                  : 59
LOOP                 : 86
LOOPTHEN             : 86
LPAREN               : 26 85 89 115 125
MATCH                : 87
MINUS                : 47 52
MINUS_ASSIGN         : 5
MOD                  : 49
MOD_ASSIGN           : 12
NOT                  : 50
NULL                 : 82
NUMBER               : 88
OPEN_BRACKETS        : 2 3 60 61 62 77 79 79 80 127
OR                   : 71
OR_ASSIGN            : 10
PLUS                 : 2 46 51
PLUS_ASSIGN          : 4
POWER                : 58
POWER_ASSIGN         : 14
RPAREN               : 26 85 89 115 125
SEMICOLON            : 24 117 118
SMALLER_EQUALS       : 39 40
SMALLER_EQUALS_ASSIGN : 6
SMALLER_THAN         : 37 38
SMALLER_THAN_ASSIGN  : 8
STRING               : 72 120
STRUCT               : 63 64
THEN                 : 42 43 74 75 132
TIMES                : 65
TIMES_ASSIGN         : 15
T_COMPLEX            : 124
T_FLOAT              : 122
T_INT                : 121
T_STRING             : 123
T_UNDEF              : 130
UNEQUALS             : 33 34
UNEQUALS_ASSIGN      : 20
WHILE                : 132
WITH                 : 87
XOR                  : 70
XOR_ASSIGN           : 11
error                : 

Nonterminals, with rules where they appear

assign_expr          : 24 25 55 83 84
assign_list          : 24 63
cases                : 27 87
comp                 : 30 32 34 36 38 40 54
else_elif_body       : 43 75
empty                : 92 94
expr                 : 1 1 2 3 3 4 5 6 7 8 9 10 11 12 13 14 15 16 17 18 19 20 21 22 23 26 27 27 28 28 29 29 30 31 31 32 33 33 34 35 35 36 37 37 38 39 39 40 41 41 42 42 43 43 44 46 46 47 47 48 48 49 49 50 51 52 53 58 58 59 61 65 65 66 66 67 67 68 68 69 69 70 70 71 71 74 74 75 75 77 77 78 78 79 79 80 80 81 86 86 87 97 97 98 98 99 100 101 102 104 105 105 107 108 115 116 117 118 119 130 132 132
file                 : 76
letrec_assign        : 59 83
para                 : 81
para_expr            : 26
para_infty           : 103
para_keywords        : 114
para_keywords_expr   : 97 109
para_kw_list         : 96 99 100
param_list           : 60 85 104
param_pos            : 89
param_pos_expr       : 93 107
param_pos_list       : 106 110 112
program              : 0
sequence             : 56 117
type                 : 22 81 90 99 101 110 111 125 126 126 127 128 129
type_arg             : 125 128

Parsing method: LALR

state 0

    (0) S' -> . program
    (116) program -> . expr
    (1) expr -> . expr ARROW expr
    (2) expr -> . expr OPEN_BRACKETS PLUS CLOSED_BRACKETS
    (3) expr -> . expr OPEN_BRACKETS expr CLOSED_BRACKETS
    (4) expr -> . IDENTIFIER PLUS_ASSIGN expr
    (5) expr -> . IDENTIFIER MINUS_ASSIGN expr
    (6) expr -> . IDENTIFIER SMALLER_EQUALS_ASSIGN expr
    (7) expr -> . IDENTIFIER GREATER_THAN_ASSIGN expr
    (8) expr -> . IDENTIFIER SMALLER_THAN_ASSIGN expr
    (9) expr -> . IDENTIFIER AND_ASSIGN expr
    (10) expr -> . IDENTIFIER OR_ASSIGN expr
    (11) expr -> . IDENTIFIER XOR_ASSIGN expr
    (12) expr -> . IDENTIFIER MOD_ASSIGN expr
    (13) expr -> . IDENTIFIER EXP_ASSIGN expr
    (14) expr -> . IDENTIFIER POWER_ASSIGN expr
    (15) expr -> . IDENTIFIER TIMES_ASSIGN expr
    (16) expr -> . IDENTIFIER DIVIDE_CEIL_ASSIGN expr
    (17) expr -> . IDENTIFIER DIVIDE_FLOOR_ASSIGN expr
    (18) expr -> . IDENTIFIER DIVIDE_ASSIGN expr
    (19) expr -> . IDENTIFIER EQUALS_ASSIGN expr
    (20) expr -> . IDENTIFIER UNEQUALS_ASSIGN expr
    (21) expr -> . IDENTIFIER GREATER_EQUALS_ASSIGN expr
    (26) expr -> . expr LPAREN para_expr RPAREN
    (41) expr -> . expr CONS expr
    (46) expr -> . expr PLUS expr
    (47) expr -> . expr MINUS expr
    (48) expr -> . expr EXP expr
    (49) expr -> . expr MOD expr
    (50) expr -> . NOT expr
    (51) expr -> . PLUS expr
    (52) expr -> . MINUS expr
    (53) expr -> . expr IMAG
    (54) expr -> . comp
    (55) expr -> . assign_expr
    (56) expr -> . BEGIN sequence END
    (57) expr -> . BEGIN END
    (58) expr -> . expr POWER expr
    (59) expr -> . LET letrec_assign IN expr DOT
    (60) expr -> . OPEN_BRACKETS param_list CLOSED_BRACKETS
    (61) expr -> . OPEN_BRACKETS expr CLOSED_BRACKETS
    (62) expr -> . OPEN_BRACKETS CLOSED_BRACKETS
    (63) expr -> . STRUCT BEGIN assign_list END
    (64) expr -> . STRUCT BEGIN END
    (65) expr -> . expr TIMES expr
    (66) expr -> . expr DIVIDE_CEIL expr
    (67) expr -> . expr DIVIDE_FLOOR expr
    (68) expr -> . expr DIVIDE expr
    (69) expr -> . expr AND expr
    (70) expr -> . expr XOR expr
    (71) expr -> . expr OR expr
    (73) expr -> . FLOAT
    (74) expr -> . IF expr THEN COMMA expr DOT
    (75) expr -> . IF expr THEN COMMA expr else_elif_body DOT
    (76) expr -> . IMPORT file
    (77) expr -> . OPEN_BRACKETS expr DOT DOT expr CLOSED_BRACKETS
    (78) expr -> . CLOSED_BRACKETS expr DOT DOT expr CLOSED_BRACKETS
    (79) expr -> . OPEN_BRACKETS expr DOT DOT expr OPEN_BRACKETS
    (80) expr -> . CLOSED_BRACKETS expr DOT DOT expr OPEN_BRACKETS
    (81) expr -> . LAMBDA para ARROW type COLON expr
    (82) expr -> . NULL
    (85) expr -> . LPAREN param_list RPAREN
    (86) expr -> . LOOP IDENTIFIER IN expr LOOPTHEN expr DOT
    (87) expr -> . MATCH expr WITH cases DOT
    (88) expr -> . NUMBER
    (115) expr -> . LPAREN expr RPAREN
    (120) expr -> . STRING
    (130) expr -> . T_UNDEF expr
    (131) expr -> . IDENTIFIER
    (132) expr -> . WHILE expr THEN COMMA expr DOT
    (29) comp -> . expr EQUALS expr
    (30) comp -> . comp EQUALS expr
    (31) comp -> . expr GREATER_EQUALS expr
    (32) comp -> . comp GREATER_EQUALS expr
    (33) comp -> . expr UNEQUALS expr
    (34) comp -> . comp UNEQUALS expr
    (35) comp -> . expr GREATER_THAN expr
    (36) comp -> . comp GREATER_THAN expr
    (37) comp -> . expr SMALLER_THAN expr
    (38) comp -> . comp SMALLER_THAN expr
    (39) comp -> . expr SMALLER_EQUALS expr
    (40) comp -> . comp SMALLER_EQUALS expr
    (22) assign_expr -> . type IDENTIFIER ASSIGN expr
    (23) assign_expr -> . IDENTIFIER ASSIGN expr
    (121) type -> . T_INT
    (122) type -> . T_FLOAT
    (123) type -> . T_STRING
    (124) type -> . T_COMPLEX
    (125) type -> . LPAREN type_arg RPAREN ARROW type
    (126) type -> . type ARROW type
    (127) type -> . OPEN_BRACKETS CLOSED_BRACKETS type

    IDENTIFIER      shift and go to state 6
    NOT             shift and go to state 9
    PLUS            shift and go to state 4
    MINUS           shift and go to state 8
    BEGIN           shift and go to state 12
    LET             shift and go to state 13
    OPEN_BRACKETS   shift and go to state 3
    STRUCT          shift and go to state 14
    FLOAT           shift and go to state 15
    IF              shift and go to state 16
    IMPORT          shift and go to state 17
    CLOSED_BRACKETS shift and go to state 5
    LAMBDA          shift and go to state 18
    NULL            shift and go to state 20
    LPAREN          shift and go to state 7
    LOOP            shift and go to state 21
    MATCH           shift and go to state 22
    NUMBER          shift and go to state 23
    STRING          shift and go to state 24
    T_UNDEF         shift and go to state 25
    WHILE           shift and go to state 26
    T_INT           shift and go to state 27
    T_FLOAT         shift and go to state 28
    T_STRING        shift and go to state 29
    T_COMPLEX       shift and go to state 30

    program                        shift and go to state 1
    expr                           shift and go to state 2
    comp                           shift and go to state 10
    assign_expr                    shift and go to state 11
    type                           shift and go to state 19

state 1

    (0) S' -> program .



state 2

    (116) program -> expr .
    (1) expr -> expr . ARROW expr
    (2) expr -> expr . OPEN_BRACKETS PLUS CLOSED_BRACKETS
    (3) expr -> expr . OPEN_BRACKETS expr CLOSED_BRACKETS
    (26) expr -> expr . LPAREN para_expr RPAREN
    (41) expr -> expr . CONS expr
    (46) expr -> expr . PLUS expr
    (47) expr -> expr . MINUS expr
    (48) expr -> expr . EXP expr
    (49) expr -> expr . MOD expr
    (53) expr -> expr . IMAG
    (58) expr -> expr . POWER expr
    (65) expr -> expr . TIMES expr
    (66) expr -> expr . DIVIDE_CEIL expr
    (67) expr -> expr . DIVIDE_FLOOR expr
    (68) expr -> expr . DIVIDE expr
    (69) expr -> expr . AND expr
    (70) expr -> expr . XOR expr
    (71) expr -> expr . OR expr
    (29) comp -> expr . EQUALS expr
    (31) comp -> expr . GREATER_EQUALS expr
    (33) comp -> expr . UNEQUALS expr
    (35) comp -> expr . GREATER_THAN expr
    (37) comp -> expr . SMALLER_THAN expr
    (39) comp -> expr . SMALLER_EQUALS expr

    $end            reduce using rule 116 (program -> expr .)
    ARROW           shift and go to state 31
    OPEN_BRACKETS   shift and go to state 32
    LPAREN          shift and go to state 34
    CONS            shift and go to state 35
    PLUS            shift and go to state 33
    MINUS           shift and go to state 36
    EXP             shift and go to state 37
    MOD             shift and go to state 38
    IMAG            shift and go to state 39
    POWER           shift and go to state 40
    TIMES           shift and go to state 41
    DIVIDE_CEIL     shift and go to state 42
    DIVIDE_FLOOR    shift and go to state 43
    DIVIDE          shift and go to state 44
    AND             shift and go to state 45
    XOR             shift and go to state 46
    OR              shift and go to state 47
    EQUALS          shift and go to state 48
    GREATER_EQUALS  shift and go to state 49
    UNEQUALS        shift and go to state 50
    GREATER_THAN    shift and go to state 51
    SMALLER_THAN    shift and go to state 52
    SMALLER_EQUALS  shift and go to state 53


state 3

    (60) expr -> OPEN_BRACKETS . param_list CLOSED_BRACKETS
    (61) expr -> OPEN_BRACKETS . expr CLOSED_BRACKETS
    (62) expr -> OPEN_BRACKETS . CLOSED_BRACKETS
    (77) expr -> OPEN_BRACKETS . expr DOT DOT expr CLOSED_BRACKETS
    (79) expr -> OPEN_BRACKETS . expr DOT DOT expr OPEN_BRACKETS
    (127) type -> OPEN_BRACKETS . CLOSED_BRACKETS type
    (104) param_list -> . param_list COMMA expr
    (105) param_list -> . expr COMMA expr
    (1) expr -> . expr ARROW expr
    (2) expr -> . expr OPEN_BRACKETS PLUS CLOSED_BRACKETS
    (3) expr -> . expr OPEN_BRACKETS expr CLOSED_BRACKETS
    (4) expr -> . IDENTIFIER PLUS_ASSIGN expr
    (5) expr -> . IDENTIFIER MINUS_ASSIGN expr
    (6) expr -> . IDENTIFIER SMALLER_EQUALS_ASSIGN expr
    (7) expr -> . IDENTIFIER GREATER_THAN_ASSIGN expr
    (8) expr -> . IDENTIFIER SMALLER_THAN_ASSIGN expr
    (9) expr -> . IDENTIFIER AND_ASSIGN expr
    (10) expr -> . IDENTIFIER OR_ASSIGN expr
    (11) expr -> . IDENTIFIER XOR_ASSIGN expr
    (12) expr -> . IDENTIFIER MOD_ASSIGN expr
    (13) expr -> . IDENTIFIER EXP_ASSIGN expr
    (14) expr -> . IDENTIFIER POWER_ASSIGN expr
    (15) expr -> . IDENTIFIER TIMES_ASSIGN expr
    (16) expr -> . IDENTIFIER DIVIDE_CEIL_ASSIGN expr
    (17) expr -> . IDENTIFIER DIVIDE_FLOOR_ASSIGN expr
    (18) expr -> . IDENTIFIER DIVIDE_ASSIGN expr
    (19) expr -> . IDENTIFIER EQUALS_ASSIGN expr
    (20) expr -> . IDENTIFIER UNEQUALS_ASSIGN expr
    (21) expr -> . IDENTIFIER GREATER_EQUALS_ASSIGN expr
    (26) expr -> . expr LPAREN para_expr RPAREN
    (41) expr -> . expr CONS expr
    (46) expr -> . expr PLUS expr
    (47) expr -> . expr MINUS expr
    (48) expr -> . expr EXP expr
    (49) expr -> . expr MOD expr
    (50) expr -> . NOT expr
    (51) expr -> . PLUS expr
    (52) expr -> . MINUS expr
    (53) expr -> . expr IMAG
    (54) expr -> . comp
    (55) expr -> . assign_expr
    (56) expr -> . BEGIN sequence END
    (57) expr -> . BEGIN END
    (58) expr -> . expr POWER expr
    (59) expr -> . LET letrec_assign IN expr DOT
    (60) expr -> . OPEN_BRACKETS param_list CLOSED_BRACKETS
    (61) expr -> . OPEN_BRACKETS expr CLOSED_BRACKETS
    (62) expr -> . OPEN_BRACKETS CLOSED_BRACKETS
    (63) expr -> . STRUCT BEGIN assign_list END
    (64) expr -> . STRUCT BEGIN END
    (65) expr -> . expr TIMES expr
    (66) expr -> . expr DIVIDE_CEIL expr
    (67) expr -> . expr DIVIDE_FLOOR expr
    (68) expr -> . expr DIVIDE expr
    (69) expr -> . expr AND expr
    (70) expr -> . expr XOR expr
    (71) expr -> . expr OR expr
    (73) expr -> . FLOAT
    (74) expr -> . IF expr THEN COMMA expr DOT
    (75) expr -> . IF expr THEN COMMA expr else_elif_body DOT
    (76) expr -> . IMPORT file
    (77) expr -> . OPEN_BRACKETS expr DOT DOT expr CLOSED_BRACKETS
    (78) expr -> . CLOSED_BRACKETS expr DOT DOT expr CLOSED_BRACKETS
    (79) expr -> . OPEN_BRACKETS expr DOT DOT expr OPEN_BRACKETS
    (80) expr -> . CLOSED_BRACKETS expr DOT DOT expr OPEN_BRACKETS
    (81) expr -> . LAMBDA para ARROW type COLON expr
    (82) expr -> . NULL
    (85) expr -> . LPAREN param_list RPAREN
    (86) expr -> . LOOP IDENTIFIER IN expr LOOPTHEN expr DOT
    (87) expr -> . MATCH expr WITH cases DOT
    (88) expr -> . NUMBER
    (115) expr -> . LPAREN expr RPAREN
    (120) expr -> . STRING
    (130) expr -> . T_UNDEF expr
    (131) expr -> . IDENTIFIER
    (132) expr -> . WHILE expr THEN COMMA expr DOT
    (29) comp -> . expr EQUALS expr
    (30) comp -> . comp EQUALS expr
    (31) comp -> . expr GREATER_EQUALS expr
    (32) comp -> . comp GREATER_EQUALS expr
    (33) comp -> . expr UNEQUALS expr
    (34) comp -> . comp UNEQUALS expr
    (35) comp -> . expr GREATER_THAN expr
    (36) comp -> . comp GREATER_THAN expr
    (37) comp -> . expr SMALLER_THAN expr
    (38) comp -> . comp SMALLER_THAN expr
    (39) comp -> . expr SMALLER_EQUALS expr
    (40) comp -> . comp SMALLER_EQUALS expr
    (22) assign_expr -> . type IDENTIFIER ASSIGN expr
    (23) assign_expr -> . IDENTIFIER ASSIGN expr
    (121) type -> . T_INT
    (122) type -> . T_FLOAT
    (123) type -> . T_STRING
    (124) type -> . T_COMPLEX
    (125) type -> . LPAREN type_arg RPAREN ARROW type
    (126) type -> . type ARROW type
    (127) type -> . OPEN_BRACKETS CLOSED_BRACKETS type

    CLOSED_BRACKETS shift and go to state 55
    IDENTIFIER      shift and go to state 6
    NOT             shift and go to state 9
    PLUS            shift and go to state 4
    MINUS           shift and go to state 8
    BEGIN           shift and go to state 12
    LET             shift and go to state 13
    OPEN_BRACKETS   shift and go to state 3
    STRUCT          shift and go to state 14
    FLOAT           shift and go to state 15
    IF              shift and go to state 16
    IMPORT          shift and go to state 17
    LAMBDA          shift and go to state 18
    NULL            shift and go to state 20
    LPAREN          shift and go to state 7
    LOOP            shift and go to state 21
    MATCH           shift and go to state 22
    NUMBER          shift and go to state 23
    STRING          shift and go to state 24
    T_UNDEF         shift and go to state 25
    WHILE           shift and go to state 26
    T_INT           shift and go to state 27
    T_FLOAT         shift and go to state 28
    T_STRING        shift and go to state 29
    T_COMPLEX       shift and go to state 30

    param_list                     shift and go to state 54
    expr                           shift and go to state 56
    type                           shift and go to state 19
    comp                           shift and go to state 10
    assign_expr                    shift and go to state 11

state 4

    (51) expr -> PLUS . expr
    (1) expr -> . expr ARROW expr
    (2) expr -> . expr OPEN_BRACKETS PLUS CLOSED_BRACKETS
    (3) expr -> . expr OPEN_BRACKETS expr CLOSED_BRACKETS
    (4) expr -> . IDENTIFIER PLUS_ASSIGN expr
    (5) expr -> . IDENTIFIER MINUS_ASSIGN expr
    (6) expr -> . IDENTIFIER SMALLER_EQUALS_ASSIGN expr
    (7) expr -> . IDENTIFIER GREATER_THAN_ASSIGN expr
    (8) expr -> . IDENTIFIER SMALLER_THAN_ASSIGN expr
    (9) expr -> . IDENTIFIER AND_ASSIGN expr
    (10) expr -> . IDENTIFIER OR_ASSIGN expr
    (11) expr -> . IDENTIFIER XOR_ASSIGN expr
    (12) expr -> . IDENTIFIER MOD_ASSIGN expr
    (13) expr -> . IDENTIFIER EXP_ASSIGN expr
    (14) expr -> . IDENTIFIER POWER_ASSIGN expr
    (15) expr -> . IDENTIFIER TIMES_ASSIGN expr
    (16) expr -> . IDENTIFIER DIVIDE_CEIL_ASSIGN expr
    (17) expr -> . IDENTIFIER DIVIDE_FLOOR_ASSIGN expr
    (18) expr -> . IDENTIFIER DIVIDE_ASSIGN expr
    (19) expr -> . IDENTIFIER EQUALS_ASSIGN expr
    (20) expr -> . IDENTIFIER UNEQUALS_ASSIGN expr
    (21) expr -> . IDENTIFIER GREATER_EQUALS_ASSIGN expr
    (26) expr -> . expr LPAREN para_expr RPAREN
    (41) expr -> . expr CONS expr
    (46) expr -> . expr PLUS expr
    (47) expr -> . expr MINUS expr
    (48) expr -> . expr EXP expr
    (49) expr -> . expr MOD expr
    (50) expr -> . NOT expr
    (51) expr -> . PLUS expr
    (52) expr -> . MINUS expr
    (53) expr -> . expr IMAG
    (54) expr -> . comp
    (55) expr -> . assign_expr
    (56) expr -> . BEGIN sequence END
    (57) expr -> . BEGIN END
    (58) expr -> . expr POWER expr
    (59) expr -> . LET letrec_assign IN expr DOT
    (60) expr -> . OPEN_BRACKETS param_list CLOSED_BRACKETS
    (61) expr -> . OPEN_BRACKETS expr CLOSED_BRACKETS
    (62) expr -> . OPEN_BRACKETS CLOSED_BRACKETS
    (63) expr -> . STRUCT BEGIN assign_list END
    (64) expr -> . STRUCT BEGIN END
    (65) expr -> . expr TIMES expr
    (66) expr -> . expr DIVIDE_CEIL expr
    (67) expr -> . expr DIVIDE_FLOOR expr
    (68) expr -> . expr DIVIDE expr
    (69) expr -> . expr AND expr
    (70) expr -> . expr XOR expr
    (71) expr -> . expr OR expr
    (73) expr -> . FLOAT
    (74) expr -> . IF expr THEN COMMA expr DOT
    (75) expr -> . IF expr THEN COMMA expr else_elif_body DOT
    (76) expr -> . IMPORT file
    (77) expr -> . OPEN_BRACKETS expr DOT DOT expr CLOSED_BRACKETS
    (78) expr -> . CLOSED_BRACKETS expr DOT DOT expr CLOSED_BRACKETS
    (79) expr -> . OPEN_BRACKETS expr DOT DOT expr OPEN_BRACKETS
    (80) expr -> . CLOSED_BRACKETS expr DOT DOT expr OPEN_BRACKETS
    (81) expr -> . LAMBDA para ARROW type COLON expr
    (82) expr -> . NULL
    (85) expr -> . LPAREN param_list RPAREN
    (86) expr -> . LOOP IDENTIFIER IN expr LOOPTHEN expr DOT
    (87) expr -> . MATCH expr WITH cases DOT
    (88) expr -> . NUMBER
    (115) expr -> . LPAREN expr RPAREN
    (120) expr -> . STRING
    (130) expr -> . T_UNDEF expr
    (131) expr -> . IDENTIFIER
    (132) expr -> . WHILE expr THEN COMMA expr DOT
    (29) comp -> . expr EQUALS expr
    (30) comp -> . comp EQUALS expr
    (31) comp -> . expr GREATER_EQUALS expr
    (32) comp -> . comp GREATER_EQUALS expr
    (33) comp -> . expr UNEQUALS expr
    (34) comp -> . comp UNEQUALS expr
    (35) comp -> . expr GREATER_THAN expr
    (36) comp -> . comp GREATER_THAN expr
    (37) comp -> . expr SMALLER_THAN expr
    (38) comp -> . comp SMALLER_THAN expr
    (39) comp -> . expr SMALLER_EQUALS expr
    (40) comp -> . comp SMALLER_EQUALS expr
    (22) assign_expr -> . type IDENTIFIER ASSIGN expr
    (23) assign_expr -> . IDENTIFIER ASSIGN expr
    (121) type -> . T_INT
    (122) type -> . T_FLOAT
    (123) type -> . T_STRING
    (124) type -> . T_COMPLEX
    (125) type -> . LPAREN type_arg RPAREN ARROW type
    (126) type -> . type ARROW type
    (127) type -> . OPEN_BRACKETS CLOSED_BRACKETS type

    IDENTIFIER      shift and go to state 6
    NOT             shift and go to state 9
    PLUS            shift and go to state 4
    MINUS           shift and go to state 8
    BEGIN           shift and go to state 12
    LET             shift and go to state 13
    OPEN_BRACKETS   shift and go to state 3
    STRUCT          shift and go to state 14
    FLOAT           shift and go to state 15
    IF              shift and go to state 16
    IMPORT          shift and go to state 17
    CLOSED_BRACKETS shift and go to state 5
    LAMBDA          shift and go to state 18
    NULL            shift and go to state 20
    LPAREN          shift and go to state 7
    LOOP            shift and go to state 21
    MATCH           shift and go to state 22
    NUMBER          shift and go to state 23
    STRING          shift and go to state 24
    T_UNDEF         shift and go to state 25
    WHILE           shift and go to state 26
    T_INT           shift and go to state 27
    T_FLOAT         shift and go to state 28
    T_STRING        shift and go to state 29
    T_COMPLEX       shift and go to state 30

    expr                           shift and go to state 57
    comp                           shift and go to state 10
    assign_expr                    shift and go to state 11
    type                           shift and go to state 19

state 5

    (78) expr -> CLOSED_BRACKETS . expr DOT DOT expr CLOSED_BRACKETS
    (80) expr -> CLOSED_BRACKETS . expr DOT DOT expr OPEN_BRACKETS
    (1) expr -> . expr ARROW expr
    (2) expr -> . expr OPEN_BRACKETS PLUS CLOSED_BRACKETS
    (3) expr -> . expr OPEN_BRACKETS expr CLOSED_BRACKETS
    (4) expr -> . IDENTIFIER PLUS_ASSIGN expr
    (5) expr -> . IDENTIFIER MINUS_ASSIGN expr
    (6) expr -> . IDENTIFIER SMALLER_EQUALS_ASSIGN expr
    (7) expr -> . IDENTIFIER GREATER_THAN_ASSIGN expr
    (8) expr -> . IDENTIFIER SMALLER_THAN_ASSIGN expr
    (9) expr -> . IDENTIFIER AND_ASSIGN expr
    (10) expr -> . IDENTIFIER OR_ASSIGN expr
    (11) expr -> . IDENTIFIER XOR_ASSIGN expr
    (12) expr -> . IDENTIFIER MOD_ASSIGN expr
    (13) expr -> . IDENTIFIER EXP_ASSIGN expr
    (14) expr -> . IDENTIFIER POWER_ASSIGN expr
    (15) expr -> . IDENTIFIER TIMES_ASSIGN expr
    (16) expr -> . IDENTIFIER DIVIDE_CEIL_ASSIGN expr
    (17) expr -> . IDENTIFIER DIVIDE_FLOOR_ASSIGN expr
    (18) expr -> . IDENTIFIER DIVIDE_ASSIGN expr
    (19) expr -> . IDENTIFIER EQUALS_ASSIGN expr
    (20) expr -> . IDENTIFIER UNEQUALS_ASSIGN expr
    (21) expr -> . IDENTIFIER GREATER_EQUALS_ASSIGN expr
    (26) expr -> . expr LPAREN para_expr RPAREN
    (41) expr -> . expr CONS expr
    (46) expr -> . expr PLUS expr
    (47) expr -> . expr MINUS expr
    (48) expr -> . expr EXP expr
    (49) expr -> . expr MOD expr
    (50) expr -> . NOT expr
    (51) expr -> . PLUS expr
    (52) expr -> . MINUS expr
    (53) expr -> . expr IMAG
    (54) expr -> . comp
    (55) expr -> . assign_expr
    (56) expr -> . BEGIN sequence END
    (57) expr -> . BEGIN END
    (58) expr -> . expr POWER expr
    (59) expr -> . LET letrec_assign IN expr DOT
    (60) expr -> . OPEN_BRACKETS param_list CLOSED_BRACKETS
    (61) expr -> . OPEN_BRACKETS expr CLOSED_BRACKETS
    (62) expr -> . OPEN_BRACKETS CLOSED_BRACKETS
    (63) expr -> . STRUCT BEGIN assign_list END
    (64) expr -> . STRUCT BEGIN END
    (65) expr -> . expr TIMES expr
    (66) expr -> . expr DIVIDE_CEIL expr
    (67) expr -> . expr DIVIDE_FLOOR expr
    (68) expr -> . expr DIVIDE expr
    (69) expr -> . expr AND expr
    (70) expr -> . expr XOR expr
    (71) expr -> . expr OR expr
    (73) expr -> . FLOAT
    (74) expr -> . IF expr THEN COMMA expr DOT
    (75) expr -> . IF expr THEN COMMA expr else_elif_body DOT
    (76) expr -> . IMPORT file
    (77) expr -> . OPEN_BRACKETS expr DOT DOT expr CLOSED_BRACKETS
    (78) expr -> . CLOSED_BRACKETS expr DOT DOT expr CLOSED_BRACKETS
    (79) expr -> . OPEN_BRACKETS expr DOT DOT expr OPEN_BRACKETS
    (80) expr -> . CLOSED_BRACKETS expr DOT DOT expr OPEN_BRACKETS
    (81) expr -> . LAMBDA para ARROW type COLON expr
    (82) expr -> . NULL
    (85) expr -> . LPAREN param_list RPAREN
    (86) expr -> . LOOP IDENTIFIER IN expr LOOPTHEN expr DOT
    (87) expr -> . MATCH expr WITH cases DOT
    (88) expr -> . NUMBER
    (115) expr -> . LPAREN expr RPAREN
    (120) expr -> . STRING
    (130) expr -> . T_UNDEF expr
    (131) expr -> . IDENTIFIER
    (132) expr -> . WHILE expr THEN COMMA expr DOT
    (29) comp -> . expr EQUALS expr
    (30) comp -> . comp EQUALS expr
    (31) comp -> . expr GREATER_EQUALS expr
    (32) comp -> . comp GREATER_EQUALS expr
    (33) comp -> . expr UNEQUALS expr
    (34) comp -> . comp UNEQUALS expr
    (35) comp -> . expr GREATER_THAN expr
    (36) comp -> . comp GREATER_THAN expr
    (37) comp -> . expr SMALLER_THAN expr
    (38) comp -> . comp SMALLER_THAN expr
    (39) comp -> . expr SMALLER_EQUALS expr
    (40) comp -> . comp SMALLER_EQUALS expr
    (22) assign_expr -> . type IDENTIFIER ASSIGN expr
    (23) assign_expr -> . IDENTIFIER ASSIGN expr
    (121) type -> . T_INT
    (122) type -> . T_FLOAT
    (123) type -> . T_STRING
    (124) type -> . T_COMPLEX
    (125) type -> . LPAREN type_arg RPAREN ARROW type
    (126) type -> . type ARROW type
    (127) type -> . OPEN_BRACKETS CLOSED_BRACKETS type

    IDENTIFIER      shift and go to state 6
    NOT             shift and go to state 9
    PLUS            shift and go to state 4
    MINUS           shift and go to state 8
    BEGIN           shift and go to state 12
    LET             shift and go to state 13
    OPEN_BRACKETS   shift and go to state 3
    STRUCT          shift and go to state 14
    FLOAT           shift and go to state 15
    IF              shift and go to state 16
    IMPORT          shift and go to state 17
    CLOSED_BRACKETS shift and go to state 5
    LAMBDA          shift and go to state 18
    NULL            shift and go to state 20
    LPAREN          shift and go to state 7
    LOOP            shift and go to state 21
    MATCH           shift and go to state 22
    NUMBER          shift and go to state 23
    STRING          shift and go to state 24
    T_UNDEF         shift and go to state 25
    WHILE           shift and go to state 26
    T_INT           shift and go to state 27
    T_FLOAT         shift and go to state 28
    T_STRING        shift and go to state 29
    T_COMPLEX       shift and go to state 30

    expr                           shift and go to state 58
    comp                           shift and go to state 10
    assign_expr                    shift and go to state 11
    type                           shift and go to state 19

state 6

    (4) expr -> IDENTIFIER . PLUS_ASSIGN expr
    (5) expr -> IDENTIFIER . MINUS_ASSIGN expr
    (6) expr -> IDENTIFIER . SMALLER_EQUALS_ASSIGN expr
    (7) expr -> IDENTIFIER . GREATER_THAN_ASSIGN expr
    (8) expr -> IDENTIFIER . SMALLER_THAN_ASSIGN expr
    (9) expr -> IDENTIFIER . AND_ASSIGN expr
    (10) expr -> IDENTIFIER . OR_ASSIGN expr
    (11) expr -> IDENTIFIER . XOR_ASSIGN expr
    (12) expr -> IDENTIFIER . MOD_ASSIGN expr
    (13) expr -> IDENTIFIER . EXP_ASSIGN expr
    (14) expr -> IDENTIFIER . POWER_ASSIGN expr
    (15) expr -> IDENTIFIER . TIMES_ASSIGN expr
    (16) expr -> IDENTIFIER . DIVIDE_CEIL_ASSIGN expr
    (17) expr -> IDENTIFIER . DIVIDE_FLOOR_ASSIGN expr
    (18) expr -> IDENTIFIER . DIVIDE_ASSIGN expr
    (19) expr -> IDENTIFIER . EQUALS_ASSIGN expr
    (20) expr -> IDENTIFIER . UNEQUALS_ASSIGN expr
    (21) expr -> IDENTIFIER . GREATER_EQUALS_ASSIGN expr
    (131) expr -> IDENTIFIER .
    (23) assign_expr -> IDENTIFIER . ASSIGN expr

    PLUS_ASSIGN     shift and go to state 59
    MINUS_ASSIGN    shift and go to state 60
    SMALLER_EQUALS_ASSIGN shift and go to state 61
    GREATER_THAN_ASSIGN shift and go to state 62
    SMALLER_THAN_ASSIGN shift and go to state 63
    AND_ASSIGN      shift and go to state 64
    OR_ASSIGN       shift and go to state 65
    XOR_ASSIGN      shift and go to state 66
    MOD_ASSIGN      shift and go to state 67
    EXP_ASSIGN      shift and go to state 68
    POWER_ASSIGN    shift and go to state 69
    TIMES_ASSIGN    shift and go to state 70
    DIVIDE_CEIL_ASSIGN shift and go to state 71
    DIVIDE_FLOOR_ASSIGN shift and go to state 72
    DIVIDE_ASSIGN   shift and go to state 73
    EQUALS_ASSIGN   shift and go to state 74
    UNEQUALS_ASSIGN shift and go to state 75
    GREATER_EQUALS_ASSIGN shift and go to state 76
    ARROW           reduce using rule 131 (expr -> IDENTIFIER .)
    OPEN_BRACKETS   reduce using rule 131 (expr -> IDENTIFIER .)
    LPAREN          reduce using rule 131 (expr -> IDENTIFIER .)
    CONS            reduce using rule 131 (expr -> IDENTIFIER .)
    PLUS            reduce using rule 131 (expr -> IDENTIFIER .)
    MINUS           reduce using rule 131 (expr -> IDENTIFIER .)
    EXP             reduce using rule 131 (expr -> IDENTIFIER .)
    MOD             reduce using rule 131 (expr -> IDENTIFIER .)
    IMAG            reduce using rule 131 (expr -> IDENTIFIER .)
    POWER           reduce using rule 131 (expr -> IDENTIFIER .)
    TIMES           reduce using rule 131 (expr -> IDENTIFIER .)
    DIVIDE_CEIL     reduce using rule 131 (expr -> IDENTIFIER .)
    DIVIDE_FLOOR    reduce using rule 131 (expr -> IDENTIFIER .)
    DIVIDE          reduce using rule 131 (expr -> IDENTIFIER .)
    AND             reduce using rule 131 (expr -> IDENTIFIER .)
    XOR             reduce using rule 131 (expr -> IDENTIFIER .)
    OR              reduce using rule 131 (expr -> IDENTIFIER .)
    EQUALS          reduce using rule 131 (expr -> IDENTIFIER .)
    GREATER_EQUALS  reduce using rule 131 (expr -> IDENTIFIER .)
    UNEQUALS        reduce using rule 131 (expr -> IDENTIFIER .)
    GREATER_THAN    reduce using rule 131 (expr -> IDENTIFIER .)
    SMALLER_THAN    reduce using rule 131 (expr -> IDENTIFIER .)
    SMALLER_EQUALS  reduce using rule 131 (expr -> IDENTIFIER .)
    $end            reduce using rule 131 (expr -> IDENTIFIER .)
    CLOSED_BRACKETS reduce using rule 131 (expr -> IDENTIFIER .)
    DOT             reduce using rule 131 (expr -> IDENTIFIER .)
    COMMA           reduce using rule 131 (expr -> IDENTIFIER .)
    RPAREN          reduce using rule 131 (expr -> IDENTIFIER .)
    SEMICOLON       reduce using rule 131 (expr -> IDENTIFIER .)
    END             reduce using rule 131 (expr -> IDENTIFIER .)
    THEN            reduce using rule 131 (expr -> IDENTIFIER .)
    WITH            reduce using rule 131 (expr -> IDENTIFIER .)
    COLON           reduce using rule 131 (expr -> IDENTIFIER .)
    IN              reduce using rule 131 (expr -> IDENTIFIER .)
    LOOPTHEN        reduce using rule 131 (expr -> IDENTIFIER .)
    ELSE            reduce using rule 131 (expr -> IDENTIFIER .)
    ASSIGN          shift and go to state 77


state 7

    (85) expr -> LPAREN . param_list RPAREN
    (115) expr -> LPAREN . expr RPAREN
    (125) type -> LPAREN . type_arg RPAREN ARROW type
    (104) param_list -> . param_list COMMA expr
    (105) param_list -> . expr COMMA expr
    (1) expr -> . expr ARROW expr
    (2) expr -> . expr OPEN_BRACKETS PLUS CLOSED_BRACKETS
    (3) expr -> . expr OPEN_BRACKETS expr CLOSED_BRACKETS
    (4) expr -> . IDENTIFIER PLUS_ASSIGN expr
    (5) expr -> . IDENTIFIER MINUS_ASSIGN expr
    (6) expr -> . IDENTIFIER SMALLER_EQUALS_ASSIGN expr
    (7) expr -> . IDENTIFIER GREATER_THAN_ASSIGN expr
    (8) expr -> . IDENTIFIER SMALLER_THAN_ASSIGN expr
    (9) expr -> . IDENTIFIER AND_ASSIGN expr
    (10) expr -> . IDENTIFIER OR_ASSIGN expr
    (11) expr -> . IDENTIFIER XOR_ASSIGN expr
    (12) expr -> . IDENTIFIER MOD_ASSIGN expr
    (13) expr -> . IDENTIFIER EXP_ASSIGN expr
    (14) expr -> . IDENTIFIER POWER_ASSIGN expr
    (15) expr -> . IDENTIFIER TIMES_ASSIGN expr
    (16) expr -> . IDENTIFIER DIVIDE_CEIL_ASSIGN expr
    (17) expr -> . IDENTIFIER DIVIDE_FLOOR_ASSIGN expr
    (18) expr -> . IDENTIFIER DIVIDE_ASSIGN expr
    (19) expr -> . IDENTIFIER EQUALS_ASSIGN expr
    (20) expr -> . IDENTIFIER UNEQUALS_ASSIGN expr
    (21) expr -> . IDENTIFIER GREATER_EQUALS_ASSIGN expr
    (26) expr -> . expr LPAREN para_expr RPAREN
    (41) expr -> . expr CONS expr
    (46) expr -> . expr PLUS expr
    (47) expr -> . expr MINUS expr
    (48) expr -> . expr EXP expr
    (49) expr -> . expr MOD expr
    (50) expr -> . NOT expr
    (51) expr -> . PLUS expr
    (52) expr -> . MINUS expr
    (53) expr -> . expr IMAG
    (54) expr -> . comp
    (55) expr -> . assign_expr
    (56) expr -> . BEGIN sequence END
    (57) expr -> . BEGIN END
    (58) expr -> . expr POWER expr
    (59) expr -> . LET letrec_assign IN expr DOT
    (60) expr -> . OPEN_BRACKETS param_list CLOSED_BRACKETS
    (61) expr -> . OPEN_BRACKETS expr CLOSED_BRACKETS
    (62) expr -> . OPEN_BRACKETS CLOSED_BRACKETS
    (63) expr -> . STRUCT BEGIN assign_list END
    (64) expr -> . STRUCT BEGIN END
    (65) expr -> . expr TIMES expr
    (66) expr -> . expr DIVIDE_CEIL expr
    (67) expr -> . expr DIVIDE_FLOOR expr
    (68) expr -> . expr DIVIDE expr
    (69) expr -> . expr AND expr
    (70) expr -> . expr XOR expr
    (71) expr -> . expr OR expr
    (73) expr -> . FLOAT
    (74) expr -> . IF expr THEN COMMA expr DOT
    (75) expr -> . IF expr THEN COMMA expr else_elif_body DOT
    (76) expr -> . IMPORT file
    (77) expr -> . OPEN_BRACKETS expr DOT DOT expr CLOSED_BRACKETS
    (78) expr -> . CLOSED_BRACKETS expr DOT DOT expr CLOSED_BRACKETS
    (79) expr -> . OPEN_BRACKETS expr DOT DOT expr OPEN_BRACKETS
    (80) expr -> . CLOSED_BRACKETS expr DOT DOT expr OPEN_BRACKETS
    (81) expr -> . LAMBDA para ARROW type COLON expr
    (82) expr -> . NULL
    (85) expr -> . LPAREN param_list RPAREN
    (86) expr -> . LOOP IDENTIFIER IN expr LOOPTHEN expr DOT
    (87) expr -> . MATCH expr WITH cases DOT
    (88) expr -> . NUMBER
    (115) expr -> . LPAREN expr RPAREN
    (120) expr -> . STRING
    (130) expr -> . T_UNDEF expr
    (131) expr -> . IDENTIFIER
    (132) expr -> . WHILE expr THEN COMMA expr DOT
    (128) type_arg -> . type COMMA type_arg
    (129) type_arg -> . type
    (29) comp -> . expr EQUALS expr
    (30) comp -> . comp EQUALS expr
    (31) comp -> . expr GREATER_EQUALS expr
    (32) comp -> . comp GREATER_EQUALS expr
    (33) comp -> . expr UNEQUALS expr
    (34) comp -> . comp UNEQUALS expr
    (35) comp -> . expr GREATER_THAN expr
    (36) comp -> . comp GREATER_THAN expr
    (37) comp -> . expr SMALLER_THAN expr
    (38) comp -> . comp SMALLER_THAN expr
    (39) comp -> . expr SMALLER_EQUALS expr
    (40) comp -> . comp SMALLER_EQUALS expr
    (22) assign_expr -> . type IDENTIFIER ASSIGN expr
    (23) assign_expr -> . IDENTIFIER ASSIGN expr
    (121) type -> . T_INT
    (122) type -> . T_FLOAT
    (123) type -> . T_STRING
    (124) type -> . T_COMPLEX
    (125) type -> . LPAREN type_arg RPAREN ARROW type
    (126) type -> . type ARROW type
    (127) type -> . OPEN_BRACKETS CLOSED_BRACKETS type

    IDENTIFIER      shift and go to state 6
    NOT             shift and go to state 9
    PLUS            shift and go to state 4
    MINUS           shift and go to state 8
    BEGIN           shift and go to state 12
    LET             shift and go to state 13
    OPEN_BRACKETS   shift and go to state 3
    STRUCT          shift and go to state 14
    FLOAT           shift and go to state 15
    IF              shift and go to state 16
    IMPORT          shift and go to state 17
    CLOSED_BRACKETS shift and go to state 5
    LAMBDA          shift and go to state 18
    NULL            shift and go to state 20
    LPAREN          shift and go to state 7
    LOOP            shift and go to state 21
    MATCH           shift and go to state 22
    NUMBER          shift and go to state 23
    STRING          shift and go to state 24
    T_UNDEF         shift and go to state 25
    WHILE           shift and go to state 26
    T_INT           shift and go to state 27
    T_FLOAT         shift and go to state 28
    T_STRING        shift and go to state 29
    T_COMPLEX       shift and go to state 30

    param_list                     shift and go to state 78
    expr                           shift and go to state 79
    type_arg                       shift and go to state 80
    type                           shift and go to state 81
    comp                           shift and go to state 10
    assign_expr                    shift and go to state 11

state 8

    (52) expr -> MINUS . expr
    (1) expr -> . expr ARROW expr
    (2) expr -> . expr OPEN_BRACKETS PLUS CLOSED_BRACKETS
    (3) expr -> . expr OPEN_BRACKETS expr CLOSED_BRACKETS
    (4) expr -> . IDENTIFIER PLUS_ASSIGN expr
    (5) expr -> . IDENTIFIER MINUS_ASSIGN expr
    (6) expr -> . IDENTIFIER SMALLER_EQUALS_ASSIGN expr
    (7) expr -> . IDENTIFIER GREATER_THAN_ASSIGN expr
    (8) expr -> . IDENTIFIER SMALLER_THAN_ASSIGN expr
    (9) expr -> . IDENTIFIER AND_ASSIGN expr
    (10) expr -> . IDENTIFIER OR_ASSIGN expr
    (11) expr -> . IDENTIFIER XOR_ASSIGN expr
    (12) expr -> . IDENTIFIER MOD_ASSIGN expr
    (13) expr -> . IDENTIFIER EXP_ASSIGN expr
    (14) expr -> . IDENTIFIER POWER_ASSIGN expr
    (15) expr -> . IDENTIFIER TIMES_ASSIGN expr
    (16) expr -> . IDENTIFIER DIVIDE_CEIL_ASSIGN expr
    (17) expr -> . IDENTIFIER DIVIDE_FLOOR_ASSIGN expr
    (18) expr -> . IDENTIFIER DIVIDE_ASSIGN expr
    (19) expr -> . IDENTIFIER EQUALS_ASSIGN expr
    (20) expr -> . IDENTIFIER UNEQUALS_ASSIGN expr
    (21) expr -> . IDENTIFIER GREATER_EQUALS_ASSIGN expr
    (26) expr -> . expr LPAREN para_expr RPAREN
    (41) expr -> . expr CONS expr
    (46) expr -> . expr PLUS expr
    (47) expr -> . expr MINUS expr
    (48) expr -> . expr EXP expr
    (49) expr -> . expr MOD expr
    (50) expr -> . NOT expr
    (51) expr -> . PLUS expr
    (52) expr -> . MINUS expr
    (53) expr -> . expr IMAG
    (54) expr -> . comp
    (55) expr -> . assign_expr
    (56) expr -> . BEGIN sequence END
    (57) expr -> . BEGIN END
    (58) expr -> . expr POWER expr
    (59) expr -> . LET letrec_assign IN expr DOT
    (60) expr -> . OPEN_BRACKETS param_list CLOSED_BRACKETS
    (61) expr -> . OPEN_BRACKETS expr CLOSED_BRACKETS
    (62) expr -> . OPEN_BRACKETS CLOSED_BRACKETS
    (63) expr -> . STRUCT BEGIN assign_list END
    (64) expr -> . STRUCT BEGIN END
    (65) expr -> . expr TIMES expr
    (66) expr -> . expr DIVIDE_CEIL expr
    (67) expr -> . expr DIVIDE_FLOOR expr
    (68) expr -> . expr DIVIDE expr
    (69) expr -> . expr AND expr
    (70) expr -> . expr XOR expr
    (71) expr -> . expr OR expr
    (73) expr -> . FLOAT
    (74) expr -> . IF expr THEN COMMA expr DOT
    (75) expr -> . IF expr THEN COMMA expr else_elif_body DOT
    (76) expr -> . IMPORT file
    (77) expr -> . OPEN_BRACKETS expr DOT DOT expr CLOSED_BRACKETS
    (78) expr -> . CLOSED_BRACKETS expr DOT DOT expr CLOSED_BRACKETS
    (79) expr -> . OPEN_BRACKETS expr DOT DOT expr OPEN_BRACKETS
    (80) expr -> . CLOSED_BRACKETS expr DOT DOT expr OPEN_BRACKETS
    (81) expr -> . LAMBDA para ARROW type COLON expr
    (82) expr -> . NULL
    (85) expr -> . LPAREN param_list RPAREN
    (86) expr -> . LOOP IDENTIFIER IN expr LOOPTHEN expr DOT
    (87) expr -> . MATCH expr WITH cases DOT
    (88) expr -> . NUMBER
    (115) expr -> . LPAREN expr RPAREN
    (120) expr -> . STRING
    (130) expr -> . T_UNDEF expr
    (131) expr -> . IDENTIFIER
    (132) expr -> . WHILE expr THEN COMMA expr DOT
    (29) comp -> . expr EQUALS expr
    (30) comp -> . comp EQUALS expr
    (31) comp -> . expr GREATER_EQUALS expr
    (32) comp -> . comp GREATER_EQUALS expr
    (33) comp -> . expr UNEQUALS expr
    (34) comp -> . comp UNEQUALS expr
    (35) comp -> . expr GREATER_THAN expr
    (36) comp -> . comp GREATER_THAN expr
    (37) comp -> . expr SMALLER_THAN expr
    (38) comp -> . comp SMALLER_THAN expr
    (39) comp -> . expr SMALLER_EQUALS expr
    (40) comp -> . comp SMALLER_EQUALS expr
    (22) assign_expr -> . type IDENTIFIER ASSIGN expr
    (23) assign_expr -> . IDENTIFIER ASSIGN expr
    (121) type -> . T_INT
    (122) type -> . T_FLOAT
    (123) type -> . T_STRING
    (124) type -> . T_COMPLEX
    (125) type -> . LPAREN type_arg RPAREN ARROW type
    (126) type -> . type ARROW type
    (127) type -> . OPEN_BRACKETS CLOSED_BRACKETS type

    IDENTIFIER      shift and go to state 6
    NOT             shift and go to state 9
    PLUS            shift and go to state 4
    MINUS           shift and go to state 8
    BEGIN           shift and go to state 12
    LET             shift and go to state 13
    OPEN_BRACKETS   shift and go to state 3
    STRUCT          shift and go to state 14
    FLOAT           shift and go to state 15
    IF              shift and go to state 16
    IMPORT          shift and go to state 17
    CLOSED_BRACKETS shift and go to state 5
    LAMBDA          shift and go to state 18
    NULL            shift and go to state 20
    LPAREN          shift and go to state 7
    LOOP            shift and go to state 21
    MATCH           shift and go to state 22
    NUMBER          shift and go to state 23
    STRING          shift and go to state 24
    T_UNDEF         shift and go to state 25
    WHILE           shift and go to state 26
    T_INT           shift and go to state 27
    T_FLOAT         shift and go to state 28
    T_STRING        shift and go to state 29
    T_COMPLEX       shift and go to state 30

    expr                           shift and go to state 82
    comp                           shift and go to state 10
    assign_expr                    shift and go to state 11
    type                           shift and go to state 19

state 9

    (50) expr -> NOT . expr
    (1) expr -> . expr ARROW expr
    (2) expr -> . expr OPEN_BRACKETS PLUS CLOSED_BRACKETS
    (3) expr -> . expr OPEN_BRACKETS expr CLOSED_BRACKETS
    (4) expr -> . IDENTIFIER PLUS_ASSIGN expr
    (5) expr -> . IDENTIFIER MINUS_ASSIGN expr
    (6) expr -> . IDENTIFIER SMALLER_EQUALS_ASSIGN expr
    (7) expr -> . IDENTIFIER GREATER_THAN_ASSIGN expr
    (8) expr -> . IDENTIFIER SMALLER_THAN_ASSIGN expr
    (9) expr -> . IDENTIFIER AND_ASSIGN expr
    (10) expr -> . IDENTIFIER OR_ASSIGN expr
    (11) expr -> . IDENTIFIER XOR_ASSIGN expr
    (12) expr -> . IDENTIFIER MOD_ASSIGN expr
    (13) expr -> . IDENTIFIER EXP_ASSIGN expr
    (14) expr -> . IDENTIFIER POWER_ASSIGN expr
    (15) expr -> . IDENTIFIER TIMES_ASSIGN expr
    (16) expr -> . IDENTIFIER DIVIDE_CEIL_ASSIGN expr
    (17) expr -> . IDENTIFIER DIVIDE_FLOOR_ASSIGN expr
    (18) expr -> . IDENTIFIER DIVIDE_ASSIGN expr
    (19) expr -> . IDENTIFIER EQUALS_ASSIGN expr
    (20) expr -> . IDENTIFIER UNEQUALS_ASSIGN expr
    (21) expr -> . IDENTIFIER GREATER_EQUALS_ASSIGN expr
    (26) expr -> . expr LPAREN para_expr RPAREN
    (41) expr -> . expr CONS expr
    (46) expr -> . expr PLUS expr
    (47) expr -> . expr MINUS expr
    (48) expr -> . expr EXP expr
    (49) expr -> . expr MOD expr
    (50) expr -> . NOT expr
    (51) expr -> . PLUS expr
    (52) expr -> . MINUS expr
    (53) expr -> . expr IMAG
    (54) expr -> . comp
    (55) expr -> . assign_expr
    (56) expr -> . BEGIN sequence END
    (57) expr -> . BEGIN END
    (58) expr -> . expr POWER expr
    (59) expr -> . LET letrec_assign IN expr DOT
    (60) expr -> . OPEN_BRACKETS param_list CLOSED_BRACKETS
    (61) expr -> . OPEN_BRACKETS expr CLOSED_BRACKETS
    (62) expr -> . OPEN_BRACKETS CLOSED_BRACKETS
    (63) expr -> . STRUCT BEGIN assign_list END
    (64) expr -> . STRUCT BEGIN END
    (65) expr -> . expr TIMES expr
    (66) expr -> . expr DIVIDE_CEIL expr
    (67) expr -> . expr DIVIDE_FLOOR expr
    (68) expr -> . expr DIVIDE expr
    (69) expr -> . expr AND expr
    (70) expr -> . expr XOR expr
    (71) expr -> . expr OR expr
    (73) expr -> . FLOAT
    (74) expr -> . IF expr THEN COMMA expr DOT
    (75) expr -> . IF expr THEN COMMA expr else_elif_body DOT
    (76) expr -> . IMPORT file
    (77) expr -> . OPEN_BRACKETS expr DOT DOT expr CLOSED_BRACKETS
    (78) expr -> . CLOSED_BRACKETS expr DOT DOT expr CLOSED_BRACKETS
    (79) expr -> . OPEN_BRACKETS expr DOT DOT expr OPEN_BRACKETS
    (80) expr -> . CLOSED_BRACKETS expr DOT DOT expr OPEN_BRACKETS
    (81) expr -> . LAMBDA para ARROW type COLON expr
    (82) expr -> . NULL
    (85) expr -> . LPAREN param_list RPAREN
    (86) expr -> . LOOP IDENTIFIER IN expr LOOPTHEN expr DOT
    (87) expr -> . MATCH expr WITH cases DOT
    (88) expr -> . NUMBER
    (115) expr -> . LPAREN expr RPAREN
    (120) expr -> . STRING
    (130) expr -> . T_UNDEF expr
    (131) expr -> . IDENTIFIER
    (132) expr -> . WHILE expr THEN COMMA expr DOT
    (29) comp -> . expr EQUALS expr
    (30) comp -> . comp EQUALS expr
    (31) comp -> . expr GREATER_EQUALS expr
    (32) comp -> . comp GREATER_EQUALS expr
    (33) comp -> . expr UNEQUALS expr
    (34) comp -> . comp UNEQUALS expr
    (35) comp -> . expr GREATER_THAN expr
    (36) comp -> . comp GREATER_THAN expr
    (37) comp -> . expr SMALLER_THAN expr
    (38) comp -> . comp SMALLER_THAN expr
    (39) comp -> . expr SMALLER_EQUALS expr
    (40) comp -> . comp SMALLER_EQUALS expr
    (22) assign_expr -> . type IDENTIFIER ASSIGN expr
    (23) assign_expr -> . IDENTIFIER ASSIGN expr
    (121) type -> . T_INT
    (122) type -> . T_FLOAT
    (123) type -> . T_STRING
    (124) type -> . T_COMPLEX
    (125) type -> . LPAREN type_arg RPAREN ARROW type
    (126) type -> . type ARROW type
    (127) type -> . OPEN_BRACKETS CLOSED_BRACKETS type

    IDENTIFIER      shift and go to state 6
    NOT             shift and go to state 9
    PLUS            shift and go to state 4
    MINUS           shift and go to state 8
    BEGIN           shift and go to state 12
    LET             shift and go to state 13
    OPEN_BRACKETS   shift and go to state 3
    STRUCT          shift and go to state 14
    FLOAT           shift and go to state 15
    IF              shift and go to state 16
    IMPORT          shift and go to state 17
    CLOSED_BRACKETS shift and go to state 5
    LAMBDA          shift and go to state 18
    NULL            shift and go to state 20
    LPAREN          shift and go to state 7
    LOOP            shift and go to state 21
    MATCH           shift and go to state 22
    NUMBER          shift and go to state 23
    STRING          shift and go to state 24
    T_UNDEF         shift and go to state 25
    WHILE           shift and go to state 26
    T_INT           shift and go to state 27
    T_FLOAT         shift and go to state 28
    T_STRING        shift and go to state 29
    T_COMPLEX       shift and go to state 30

    expr                           shift and go to state 83
    comp                           shift and go to state 10
    assign_expr                    shift and go to state 11
    type                           shift and go to state 19

state 10

    (54) expr -> comp .
    (30) comp -> comp . EQUALS expr
    (32) comp -> comp . GREATER_EQUALS expr
    (34) comp -> comp . UNEQUALS expr
    (36) comp -> comp . GREATER_THAN expr
    (38) comp -> comp . SMALLER_THAN expr
    (40) comp -> comp . SMALLER_EQUALS expr

    ARROW           reduce using rule 54 (expr -> comp .)
    OPEN_BRACKETS   reduce using rule 54 (expr -> comp .)
    LPAREN          reduce using rule 54 (expr -> comp .)
    CONS            reduce using rule 54 (expr -> comp .)
    PLUS            reduce using rule 54 (expr -> comp .)
    MINUS           reduce using rule 54 (expr -> comp .)
    EXP             reduce using rule 54 (expr -> comp .)
    MOD             reduce using rule 54 (expr -> comp .)
    IMAG            reduce using rule 54 (expr -> comp .)
    POWER           reduce using rule 54 (expr -> comp .)
    TIMES           reduce using rule 54 (expr -> comp .)
    DIVIDE_CEIL     reduce using rule 54 (expr -> comp .)
    DIVIDE_FLOOR    reduce using rule 54 (expr -> comp .)
    DIVIDE          reduce using rule 54 (expr -> comp .)
    AND             reduce using rule 54 (expr -> comp .)
    XOR             reduce using rule 54 (expr -> comp .)
    OR              reduce using rule 54 (expr -> comp .)
    $end            reduce using rule 54 (expr -> comp .)
    CLOSED_BRACKETS reduce using rule 54 (expr -> comp .)
    DOT             reduce using rule 54 (expr -> comp .)
    COMMA           reduce using rule 54 (expr -> comp .)
    RPAREN          reduce using rule 54 (expr -> comp .)
    SEMICOLON       reduce using rule 54 (expr -> comp .)
    END             reduce using rule 54 (expr -> comp .)
    THEN            reduce using rule 54 (expr -> comp .)
    WITH            reduce using rule 54 (expr -> comp .)
    COLON           reduce using rule 54 (expr -> comp .)
    IN              reduce using rule 54 (expr -> comp .)
    LOOPTHEN        reduce using rule 54 (expr -> comp .)
    ELSE            reduce using rule 54 (expr -> comp .)
    EQUALS          shift and go to state 84
    GREATER_EQUALS  shift and go to state 85
    UNEQUALS        shift and go to state 86
    GREATER_THAN    shift and go to state 87
    SMALLER_THAN    shift and go to state 88
    SMALLER_EQUALS  shift and go to state 89

  ! EQUALS          [ reduce using rule 54 (expr -> comp .) ]
  ! GREATER_EQUALS  [ reduce using rule 54 (expr -> comp .) ]
  ! UNEQUALS        [ reduce using rule 54 (expr -> comp .) ]
  ! GREATER_THAN    [ reduce using rule 54 (expr -> comp .) ]
  ! SMALLER_THAN    [ reduce using rule 54 (expr -> comp .) ]
  ! SMALLER_EQUALS  [ reduce using rule 54 (expr -> comp .) ]


state 11

    (55) expr -> assign_expr .

    ARROW           reduce using rule 55 (expr -> assign_expr .)
    OPEN_BRACKETS   reduce using rule 55 (expr -> assign_expr .)
    LPAREN          reduce using rule 55 (expr -> assign_expr .)
    CONS            reduce using rule 55 (expr -> assign_expr .)
    PLUS            reduce using rule 55 (expr -> assign_expr .)
    MINUS           reduce using rule 55 (expr -> assign_expr .)
    EXP             reduce using rule 55 (expr -> assign_expr .)
    MOD             reduce using rule 55 (expr -> assign_expr .)
    IMAG            reduce using rule 55 (expr -> assign_expr .)
    POWER           reduce using rule 55 (expr -> assign_expr .)
    TIMES           reduce using rule 55 (expr -> assign_expr .)
    DIVIDE_CEIL     reduce using rule 55 (expr -> assign_expr .)
    DIVIDE_FLOOR    reduce using rule 55 (expr -> assign_expr .)
    DIVIDE          reduce using rule 55 (expr -> assign_expr .)
    AND             reduce using rule 55 (expr -> assign_expr .)
    XOR             reduce using rule 55 (expr -> assign_expr .)
    OR              reduce using rule 55 (expr -> assign_expr .)
    EQUALS          reduce using rule 55 (expr -> assign_expr .)
    GREATER_EQUALS  reduce using rule 55 (expr -> assign_expr .)
    UNEQUALS        reduce using rule 55 (expr -> assign_expr .)
    GREATER_THAN    reduce using rule 55 (expr -> assign_expr .)
    SMALLER_THAN    reduce using rule 55 (expr -> assign_expr .)
    SMALLER_EQUALS  reduce using rule 55 (expr -> assign_expr .)
    $end            reduce using rule 55 (expr -> assign_expr .)
    CLOSED_BRACKETS reduce using rule 55 (expr -> assign_expr .)
    DOT             reduce using rule 55 (expr -> assign_expr .)
    COMMA           reduce using rule 55 (expr -> assign_expr .)
    RPAREN          reduce using rule 55 (expr -> assign_expr .)
    SEMICOLON       reduce using rule 55 (expr -> assign_expr .)
    END             reduce using rule 55 (expr -> assign_expr .)
    THEN            reduce using rule 55 (expr -> assign_expr .)
    WITH            reduce using rule 55 (expr -> assign_expr .)
    COLON           reduce using rule 55 (expr -> assign_expr .)
    IN              reduce using rule 55 (expr -> assign_expr .)
    LOOPTHEN        reduce using rule 55 (expr -> assign_expr .)
    ELSE            reduce using rule 55 (expr -> assign_expr .)


state 12

    (56) expr -> BEGIN . sequence END
    (57) expr -> BEGIN . END
    (117) sequence -> . expr SEMICOLON sequence
    (118) sequence -> . expr SEMICOLON
    (119) sequence -> . expr
    (1) expr -> . expr ARROW expr
    (2) expr -> . expr OPEN_BRACKETS PLUS CLOSED_BRACKETS
    (3) expr -> . expr OPEN_BRACKETS expr CLOSED_BRACKETS
    (4) expr -> . IDENTIFIER PLUS_ASSIGN expr
    (5) expr -> . IDENTIFIER MINUS_ASSIGN expr
    (6) expr -> . IDENTIFIER SMALLER_EQUALS_ASSIGN expr
    (7) expr -> . IDENTIFIER GREATER_THAN_ASSIGN expr
    (8) expr -> . IDENTIFIER SMALLER_THAN_ASSIGN expr
    (9) expr -> . IDENTIFIER AND_ASSIGN expr
    (10) expr -> . IDENTIFIER OR_ASSIGN expr
    (11) expr -> . IDENTIFIER XOR_ASSIGN expr
    (12) expr -> . IDENTIFIER MOD_ASSIGN expr
    (13) expr -> . IDENTIFIER EXP_ASSIGN expr
    (14) expr -> . IDENTIFIER POWER_ASSIGN expr
    (15) expr -> . IDENTIFIER TIMES_ASSIGN expr
    (16) expr -> . IDENTIFIER DIVIDE_CEIL_ASSIGN expr
    (17) expr -> . IDENTIFIER DIVIDE_FLOOR_ASSIGN expr
    (18) expr -> . IDENTIFIER DIVIDE_ASSIGN expr
    (19) expr -> . IDENTIFIER EQUALS_ASSIGN expr
    (20) expr -> . IDENTIFIER UNEQUALS_ASSIGN expr
    (21) expr -> . IDENTIFIER GREATER_EQUALS_ASSIGN expr
    (26) expr -> . expr LPAREN para_expr RPAREN
    (41) expr -> . expr CONS expr
    (46) expr -> . expr PLUS expr
    (47) expr -> . expr MINUS expr
    (48) expr -> . expr EXP expr
    (49) expr -> . expr MOD expr
    (50) expr -> . NOT expr
    (51) expr -> . PLUS expr
    (52) expr -> . MINUS expr
    (53) expr -> . expr IMAG
    (54) expr -> . comp
    (55) expr -> . assign_expr
    (56) expr -> . BEGIN sequence END
    (57) expr -> . BEGIN END
    (58) expr -> . expr POWER expr
    (59) expr -> . LET letrec_assign IN expr DOT
    (60) expr -> . OPEN_BRACKETS param_list CLOSED_BRACKETS
    (61) expr -> . OPEN_BRACKETS expr CLOSED_BRACKETS
    (62) expr -> . OPEN_BRACKETS CLOSED_BRACKETS
    (63) expr -> . STRUCT BEGIN assign_list END
    (64) expr -> . STRUCT BEGIN END
    (65) expr -> . expr TIMES expr
    (66) expr -> . expr DIVIDE_CEIL expr
    (67) expr -> . expr DIVIDE_FLOOR expr
    (68) expr -> . expr DIVIDE expr
    (69) expr -> . expr AND expr
    (70) expr -> . expr XOR expr
    (71) expr -> . expr OR expr
    (73) expr -> . FLOAT
    (74) expr -> . IF expr THEN COMMA expr DOT
    (75) expr -> . IF expr THEN COMMA expr else_elif_body DOT
    (76) expr -> . IMPORT file
    (77) expr -> . OPEN_BRACKETS expr DOT DOT expr CLOSED_BRACKETS
    (78) expr -> . CLOSED_BRACKETS expr DOT DOT expr CLOSED_BRACKETS
    (79) expr -> . OPEN_BRACKETS expr DOT DOT expr OPEN_BRACKETS
    (80) expr -> . CLOSED_BRACKETS expr DOT DOT expr OPEN_BRACKETS
    (81) expr -> . LAMBDA para ARROW type COLON expr
    (82) expr -> . NULL
    (85) expr -> . LPAREN param_list RPAREN
    (86) expr -> . LOOP IDENTIFIER IN expr LOOPTHEN expr DOT
    (87) expr -> . MATCH expr WITH cases DOT
    (88) expr -> . NUMBER
    (115) expr -> . LPAREN expr RPAREN
    (120) expr -> . STRING
    (130) expr -> . T_UNDEF expr
    (131) expr -> . IDENTIFIER
    (132) expr -> . WHILE expr THEN COMMA expr DOT
    (29) comp -> . expr EQUALS expr
    (30) comp -> . comp EQUALS expr
    (31) comp -> . expr GREATER_EQUALS expr
    (32) comp -> . comp GREATER_EQUALS expr
    (33) comp -> . expr UNEQUALS expr
    (34) comp -> . comp UNEQUALS expr
    (35) comp -> . expr GREATER_THAN expr
    (36) comp -> . comp GREATER_THAN expr
    (37) comp -> . expr SMALLER_THAN expr
    (38) comp -> . comp SMALLER_THAN expr
    (39) comp -> . expr SMALLER_EQUALS expr
    (40) comp -> . comp SMALLER_EQUALS expr
    (22) assign_expr -> . type IDENTIFIER ASSIGN expr
    (23) assign_expr -> . IDENTIFIER ASSIGN expr
    (121) type -> . T_INT
    (122) type -> . T_FLOAT
    (123) type -> . T_STRING
    (124) type -> . T_COMPLEX
    (125) type -> . LPAREN type_arg RPAREN ARROW type
    (126) type -> . type ARROW type
    (127) type -> . OPEN_BRACKETS CLOSED_BRACKETS type

    END             shift and go to state 91
    IDENTIFIER      shift and go to state 6
    NOT             shift and go to state 9
    PLUS            shift and go to state 4
    MINUS           shift and go to state 8
    BEGIN           shift and go to state 12
    LET             shift and go to state 13
    OPEN_BRACKETS   shift and go to state 3
    STRUCT          shift and go to state 14
    FLOAT           shift and go to state 15
    IF              shift and go to state 16
    IMPORT          shift and go to state 17
    CLOSED_BRACKETS shift and go to state 5
    LAMBDA          shift and go to state 18
    NULL            shift and go to state 20
    LPAREN          shift and go to state 7
    LOOP            shift and go to state 21
    MATCH           shift and go to state 22
    NUMBER          shift and go to state 23
    STRING          shift and go to state 24
    T_UNDEF         shift and go to state 25
    WHILE           shift and go to state 26
    T_INT           shift and go to state 27
    T_FLOAT         shift and go to state 28
    T_STRING        shift and go to state 29
    T_COMPLEX       shift and go to state 30

    sequence                       shift and go to state 90
    expr                           shift and go to state 92
    comp                           shift and go to state 10
    assign_expr                    shift and go to state 11
    type                           shift and go to state 19

state 13

    (59) expr -> LET . letrec_assign IN expr DOT
    (83) letrec_assign -> . letrec_assign COMMA assign_expr
    (84) letrec_assign -> . assign_expr
    (22) assign_expr -> . type IDENTIFIER ASSIGN expr
    (23) assign_expr -> . IDENTIFIER ASSIGN expr
    (121) type -> . T_INT
    (122) type -> . T_FLOAT
    (123) type -> . T_STRING
    (124) type -> . T_COMPLEX
    (125) type -> . LPAREN type_arg RPAREN ARROW type
    (126) type -> . type ARROW type
    (127) type -> . OPEN_BRACKETS CLOSED_BRACKETS type

    IDENTIFIER      shift and go to state 95
    T_INT           shift and go to state 27
    T_FLOAT         shift and go to state 28
    T_STRING        shift and go to state 29
    T_COMPLEX       shift and go to state 30
    LPAREN          shift and go to state 96
    OPEN_BRACKETS   shift and go to state 97

    letrec_assign                  shift and go to state 93
    assign_expr                    shift and go to state 94
    type                           shift and go to state 19

state 14

    (63) expr -> STRUCT . BEGIN assign_list END
    (64) expr -> STRUCT . BEGIN END

    BEGIN           shift and go to state 98


state 15

    (73) expr -> FLOAT .

    ARROW           reduce using rule 73 (expr -> FLOAT .)
    OPEN_BRACKETS   reduce using rule 73 (expr -> FLOAT .)
    LPAREN          reduce using rule 73 (expr -> FLOAT .)
    CONS            reduce using rule 73 (expr -> FLOAT .)
    PLUS            reduce using rule 73 (expr -> FLOAT .)
    MINUS           reduce using rule 73 (expr -> FLOAT .)
    EXP             reduce using rule 73 (expr -> FLOAT .)
    MOD             reduce using rule 73 (expr -> FLOAT .)
    IMAG            reduce using rule 73 (expr -> FLOAT .)
    POWER           reduce using rule 73 (expr -> FLOAT .)
    TIMES           reduce using rule 73 (expr -> FLOAT .)
    DIVIDE_CEIL     reduce using rule 73 (expr -> FLOAT .)
    DIVIDE_FLOOR    reduce using rule 73 (expr -> FLOAT .)
    DIVIDE          reduce using rule 73 (expr -> FLOAT .)
    AND             reduce using rule 73 (expr -> FLOAT .)
    XOR             reduce using rule 73 (expr -> FLOAT .)
    OR              reduce using rule 73 (expr -> FLOAT .)
    EQUALS          reduce using rule 73 (expr -> FLOAT .)
    GREATER_EQUALS  reduce using rule 73 (expr -> FLOAT .)
    UNEQUALS        reduce using rule 73 (expr -> FLOAT .)
    GREATER_THAN    reduce using rule 73 (expr -> FLOAT .)
    SMALLER_THAN    reduce using rule 73 (expr -> FLOAT .)
    SMALLER_EQUALS  reduce using rule 73 (expr -> FLOAT .)
    $end            reduce using rule 73 (expr -> FLOAT .)
    CLOSED_BRACKETS reduce using rule 73 (expr -> FLOAT .)
    DOT             reduce using rule 73 (expr -> FLOAT .)
    COMMA           reduce using rule 73 (expr -> FLOAT .)
    RPAREN          reduce using rule 73 (expr -> FLOAT .)
    SEMICOLON       reduce using rule 73 (expr -> FLOAT .)
    END             reduce using rule 73 (expr -> FLOAT .)
    THEN            reduce using rule 73 (expr -> FLOAT .)
    WITH            reduce using rule 73 (expr -> FLOAT .)
    COLON           reduce using rule 73 (expr -> FLOAT .)
    IN              reduce using rule 73 (expr -> FLOAT .)
    LOOPTHEN        reduce using rule 73 (expr -> FLOAT .)
    ELSE            reduce using rule 73 (expr -> FLOAT .)


state 16

    (74) expr -> IF . expr THEN COMMA expr DOT
    (75) expr -> IF . expr THEN COMMA expr else_elif_body DOT
    (1) expr -> . expr ARROW expr
    (2) expr -> . expr OPEN_BRACKETS PLUS CLOSED_BRACKETS
    (3) expr -> . expr OPEN_BRACKETS expr CLOSED_BRACKETS
    (4) expr -> . IDENTIFIER PLUS_ASSIGN expr
    (5) expr -> . IDENTIFIER MINUS_ASSIGN expr
    (6) expr -> . IDENTIFIER SMALLER_EQUALS_ASSIGN expr
    (7) expr -> . IDENTIFIER GREATER_THAN_ASSIGN expr
    (8) expr -> . IDENTIFIER SMALLER_THAN_ASSIGN expr
    (9) expr -> . IDENTIFIER AND_ASSIGN expr
    (10) expr -> . IDENTIFIER OR_ASSIGN expr
    (11) expr -> . IDENTIFIER XOR_ASSIGN expr
    (12) expr -> . IDENTIFIER MOD_ASSIGN expr
    (13) expr -> . IDENTIFIER EXP_ASSIGN expr
    (14) expr -> . IDENTIFIER POWER_ASSIGN expr
    (15) expr -> . IDENTIFIER TIMES_ASSIGN expr
    (16) expr -> . IDENTIFIER DIVIDE_CEIL_ASSIGN expr
    (17) expr -> . IDENTIFIER DIVIDE_FLOOR_ASSIGN expr
    (18) expr -> . IDENTIFIER DIVIDE_ASSIGN expr
    (19) expr -> . IDENTIFIER EQUALS_ASSIGN expr
    (20) expr -> . IDENTIFIER UNEQUALS_ASSIGN expr
    (21) expr -> . IDENTIFIER GREATER_EQUALS_ASSIGN expr
    (26) expr -> . expr LPAREN para_expr RPAREN
    (41) expr -> . expr CONS expr
    (46) expr -> . expr PLUS expr
    (47) expr -> . expr MINUS expr
    (48) expr -> . expr EXP expr
    (49) expr -> . expr MOD expr
    (50) expr -> . NOT expr
    (51) expr -> . PLUS expr
    (52) expr -> . MINUS expr
    (53) expr -> . expr IMAG
    (54) expr -> . comp
    (55) expr -> . assign_expr
    (56) expr -> . BEGIN sequence END
    (57) expr -> . BEGIN END
    (58) expr -> . expr POWER expr
    (59) expr -> . LET letrec_assign IN expr DOT
    (60) expr -> . OPEN_BRACKETS param_list CLOSED_BRACKETS
    (61) expr -> . OPEN_BRACKETS expr CLOSED_BRACKETS
    (62) expr -> . OPEN_BRACKETS CLOSED_BRACKETS
    (63) expr -> . STRUCT BEGIN assign_list END
    (64) expr -> . STRUCT BEGIN END
    (65) expr -> . expr TIMES expr
    (66) expr -> . expr DIVIDE_CEIL expr
    (67) expr -> . expr DIVIDE_FLOOR expr
    (68) expr -> . expr DIVIDE expr
    (69) expr -> . expr AND expr
    (70) expr -> . expr XOR expr
    (71) expr -> . expr OR expr
    (73) expr -> . FLOAT
    (74) expr -> . IF expr THEN COMMA expr DOT
    (75) expr -> . IF expr THEN COMMA expr else_elif_body DOT
    (76) expr -> . IMPORT file
    (77) expr -> . OPEN_BRACKETS expr DOT DOT expr CLOSED_BRACKETS
    (78) expr -> . CLOSED_BRACKETS expr DOT DOT expr CLOSED_BRACKETS
    (79) expr -> . OPEN_BRACKETS expr DOT DOT expr OPEN_BRACKETS
    (80) expr -> . CLOSED_BRACKETS expr DOT DOT expr OPEN_BRACKETS
    (81) expr -> . LAMBDA para ARROW type COLON expr
    (82) expr -> . NULL
    (85) expr -> . LPAREN param_list RPAREN
    (86) expr -> . LOOP IDENTIFIER IN expr LOOPTHEN expr DOT
    (87) expr -> . MATCH expr WITH cases DOT
    (88) expr -> . NUMBER
    (115) expr -> . LPAREN expr RPAREN
    (120) expr -> . STRING
    (130) expr -> . T_UNDEF expr
    (131) expr -> . IDENTIFIER
    (132) expr -> . WHILE expr THEN COMMA expr DOT
    (29) comp -> . expr EQUALS expr
    (30) comp -> . comp EQUALS expr
    (31) comp -> . expr GREATER_EQUALS expr
    (32) comp -> . comp GREATER_EQUALS expr
    (33) comp -> . expr UNEQUALS expr
    (34) comp -> . comp UNEQUALS expr
    (35) comp -> . expr GREATER_THAN expr
    (36) comp -> . comp GREATER_THAN expr
    (37) comp -> . expr SMALLER_THAN expr
    (38) comp -> . comp SMALLER_THAN expr
    (39) comp -> . expr SMALLER_EQUALS expr
    (40) comp -> . comp SMALLER_EQUALS expr
    (22) assign_expr -> . type IDENTIFIER ASSIGN expr
    (23) assign_expr -> . IDENTIFIER ASSIGN expr
    (121) type -> . T_INT
    (122) type -> . T_FLOAT
    (123) type -> . T_STRING
    (124) type -> . T_COMPLEX
    (125) type -> . LPAREN type_arg RPAREN ARROW type
    (126) type -> . type ARROW type
    (127) type -> . OPEN_BRACKETS CLOSED_BRACKETS type

    IDENTIFIER      shift and go to state 6
    NOT             shift and go to state 9
    PLUS            shift and go to state 4
    MINUS           shift and go to state 8
    BEGIN           shift and go to state 12
    LET             shift and go to state 13
    OPEN_BRACKETS   shift and go to state 3
    STRUCT          shift and go to state 14
    FLOAT           shift and go to state 15
    IF              shift and go to state 16
    IMPORT          shift and go to state 17
    CLOSED_BRACKETS shift and go to state 5
    LAMBDA          shift and go to state 18
    NULL            shift and go to state 20
    LPAREN          shift and go to state 7
    LOOP            shift and go to state 21
    MATCH           shift and go to state 22
    NUMBER          shift and go to state 23
    STRING          shift and go to state 24
    T_UNDEF         shift and go to state 25
    WHILE           shift and go to state 26
    T_INT           shift and go to state 27
    T_FLOAT         shift and go to state 28
    T_STRING        shift and go to state 29
    T_COMPLEX       shift and go to state 30

    expr                           shift and go to state 99
    comp                           shift and go to state 10
    assign_expr                    shift and go to state 11
    type                           shift and go to state 19

state 17

    (76) expr -> IMPORT . file
    (72) file -> . STRING

    STRING          shift and go to state 101

    file                           shift and go to state 100

state 18

    (81) expr -> LAMBDA . para ARROW type COLON expr
    (89) para -> . LPAREN param_pos RPAREN
    (90) para -> . type IDENTIFIER
    (91) para -> . IDENTIFIER
    (92) para -> . empty
    (121) type -> . T_INT
    (122) type -> . T_FLOAT
    (123) type -> . T_STRING
    (124) type -> . T_COMPLEX
    (125) type -> . LPAREN type_arg RPAREN ARROW type
    (126) type -> . type ARROW type
    (127) type -> . OPEN_BRACKETS CLOSED_BRACKETS type
    (45) empty -> .

    LPAREN          shift and go to state 104
    IDENTIFIER      shift and go to state 105
    T_INT           shift and go to state 27
    T_FLOAT         shift and go to state 28
    T_STRING        shift and go to state 29
    T_COMPLEX       shift and go to state 30
    OPEN_BRACKETS   shift and go to state 97
    ARROW           reduce using rule 45 (empty -> .)

    para                           shift and go to state 102
    type                           shift and go to state 103
    empty                          shift and go to state 106

state 19

    (22) assign_expr -> type . IDENTIFIER ASSIGN expr
    (126) type -> type . ARROW type

    IDENTIFIER      shift and go to state 107
    ARROW           shift and go to state 108


state 20

    (82) expr -> NULL .

    ARROW           reduce using rule 82 (expr -> NULL .)
    OPEN_BRACKETS   reduce using rule 82 (expr -> NULL .)
    LPAREN          reduce using rule 82 (expr -> NULL .)
    CONS            reduce using rule 82 (expr -> NULL .)
    PLUS            reduce using rule 82 (expr -> NULL .)
    MINUS           reduce using rule 82 (expr -> NULL .)
    EXP             reduce using rule 82 (expr -> NULL .)
    MOD             reduce using rule 82 (expr -> NULL .)
    IMAG            reduce using rule 82 (expr -> NULL .)
    POWER           reduce using rule 82 (expr -> NULL .)
    TIMES           reduce using rule 82 (expr -> NULL .)
    DIVIDE_CEIL     reduce using rule 82 (expr -> NULL .)
    DIVIDE_FLOOR    reduce using rule 82 (expr -> NULL .)
    DIVIDE          reduce using rule 82 (expr -> NULL .)
    AND             reduce using rule 82 (expr -> NULL .)
    XOR             reduce using rule 82 (expr -> NULL .)
    OR              reduce using rule 82 (expr -> NULL .)
    EQUALS          reduce using rule 82 (expr -> NULL .)
    GREATER_EQUALS  reduce using rule 82 (expr -> NULL .)
    UNEQUALS        reduce using rule 82 (expr -> NULL .)
    GREATER_THAN    reduce using rule 82 (expr -> NULL .)
    SMALLER_THAN    reduce using rule 82 (expr -> NULL .)
    SMALLER_EQUALS  reduce using rule 82 (expr -> NULL .)
    $end            reduce using rule 82 (expr -> NULL .)
    CLOSED_BRACKETS reduce using rule 82 (expr -> NULL .)
    DOT             reduce using rule 82 (expr -> NULL .)
    COMMA           reduce using rule 82 (expr -> NULL .)
    RPAREN          reduce using rule 82 (expr -> NULL .)
    SEMICOLON       reduce using rule 82 (expr -> NULL .)
    END             reduce using rule 82 (expr -> NULL .)
    THEN            reduce using rule 82 (expr -> NULL .)
    WITH            reduce using rule 82 (expr -> NULL .)
    COLON           reduce using rule 82 (expr -> NULL .)
    IN              reduce using rule 82 (expr -> NULL .)
    LOOPTHEN        reduce using rule 82 (expr -> NULL .)
    ELSE            reduce using rule 82 (expr -> NULL .)


state 21

    (86) expr -> LOOP . IDENTIFIER IN expr LOOPTHEN expr DOT

    IDENTIFIER      shift and go to state 109


state 22

    (87) expr -> MATCH . expr WITH cases DOT
    (1) expr -> . expr ARROW expr
    (2) expr -> . expr OPEN_BRACKETS PLUS CLOSED_BRACKETS
    (3) expr -> . expr OPEN_BRACKETS expr CLOSED_BRACKETS
    (4) expr -> . IDENTIFIER PLUS_ASSIGN expr
    (5) expr -> . IDENTIFIER MINUS_ASSIGN expr
    (6) expr -> . IDENTIFIER SMALLER_EQUALS_ASSIGN expr
    (7) expr -> . IDENTIFIER GREATER_THAN_ASSIGN expr
    (8) expr -> . IDENTIFIER SMALLER_THAN_ASSIGN expr
    (9) expr -> . IDENTIFIER AND_ASSIGN expr
    (10) expr -> . IDENTIFIER OR_ASSIGN expr
    (11) expr -> . IDENTIFIER XOR_ASSIGN expr
    (12) expr -> . IDENTIFIER MOD_ASSIGN expr
    (13) expr -> . IDENTIFIER EXP_ASSIGN expr
    (14) expr -> . IDENTIFIER POWER_ASSIGN expr
    (15) expr -> . IDENTIFIER TIMES_ASSIGN expr
    (16) expr -> . IDENTIFIER DIVIDE_CEIL_ASSIGN expr
    (17) expr -> . IDENTIFIER DIVIDE_FLOOR_ASSIGN expr
    (18) expr -> . IDENTIFIER DIVIDE_ASSIGN expr
    (19) expr -> . IDENTIFIER EQUALS_ASSIGN expr
    (20) expr -> . IDENTIFIER UNEQUALS_ASSIGN expr
    (21) expr -> . IDENTIFIER GREATER_EQUALS_ASSIGN expr
    (26) expr -> . expr LPAREN para_expr RPAREN
    (41) expr -> . expr CONS expr
    (46) expr -> . expr PLUS expr
    (47) expr -> . expr MINUS expr
    (48) expr -> . expr EXP expr
    (49) expr -> . expr MOD expr
    (50) expr -> . NOT expr
    (51) expr -> . PLUS expr
    (52) expr -> . MINUS expr
    (53) expr -> . expr IMAG
    (54) expr -> . comp
    (55) expr -> . assign_expr
    (56) expr -> . BEGIN sequence END
    (57) expr -> . BEGIN END
    (58) expr -> . expr POWER expr
    (59) expr -> . LET letrec_assign IN expr DOT
    (60) expr -> . OPEN_BRACKETS param_list CLOSED_BRACKETS
    (61) expr -> . OPEN_BRACKETS expr CLOSED_BRACKETS
    (62) expr -> . OPEN_BRACKETS CLOSED_BRACKETS
    (63) expr -> . STRUCT BEGIN assign_list END
    (64) expr -> . STRUCT BEGIN END
    (65) expr -> . expr TIMES expr
    (66) expr -> . expr DIVIDE_CEIL expr
    (67) expr -> . expr DIVIDE_FLOOR expr
    (68) expr -> . expr DIVIDE expr
    (69) expr -> . expr AND expr
    (70) expr -> . expr XOR expr
    (71) expr -> . expr OR expr
    (73) expr -> . FLOAT
    (74) expr -> . IF expr THEN COMMA expr DOT
    (75) expr -> . IF expr THEN COMMA expr else_elif_body DOT
    (76) expr -> . IMPORT file
    (77) expr -> . OPEN_BRACKETS expr DOT DOT expr CLOSED_BRACKETS
    (78) expr -> . CLOSED_BRACKETS expr DOT DOT expr CLOSED_BRACKETS
    (79) expr -> . OPEN_BRACKETS expr DOT DOT expr OPEN_BRACKETS
    (80) expr -> . CLOSED_BRACKETS expr DOT DOT expr OPEN_BRACKETS
    (81) expr -> . LAMBDA para ARROW type COLON expr
    (82) expr -> . NULL
    (85) expr -> . LPAREN param_list RPAREN
    (86) expr -> . LOOP IDENTIFIER IN expr LOOPTHEN expr DOT
    (87) expr -> . MATCH expr WITH cases DOT
    (88) expr -> . NUMBER
    (115) expr -> . LPAREN expr RPAREN
    (120) expr -> . STRING
    (130) expr -> . T_UNDEF expr
    (131) expr -> . IDENTIFIER
    (132) expr -> . WHILE expr THEN COMMA expr DOT
    (29) comp -> . expr EQUALS expr
    (30) comp -> . comp EQUALS expr
    (31) comp -> . expr GREATER_EQUALS expr
    (32) comp -> . comp GREATER_EQUALS expr
    (33) comp -> . expr UNEQUALS expr
    (34) comp -> . comp UNEQUALS expr
    (35) comp -> . expr GREATER_THAN expr
    (36) comp -> . comp GREATER_THAN expr
    (37) comp -> . expr SMALLER_THAN expr
    (38) comp -> . comp SMALLER_THAN expr
    (39) comp -> . expr SMALLER_EQUALS expr
    (40) comp -> . comp SMALLER_EQUALS expr
    (22) assign_expr -> . type IDENTIFIER ASSIGN expr
    (23) assign_expr -> . IDENTIFIER ASSIGN expr
    (121) type -> . T_INT
    (122) type -> . T_FLOAT
    (123) type -> . T_STRING
    (124) type -> . T_COMPLEX
    (125) type -> . LPAREN type_arg RPAREN ARROW type
    (126) type -> . type ARROW type
    (127) type -> . OPEN_BRACKETS CLOSED_BRACKETS type

    IDENTIFIER      shift and go to state 6
    NOT             shift and go to state 9
    PLUS            shift and go to state 4
    MINUS           shift and go to state 8
    BEGIN           shift and go to state 12
    LET             shift and go to state 13
    OPEN_BRACKETS   shift and go to state 3
    STRUCT          shift and go to state 14
    FLOAT           shift and go to state 15
    IF              shift and go to state 16
    IMPORT          shift and go to state 17
    CLOSED_BRACKETS shift and go to state 5
    LAMBDA          shift and go to state 18
    NULL            shift and go to state 20
    LPAREN          shift and go to state 7
    LOOP            shift and go to state 21
    MATCH           shift and go to state 22
    NUMBER          shift and go to state 23
    STRING          shift and go to state 24
    T_UNDEF         shift and go to state 25
    WHILE           shift and go to state 26
    T_INT           shift and go to state 27
    T_FLOAT         shift and go to state 28
    T_STRING        shift and go to state 29
    T_COMPLEX       shift and go to state 30

    expr                           shift and go to state 110
    comp                           shift and go to state 10
    assign_expr                    shift and go to state 11
    type                           shift and go to state 19

state 23

    (88) expr -> NUMBER .

    ARROW           reduce using rule 88 (expr -> NUMBER .)
    OPEN_BRACKETS   reduce using rule 88 (expr -> NUMBER .)
    LPAREN          reduce using rule 88 (expr -> NUMBER .)
    CONS            reduce using rule 88 (expr -> NUMBER .)
    PLUS            reduce using rule 88 (expr -> NUMBER .)
    MINUS           reduce using rule 88 (expr -> NUMBER .)
    EXP             reduce using rule 88 (expr -> NUMBER .)
    MOD             reduce using rule 88 (expr -> NUMBER .)
    IMAG            reduce using rule 88 (expr -> NUMBER .)
    POWER           reduce using rule 88 (expr -> NUMBER .)
    TIMES           reduce using rule 88 (expr -> NUMBER .)
    DIVIDE_CEIL     reduce using rule 88 (expr -> NUMBER .)
    DIVIDE_FLOOR    reduce using rule 88 (expr -> NUMBER .)
    DIVIDE          reduce using rule 88 (expr -> NUMBER .)
    AND             reduce using rule 88 (expr -> NUMBER .)
    XOR             reduce using rule 88 (expr -> NUMBER .)
    OR              reduce using rule 88 (expr -> NUMBER .)
    EQUALS          reduce using rule 88 (expr -> NUMBER .)
    GREATER_EQUALS  reduce using rule 88 (expr -> NUMBER .)
    UNEQUALS        reduce using rule 88 (expr -> NUMBER .)
    GREATER_THAN    reduce using rule 88 (expr -> NUMBER .)
    SMALLER_THAN    reduce using rule 88 (expr -> NUMBER .)
    SMALLER_EQUALS  reduce using rule 88 (expr -> NUMBER .)
    $end            reduce using rule 88 (expr -> NUMBER .)
    CLOSED_BRACKETS reduce using rule 88 (expr -> NUMBER .)
    DOT             reduce using rule 88 (expr -> NUMBER .)
    COMMA           reduce using rule 88 (expr -> NUMBER .)
    RPAREN          reduce using rule 88 (expr -> NUMBER .)
    SEMICOLON       reduce using rule 88 (expr -> NUMBER .)
    END             reduce using rule 88 (expr -> NUMBER .)
    THEN            reduce using rule 88 (expr -> NUMBER .)
    WITH            reduce using rule 88 (expr -> NUMBER .)
    COLON           reduce using rule 88 (expr -> NUMBER .)
    IN              reduce using rule 88 (expr -> NUMBER .)
    LOOPTHEN        reduce using rule 88 (expr -> NUMBER .)
    ELSE            reduce using rule 88 (expr -> NUMBER .)


state 24

    (120) expr -> STRING .

    ARROW           reduce using rule 120 (expr -> STRING .)
    OPEN_BRACKETS   reduce using rule 120 (expr -> STRING .)
    LPAREN          reduce using rule 120 (expr -> STRING .)
    CONS            reduce using rule 120 (expr -> STRING .)
    PLUS            reduce using rule 120 (expr -> STRING .)
    MINUS           reduce using rule 120 (expr -> STRING .)
    EXP             reduce using rule 120 (expr -> STRING .)
    MOD             reduce using rule 120 (expr -> STRING .)
    IMAG            reduce using rule 120 (expr -> STRING .)
    POWER           reduce using rule 120 (expr -> STRING .)
    TIMES           reduce using rule 120 (expr -> STRING .)
    DIVIDE_CEIL     reduce using rule 120 (expr -> STRING .)
    DIVIDE_FLOOR    reduce using rule 120 (expr -> STRING .)
    DIVIDE          reduce using rule 120 (expr -> STRING .)
    AND             reduce using rule 120 (expr -> STRING .)
    XOR             reduce using rule 120 (expr -> STRING .)
    OR              reduce using rule 120 (expr -> STRING .)
    EQUALS          reduce using rule 120 (expr -> STRING .)
    GREATER_EQUALS  reduce using rule 120 (expr -> STRING .)
    UNEQUALS        reduce using rule 120 (expr -> STRING .)
    GREATER_THAN    reduce using rule 120 (expr -> STRING .)
    SMALLER_THAN    reduce using rule 120 (expr -> STRING .)
    SMALLER_EQUALS  reduce using rule 120 (expr -> STRING .)
    $end            reduce using rule 120 (expr -> STRING .)
    CLOSED_BRACKETS reduce using rule 120 (expr -> STRING .)
    DOT             reduce using rule 120 (expr -> STRING .)
    COMMA           reduce using rule 120 (expr -> STRING .)
    RPAREN          reduce using rule 120 (expr -> STRING .)
    SEMICOLON       reduce using rule 120 (expr -> STRING .)
    END             reduce using rule 120 (expr -> STRING .)
    THEN            reduce using rule 120 (expr -> STRING .)
    WITH            reduce using rule 120 (expr -> STRING .)
    COLON           reduce using rule 120 (expr -> STRING .)
    IN              reduce using rule 120 (expr -> STRING .)
    LOOPTHEN        reduce using rule 120 (expr -> STRING .)
    ELSE            reduce using rule 120 (expr -> STRING .)


state 25

    (130) expr -> T_UNDEF . expr
    (1) expr -> . expr ARROW expr
    (2) expr -> . expr OPEN_BRACKETS PLUS CLOSED_BRACKETS
    (3) expr -> . expr OPEN_BRACKETS expr CLOSED_BRACKETS
    (4) expr -> . IDENTIFIER PLUS_ASSIGN expr
    (5) expr -> . IDENTIFIER MINUS_ASSIGN expr
    (6) expr -> . IDENTIFIER SMALLER_EQUALS_ASSIGN expr
    (7) expr -> . IDENTIFIER GREATER_THAN_ASSIGN expr
    (8) expr -> . IDENTIFIER SMALLER_THAN_ASSIGN expr
    (9) expr -> . IDENTIFIER AND_ASSIGN expr
    (10) expr -> . IDENTIFIER OR_ASSIGN expr
    (11) expr -> . IDENTIFIER XOR_ASSIGN expr
    (12) expr -> . IDENTIFIER MOD_ASSIGN expr
    (13) expr -> . IDENTIFIER EXP_ASSIGN expr
    (14) expr -> . IDENTIFIER POWER_ASSIGN expr
    (15) expr -> . IDENTIFIER TIMES_ASSIGN expr
    (16) expr -> . IDENTIFIER DIVIDE_CEIL_ASSIGN expr
    (17) expr -> . IDENTIFIER DIVIDE_FLOOR_ASSIGN expr
    (18) expr -> . IDENTIFIER DIVIDE_ASSIGN expr
    (19) expr -> . IDENTIFIER EQUALS_ASSIGN expr
    (20) expr -> . IDENTIFIER UNEQUALS_ASSIGN expr
    (21) expr -> . IDENTIFIER GREATER_EQUALS_ASSIGN expr
    (26) expr -> . expr LPAREN para_expr RPAREN
    (41) expr -> . expr CONS expr
    (46) expr -> . expr PLUS expr
    (47) expr -> . expr MINUS expr
    (48) expr -> . expr EXP expr
    (49) expr -> . expr MOD expr
    (50) expr -> . NOT expr
    (51) expr -> . PLUS expr
    (52) expr -> . MINUS expr
    (53) expr -> . expr IMAG
    (54) expr -> . comp
    (55) expr -> . assign_expr
    (56) expr -> . BEGIN sequence END
    (57) expr -> . BEGIN END
    (58) expr -> . expr POWER expr
    (59) expr -> . LET letrec_assign IN expr DOT
    (60) expr -> . OPEN_BRACKETS param_list CLOSED_BRACKETS
    (61) expr -> . OPEN_BRACKETS expr CLOSED_BRACKETS
    (62) expr -> . OPEN_BRACKETS CLOSED_BRACKETS
    (63) expr -> . STRUCT BEGIN assign_list END
    (64) expr -> . STRUCT BEGIN END
    (65) expr -> . expr TIMES expr
    (66) expr -> . expr DIVIDE_CEIL expr
    (67) expr -> . expr DIVIDE_FLOOR expr
    (68) expr -> . expr DIVIDE expr
    (69) expr -> . expr AND expr
    (70) expr -> . expr XOR expr
    (71) expr -> . expr OR expr
    (73) expr -> . FLOAT
    (74) expr -> . IF expr THEN COMMA expr DOT
    (75) expr -> . IF expr THEN COMMA expr else_elif_body DOT
    (76) expr -> . IMPORT file
    (77) expr -> . OPEN_BRACKETS expr DOT DOT expr CLOSED_BRACKETS
    (78) expr -> . CLOSED_BRACKETS expr DOT DOT expr CLOSED_BRACKETS
    (79) expr -> . OPEN_BRACKETS expr DOT DOT expr OPEN_BRACKETS
    (80) expr -> . CLOSED_BRACKETS expr DOT DOT expr OPEN_BRACKETS
    (81) expr -> . LAMBDA para ARROW type COLON expr
    (82) expr -> . NULL
    (85) expr -> . LPAREN param_list RPAREN
    (86) expr -> . LOOP IDENTIFIER IN expr LOOPTHEN expr DOT
    (87) expr -> . MATCH expr WITH cases DOT
    (88) expr -> . NUMBER
    (115) expr -> . LPAREN expr RPAREN
    (120) expr -> . STRING
    (130) expr -> . T_UNDEF expr
    (131) expr -> . IDENTIFIER
    (132) expr -> . WHILE expr THEN COMMA expr DOT
    (29) comp -> . expr EQUALS expr
    (30) comp -> . comp EQUALS expr
    (31) comp -> . expr GREATER_EQUALS expr
    (32) comp -> . comp GREATER_EQUALS expr
    (33) comp -> . expr UNEQUALS expr
    (34) comp -> . comp UNEQUALS expr
    (35) comp -> . expr GREATER_THAN expr
    (36) comp -> . comp GREATER_THAN expr
    (37) comp -> . expr SMALLER_THAN expr
    (38) comp -> . comp SMALLER_THAN expr
    (39) comp -> . expr SMALLER_EQUALS expr
    (40) comp -> . comp SMALLER_EQUALS expr
    (22) assign_expr -> . type IDENTIFIER ASSIGN expr
    (23) assign_expr -> . IDENTIFIER ASSIGN expr
    (121) type -> . T_INT
    (122) type -> . T_FLOAT
    (123) type -> . T_STRING
    (124) type -> . T_COMPLEX
    (125) type -> . LPAREN type_arg RPAREN ARROW type
    (126) type -> . type ARROW type
    (127) type -> . OPEN_BRACKETS CLOSED_BRACKETS type

    IDENTIFIER      shift and go to state 6
    NOT             shift and go to state 9
    PLUS            shift and go to state 4
    MINUS           shift and go to state 8
    BEGIN           shift and go to state 12
    LET             shift and go to state 13
    OPEN_BRACKETS   shift and go to state 3
    STRUCT          shift and go to state 14
    FLOAT           shift and go to state 15
    IF              shift and go to state 16
    IMPORT          shift and go to state 17
    CLOSED_BRACKETS shift and go to state 5
    LAMBDA          shift and go to state 18
    NULL            shift and go to state 20
    LPAREN          shift and go to state 7
    LOOP            shift and go to state 21
    MATCH           shift and go to state 22
    NUMBER          shift and go to state 23
    STRING          shift and go to state 24
    T_UNDEF         shift and go to state 25
    WHILE           shift and go to state 26
    T_INT           shift and go to state 27
    T_FLOAT         shift and go to state 28
    T_STRING        shift and go to state 29
    T_COMPLEX       shift and go to state 30

    expr                           shift and go to state 111
    comp                           shift and go to state 10
    assign_expr                    shift and go to state 11
    type                           shift and go to state 19

state 26

    (132) expr -> WHILE . expr THEN COMMA expr DOT
    (1) expr -> . expr ARROW expr
    (2) expr -> . expr OPEN_BRACKETS PLUS CLOSED_BRACKETS
    (3) expr -> . expr OPEN_BRACKETS expr CLOSED_BRACKETS
    (4) expr -> . IDENTIFIER PLUS_ASSIGN expr
    (5) expr -> . IDENTIFIER MINUS_ASSIGN expr
    (6) expr -> . IDENTIFIER SMALLER_EQUALS_ASSIGN expr
    (7) expr -> . IDENTIFIER GREATER_THAN_ASSIGN expr
    (8) expr -> . IDENTIFIER SMALLER_THAN_ASSIGN expr
    (9) expr -> . IDENTIFIER AND_ASSIGN expr
    (10) expr -> . IDENTIFIER OR_ASSIGN expr
    (11) expr -> . IDENTIFIER XOR_ASSIGN expr
    (12) expr -> . IDENTIFIER MOD_ASSIGN expr
    (13) expr -> . IDENTIFIER EXP_ASSIGN expr
    (14) expr -> . IDENTIFIER POWER_ASSIGN expr
    (15) expr -> . IDENTIFIER TIMES_ASSIGN expr
    (16) expr -> . IDENTIFIER DIVIDE_CEIL_ASSIGN expr
    (17) expr -> . IDENTIFIER DIVIDE_FLOOR_ASSIGN expr
    (18) expr -> . IDENTIFIER DIVIDE_ASSIGN expr
    (19) expr -> . IDENTIFIER EQUALS_ASSIGN expr
    (20) expr -> . IDENTIFIER UNEQUALS_ASSIGN expr
    (21) expr -> . IDENTIFIER GREATER_EQUALS_ASSIGN expr
    (26) expr -> . expr LPAREN para_expr RPAREN
    (41) expr -> . expr CONS expr
    (46) expr -> . expr PLUS expr
    (47) expr -> . expr MINUS expr
    (48) expr -> . expr EXP expr
    (49) expr -> . expr MOD expr
    (50) expr -> . NOT expr
    (51) expr -> . PLUS expr
    (52) expr -> . MINUS expr
    (53) expr -> . expr IMAG
    (54) expr -> . comp
    (55) expr -> . assign_expr
    (56) expr -> . BEGIN sequence END
    (57) expr -> . BEGIN END
    (58) expr -> . expr POWER expr
    (59) expr -> . LET letrec_assign IN expr DOT
    (60) expr -> . OPEN_BRACKETS param_list CLOSED_BRACKETS
    (61) expr -> . OPEN_BRACKETS expr CLOSED_BRACKETS
    (62) expr -> . OPEN_BRACKETS CLOSED_BRACKETS
    (63) expr -> . STRUCT BEGIN assign_list END
    (64) expr -> . STRUCT BEGIN END
    (65) expr -> . expr TIMES expr
    (66) expr -> . expr DIVIDE_CEIL expr
    (67) expr -> . expr DIVIDE_FLOOR expr
    (68) expr -> . expr DIVIDE expr
    (69) expr -> . expr AND expr
    (70) expr -> . expr XOR expr
    (71) expr -> . expr OR expr
    (73) expr -> . FLOAT
    (74) expr -> . IF expr THEN COMMA expr DOT
    (75) expr -> . IF expr THEN COMMA expr else_elif_body DOT
    (76) expr -> . IMPORT file
    (77) expr -> . OPEN_BRACKETS expr DOT DOT expr CLOSED_BRACKETS
    (78) expr -> . CLOSED_BRACKETS expr DOT DOT expr CLOSED_BRACKETS
    (79) expr -> . OPEN_BRACKETS expr DOT DOT expr OPEN_BRACKETS
    (80) expr -> . CLOSED_BRACKETS expr DOT DOT expr OPEN_BRACKETS
    (81) expr -> . LAMBDA para ARROW type COLON expr
    (82) expr -> . NULL
    (85) expr -> . LPAREN param_list RPAREN
    (86) expr -> . LOOP IDENTIFIER IN expr LOOPTHEN expr DOT
    (87) expr -> . MATCH expr WITH cases DOT
    (88) expr -> . NUMBER
    (115) expr -> . LPAREN expr RPAREN
    (120) expr -> . STRING
    (130) expr -> . T_UNDEF expr
    (131) expr -> . IDENTIFIER
    (132) expr -> . WHILE expr THEN COMMA expr DOT
    (29) comp -> . expr EQUALS expr
    (30) comp -> . comp EQUALS expr
    (31) comp -> . expr GREATER_EQUALS expr
    (32) comp -> . comp GREATER_EQUALS expr
    (33) comp -> . expr UNEQUALS expr
    (34) comp -> . comp UNEQUALS expr
    (35) comp -> . expr GREATER_THAN expr
    (36) comp -> . comp GREATER_THAN expr
    (37) comp -> . expr SMALLER_THAN expr
    (38) comp -> . comp SMALLER_THAN expr
    (39) comp -> . expr SMALLER_EQUALS expr
    (40) comp -> . comp SMALLER_EQUALS expr
    (22) assign_expr -> . type IDENTIFIER ASSIGN expr
    (23) assign_expr -> . IDENTIFIER ASSIGN expr
    (121) type -> . T_INT
    (122) type -> . T_FLOAT
    (123) type -> . T_STRING
    (124) type -> . T_COMPLEX
    (125) type -> . LPAREN type_arg RPAREN ARROW type
    (126) type -> . type ARROW type
    (127) type -> . OPEN_BRACKETS CLOSED_BRACKETS type

    IDENTIFIER      shift and go to state 6
    NOT             shift and go to state 9
    PLUS            shift and go to state 4
    MINUS           shift and go to state 8
    BEGIN           shift and go to state 12
    LET             shift and go to state 13
    OPEN_BRACKETS   shift and go to state 3
    STRUCT          shift and go to state 14
    FLOAT           shift and go to state 15
    IF              shift and go to state 16
    IMPORT          shift and go to state 17
    CLOSED_BRACKETS shift and go to state 5
    LAMBDA          shift and go to state 18
    NULL            shift and go to state 20
    LPAREN          shift and go to state 7
    LOOP            shift and go to state 21
    MATCH           shift and go to state 22
    NUMBER          shift and go to state 23
    STRING          shift and go to state 24
    T_UNDEF         shift and go to state 25
    WHILE           shift and go to state 26
    T_INT           shift and go to state 27
    T_FLOAT         shift and go to state 28
    T_STRING        shift and go to state 29
    T_COMPLEX       shift and go to state 30

    expr                           shift and go to state 112
    comp                           shift and go to state 10
    assign_expr                    shift and go to state 11
    type                           shift and go to state 19

state 27

    (121) type -> T_INT .

    IDENTIFIER      reduce using rule 121 (type -> T_INT .)
    ARROW           reduce using rule 121 (type -> T_INT .)
    COMMA           reduce using rule 121 (type -> T_INT .)
    RPAREN          reduce using rule 121 (type -> T_INT .)
    COLON           reduce using rule 121 (type -> T_INT .)


state 28

    (122) type -> T_FLOAT .

    IDENTIFIER      reduce using rule 122 (type -> T_FLOAT .)
    ARROW           reduce using rule 122 (type -> T_FLOAT .)
    COMMA           reduce using rule 122 (type -> T_FLOAT .)
    RPAREN          reduce using rule 122 (type -> T_FLOAT .)
    COLON           reduce using rule 122 (type -> T_FLOAT .)


state 29

    (123) type -> T_STRING .

    IDENTIFIER      reduce using rule 123 (type -> T_STRING .)
    ARROW           reduce using rule 123 (type -> T_STRING .)
    COMMA           reduce using rule 123 (type -> T_STRING .)
    RPAREN          reduce using rule 123 (type -> T_STRING .)
    COLON           reduce using rule 123 (type -> T_STRING .)


state 30

    (124) type -> T_COMPLEX .

    IDENTIFIER      reduce using rule 124 (type -> T_COMPLEX .)
    ARROW           reduce using rule 124 (type -> T_COMPLEX .)
    COMMA           reduce using rule 124 (type -> T_COMPLEX .)
    RPAREN          reduce using rule 124 (type -> T_COMPLEX .)
    COLON           reduce using rule 124 (type -> T_COMPLEX .)


state 31

    (1) expr -> expr ARROW . expr
    (1) expr -> . expr ARROW expr
    (2) expr -> . expr OPEN_BRACKETS PLUS CLOSED_BRACKETS
    (3) expr -> . expr OPEN_BRACKETS expr CLOSED_BRACKETS
    (4) expr -> . IDENTIFIER PLUS_ASSIGN expr
    (5) expr -> . IDENTIFIER MINUS_ASSIGN expr
    (6) expr -> . IDENTIFIER SMALLER_EQUALS_ASSIGN expr
    (7) expr -> . IDENTIFIER GREATER_THAN_ASSIGN expr
    (8) expr -> . IDENTIFIER SMALLER_THAN_ASSIGN expr
    (9) expr -> . IDENTIFIER AND_ASSIGN expr
    (10) expr -> . IDENTIFIER OR_ASSIGN expr
    (11) expr -> . IDENTIFIER XOR_ASSIGN expr
    (12) expr -> . IDENTIFIER MOD_ASSIGN expr
    (13) expr -> . IDENTIFIER EXP_ASSIGN expr
    (14) expr -> . IDENTIFIER POWER_ASSIGN expr
    (15) expr -> . IDENTIFIER TIMES_ASSIGN expr
    (16) expr -> . IDENTIFIER DIVIDE_CEIL_ASSIGN expr
    (17) expr -> . IDENTIFIER DIVIDE_FLOOR_ASSIGN expr
    (18) expr -> . IDENTIFIER DIVIDE_ASSIGN expr
    (19) expr -> . IDENTIFIER EQUALS_ASSIGN expr
    (20) expr -> . IDENTIFIER UNEQUALS_ASSIGN expr
    (21) expr -> . IDENTIFIER GREATER_EQUALS_ASSIGN expr
    (26) expr -> . expr LPAREN para_expr RPAREN
    (41) expr -> . expr CONS expr
    (46) expr -> . expr PLUS expr
    (47) expr -> . expr MINUS expr
    (48) expr -> . expr EXP expr
    (49) expr -> . expr MOD expr
    (50) expr -> . NOT expr
    (51) expr -> . PLUS expr
    (52) expr -> . MINUS expr
    (53) expr -> . expr IMAG
    (54) expr -> . comp
    (55) expr -> . assign_expr
    (56) expr -> . BEGIN sequence END
    (57) expr -> . BEGIN END
    (58) expr -> . expr POWER expr
    (59) expr -> . LET letrec_assign IN expr DOT
    (60) expr -> . OPEN_BRACKETS param_list CLOSED_BRACKETS
    (61) expr -> . OPEN_BRACKETS expr CLOSED_BRACKETS
    (62) expr -> . OPEN_BRACKETS CLOSED_BRACKETS
    (63) expr -> . STRUCT BEGIN assign_list END
    (64) expr -> . STRUCT BEGIN END
    (65) expr -> . expr TIMES expr
    (66) expr -> . expr DIVIDE_CEIL expr
    (67) expr -> . expr DIVIDE_FLOOR expr
    (68) expr -> . expr DIVIDE expr
    (69) expr -> . expr AND expr
    (70) expr -> . expr XOR expr
    (71) expr -> . expr OR expr
    (73) expr -> . FLOAT
    (74) expr -> . IF expr THEN COMMA expr DOT
    (75) expr -> . IF expr THEN COMMA expr else_elif_body DOT
    (76) expr -> . IMPORT file
    (77) expr -> . OPEN_BRACKETS expr DOT DOT expr CLOSED_BRACKETS
    (78) expr -> . CLOSED_BRACKETS expr DOT DOT expr CLOSED_BRACKETS
    (79) expr -> . OPEN_BRACKETS expr DOT DOT expr OPEN_BRACKETS
    (80) expr -> . CLOSED_BRACKETS expr DOT DOT expr OPEN_BRACKETS
    (81) expr -> . LAMBDA para ARROW type COLON expr
    (82) expr -> . NULL
    (85) expr -> . LPAREN param_list RPAREN
    (86) expr -> . LOOP IDENTIFIER IN expr LOOPTHEN expr DOT
    (87) expr -> . MATCH expr WITH cases DOT
    (88) expr -> . NUMBER
    (115) expr -> . LPAREN expr RPAREN
    (120) expr -> . STRING
    (130) expr -> . T_UNDEF expr
    (131) expr -> . IDENTIFIER
    (132) expr -> . WHILE expr THEN COMMA expr DOT
    (29) comp -> . expr EQUALS expr
    (30) comp -> . comp EQUALS expr
    (31) comp -> . expr GREATER_EQUALS expr
    (32) comp -> . comp GREATER_EQUALS expr
    (33) comp -> . expr UNEQUALS expr
    (34) comp -> . comp UNEQUALS expr
    (35) comp -> . expr GREATER_THAN expr
    (36) comp -> . comp GREATER_THAN expr
    (37) comp -> . expr SMALLER_THAN expr
    (38) comp -> . comp SMALLER_THAN expr
    (39) comp -> . expr SMALLER_EQUALS expr
    (40) comp -> . comp SMALLER_EQUALS expr
    (22) assign_expr -> . type IDENTIFIER ASSIGN expr
    (23) assign_expr -> . IDENTIFIER ASSIGN expr
    (121) type -> . T_INT
    (122) type -> . T_FLOAT
    (123) type -> . T_STRING
    (124) type -> . T_COMPLEX
    (125) type -> . LPAREN type_arg RPAREN ARROW type
    (126) type -> . type ARROW type
    (127) type -> . OPEN_BRACKETS CLOSED_BRACKETS type

    IDENTIFIER      shift and go to state 6
    NOT             shift and go to state 9
    PLUS            shift and go to state 4
    MINUS           shift and go to state 8
    BEGIN           shift and go to state 12
    LET             shift and go to state 13
    OPEN_BRACKETS   shift and go to state 3
    STRUCT          shift and go to state 14
    FLOAT           shift and go to state 15
    IF              shift and go to state 16
    IMPORT          shift and go to state 17
    CLOSED_BRACKETS shift and go to state 5
    LAMBDA          shift and go to state 18
    NULL            shift and go to state 20
    LPAREN          shift and go to state 7
    LOOP            shift and go to state 21
    MATCH           shift and go to state 22
    NUMBER          shift and go to state 23
    STRING          shift and go to state 24
    T_UNDEF         shift and go to state 25
    WHILE           shift and go to state 26
    T_INT           shift and go to state 27
    T_FLOAT         shift and go to state 28
    T_STRING        shift and go to state 29
    T_COMPLEX       shift and go to state 30

    expr                           shift and go to state 113
    comp                           shift and go to state 10
    assign_expr                    shift and go to state 11
    type                           shift and go to state 19

state 32

    (2) expr -> expr OPEN_BRACKETS . PLUS CLOSED_BRACKETS
    (3) expr -> expr OPEN_BRACKETS . expr CLOSED_BRACKETS
    (1) expr -> . expr ARROW expr
    (2) expr -> . expr OPEN_BRACKETS PLUS CLOSED_BRACKETS
    (3) expr -> . expr OPEN_BRACKETS expr CLOSED_BRACKETS
    (4) expr -> . IDENTIFIER PLUS_ASSIGN expr
    (5) expr -> . IDENTIFIER MINUS_ASSIGN expr
    (6) expr -> . IDENTIFIER SMALLER_EQUALS_ASSIGN expr
    (7) expr -> . IDENTIFIER GREATER_THAN_ASSIGN expr
    (8) expr -> . IDENTIFIER SMALLER_THAN_ASSIGN expr
    (9) expr -> . IDENTIFIER AND_ASSIGN expr
    (10) expr -> . IDENTIFIER OR_ASSIGN expr
    (11) expr -> . IDENTIFIER XOR_ASSIGN expr
    (12) expr -> . IDENTIFIER MOD_ASSIGN expr
    (13) expr -> . IDENTIFIER EXP_ASSIGN expr
    (14) expr -> . IDENTIFIER POWER_ASSIGN expr
    (15) expr -> . IDENTIFIER TIMES_ASSIGN expr
    (16) expr -> . IDENTIFIER DIVIDE_CEIL_ASSIGN expr
    (17) expr -> . IDENTIFIER DIVIDE_FLOOR_ASSIGN expr
    (18) expr -> . IDENTIFIER DIVIDE_ASSIGN expr
    (19) expr -> . IDENTIFIER EQUALS_ASSIGN expr
    (20) expr -> . IDENTIFIER UNEQUALS_ASSIGN expr
    (21) expr -> . IDENTIFIER GREATER_EQUALS_ASSIGN expr
    (26) expr -> . expr LPAREN para_expr RPAREN
    (41) expr -> . expr CONS expr
    (46) expr -> . expr PLUS expr
    (47) expr -> . expr MINUS expr
    (48) expr -> . expr EXP expr
    (49) expr -> . expr MOD expr
    (50) expr -> . NOT expr
    (51) expr -> . PLUS expr
    (52) expr -> . MINUS expr
    (53) expr -> . expr IMAG
    (54) expr -> . comp
    (55) expr -> . assign_expr
    (56) expr -> . BEGIN sequence END
    (57) expr -> . BEGIN END
    (58) expr -> . expr POWER expr
    (59) expr -> . LET letrec_assign IN expr DOT
    (60) expr -> . OPEN_BRACKETS param_list CLOSED_BRACKETS
    (61) expr -> . OPEN_BRACKETS expr CLOSED_BRACKETS
    (62) expr -> . OPEN_BRACKETS CLOSED_BRACKETS
    (63) expr -> . STRUCT BEGIN assign_list END
    (64) expr -> . STRUCT BEGIN END
    (65) expr -> . expr TIMES expr
    (66) expr -> . expr DIVIDE_CEIL expr
    (67) expr -> . expr DIVIDE_FLOOR expr
    (68) expr -> . expr DIVIDE expr
    (69) expr -> . expr AND expr
    (70) expr -> . expr XOR expr
    (71) expr -> . expr OR expr
    (73) expr -> . FLOAT
    (74) expr -> . IF expr THEN COMMA expr DOT
    (75) expr -> . IF expr THEN COMMA expr else_elif_body DOT
    (76) expr -> . IMPORT file
    (77) expr -> . OPEN_BRACKETS expr DOT DOT expr CLOSED_BRACKETS
    (78) expr -> . CLOSED_BRACKETS expr DOT DOT expr CLOSED_BRACKETS
    (79) expr -> . OPEN_BRACKETS expr DOT DOT expr OPEN_BRACKETS
    (80) expr -> . CLOSED_BRACKETS expr DOT DOT expr OPEN_BRACKETS
    (81) expr -> . LAMBDA para ARROW type COLON expr
    (82) expr -> . NULL
    (85) expr -> . LPAREN param_list RPAREN
    (86) expr -> . LOOP IDENTIFIER IN expr LOOPTHEN expr DOT
    (87) expr -> . MATCH expr WITH cases DOT
    (88) expr -> . NUMBER
    (115) expr -> . LPAREN expr RPAREN
    (120) expr -> . STRING
    (130) expr -> . T_UNDEF expr
    (131) expr -> . IDENTIFIER
    (132) expr -> . WHILE expr THEN COMMA expr DOT
    (29) comp -> . expr EQUALS expr
    (30) comp -> . comp EQUALS expr
    (31) comp -> . expr GREATER_EQUALS expr
    (32) comp -> . comp GREATER_EQUALS expr
    (33) comp -> . expr UNEQUALS expr
    (34) comp -> . comp UNEQUALS expr
    (35) comp -> . expr GREATER_THAN expr
    (36) comp -> . comp GREATER_THAN expr
    (37) comp -> . expr SMALLER_THAN expr
    (38) comp -> . comp SMALLER_THAN expr
    (39) comp -> . expr SMALLER_EQUALS expr
    (40) comp -> . comp SMALLER_EQUALS expr
    (22) assign_expr -> . type IDENTIFIER ASSIGN expr
    (23) assign_expr -> . IDENTIFIER ASSIGN expr
    (121) type -> . T_INT
    (122) type -> . T_FLOAT
    (123) type -> . T_STRING
    (124) type -> . T_COMPLEX
    (125) type -> . LPAREN type_arg RPAREN ARROW type
    (126) type -> . type ARROW type
    (127) type -> . OPEN_BRACKETS CLOSED_BRACKETS type

    PLUS            shift and go to state 115
    IDENTIFIER      shift and go to state 6
    NOT             shift and go to state 9
    MINUS           shift and go to state 8
    BEGIN           shift and go to state 12
    LET             shift and go to state 13
    OPEN_BRACKETS   shift and go to state 3
    STRUCT          shift and go to state 14
    FLOAT           shift and go to state 15
    IF              shift and go to state 16
    IMPORT          shift and go to state 17
    CLOSED_BRACKETS shift and go to state 5
    LAMBDA          shift and go to state 18
    NULL            shift and go to state 20
    LPAREN          shift and go to state 7
    LOOP            shift and go to state 21
    MATCH           shift and go to state 22
    NUMBER          shift and go to state 23
    STRING          shift and go to state 24
    T_UNDEF         shift and go to state 25
    WHILE           shift and go to state 26
    T_INT           shift and go to state 27
    T_FLOAT         shift and go to state 28
    T_STRING        shift and go to state 29
    T_COMPLEX       shift and go to state 30

    expr                           shift and go to state 114
    comp                           shift and go to state 10
    assign_expr                    shift and go to state 11
    type                           shift and go to state 19

state 33

    (46) expr -> expr PLUS . expr
    (1) expr -> . expr ARROW expr
    (2) expr -> . expr OPEN_BRACKETS PLUS CLOSED_BRACKETS
    (3) expr -> . expr OPEN_BRACKETS expr CLOSED_BRACKETS
    (4) expr -> . IDENTIFIER PLUS_ASSIGN expr
    (5) expr -> . IDENTIFIER MINUS_ASSIGN expr
    (6) expr -> . IDENTIFIER SMALLER_EQUALS_ASSIGN expr
    (7) expr -> . IDENTIFIER GREATER_THAN_ASSIGN expr
    (8) expr -> . IDENTIFIER SMALLER_THAN_ASSIGN expr
    (9) expr -> . IDENTIFIER AND_ASSIGN expr
    (10) expr -> . IDENTIFIER OR_ASSIGN expr
    (11) expr -> . IDENTIFIER XOR_ASSIGN expr
    (12) expr -> . IDENTIFIER MOD_ASSIGN expr
    (13) expr -> . IDENTIFIER EXP_ASSIGN expr
    (14) expr -> . IDENTIFIER POWER_ASSIGN expr
    (15) expr -> . IDENTIFIER TIMES_ASSIGN expr
    (16) expr -> . IDENTIFIER DIVIDE_CEIL_ASSIGN expr
    (17) expr -> . IDENTIFIER DIVIDE_FLOOR_ASSIGN expr
    (18) expr -> . IDENTIFIER DIVIDE_ASSIGN expr
    (19) expr -> . IDENTIFIER EQUALS_ASSIGN expr
    (20) expr -> . IDENTIFIER UNEQUALS_ASSIGN expr
    (21) expr -> . IDENTIFIER GREATER_EQUALS_ASSIGN expr
    (26) expr -> . expr LPAREN para_expr RPAREN
    (41) expr -> . expr CONS expr
    (46) expr -> . expr PLUS expr
    (47) expr -> . expr MINUS expr
    (48) expr -> . expr EXP expr
    (49) expr -> . expr MOD expr
    (50) expr -> . NOT expr
    (51) expr -> . PLUS expr
    (52) expr -> . MINUS expr
    (53) expr -> . expr IMAG
    (54) expr -> . comp
    (55) expr -> . assign_expr
    (56) expr -> . BEGIN sequence END
    (57) expr -> . BEGIN END
    (58) expr -> . expr POWER expr
    (59) expr -> . LET letrec_assign IN expr DOT
    (60) expr -> . OPEN_BRACKETS param_list CLOSED_BRACKETS
    (61) expr -> . OPEN_BRACKETS expr CLOSED_BRACKETS
    (62) expr -> . OPEN_BRACKETS CLOSED_BRACKETS
    (63) expr -> . STRUCT BEGIN assign_list END
    (64) expr -> . STRUCT BEGIN END
    (65) expr -> . expr TIMES expr
    (66) expr -> . expr DIVIDE_CEIL expr
    (67) expr -> . expr DIVIDE_FLOOR expr
    (68) expr -> . expr DIVIDE expr
    (69) expr -> . expr AND expr
    (70) expr -> . expr XOR expr
    (71) expr -> . expr OR expr
    (73) expr -> . FLOAT
    (74) expr -> . IF expr THEN COMMA expr DOT
    (75) expr -> . IF expr THEN COMMA expr else_elif_body DOT
    (76) expr -> . IMPORT file
    (77) expr -> . OPEN_BRACKETS expr DOT DOT expr CLOSED_BRACKETS
    (78) expr -> . CLOSED_BRACKETS expr DOT DOT expr CLOSED_BRACKETS
    (79) expr -> . OPEN_BRACKETS expr DOT DOT expr OPEN_BRACKETS
    (80) expr -> . CLOSED_BRACKETS expr DOT DOT expr OPEN_BRACKETS
    (81) expr -> . LAMBDA para ARROW type COLON expr
    (82) expr -> . NULL
    (85) expr -> . LPAREN param_list RPAREN
    (86) expr -> . LOOP IDENTIFIER IN expr LOOPTHEN expr DOT
    (87) expr -> . MATCH expr WITH cases DOT
    (88) expr -> . NUMBER
    (115) expr -> . LPAREN expr RPAREN
    (120) expr -> . STRING
    (130) expr -> . T_UNDEF expr
    (131) expr -> . IDENTIFIER
    (132) expr -> . WHILE expr THEN COMMA expr DOT
    (29) comp -> . expr EQUALS expr
    (30) comp -> . comp EQUALS expr
    (31) comp -> . expr GREATER_EQUALS expr
    (32) comp -> . comp GREATER_EQUALS expr
    (33) comp -> . expr UNEQUALS expr
    (34) comp -> . comp UNEQUALS expr
    (35) comp -> . expr GREATER_THAN expr
    (36) comp -> . comp GREATER_THAN expr
    (37) comp -> . expr SMALLER_THAN expr
    (38) comp -> . comp SMALLER_THAN expr
    (39) comp -> . expr SMALLER_EQUALS expr
    (40) comp -> . comp SMALLER_EQUALS expr
    (22) assign_expr -> . type IDENTIFIER ASSIGN expr
    (23) assign_expr -> . IDENTIFIER ASSIGN expr
    (121) type -> . T_INT
    (122) type -> . T_FLOAT
    (123) type -> . T_STRING
    (124) type -> . T_COMPLEX
    (125) type -> . LPAREN type_arg RPAREN ARROW type
    (126) type -> . type ARROW type
    (127) type -> . OPEN_BRACKETS CLOSED_BRACKETS type

    IDENTIFIER      shift and go to state 6
    NOT             shift and go to state 9
    PLUS            shift and go to state 4
    MINUS           shift and go to state 8
    BEGIN           shift and go to state 12
    LET             shift and go to state 13
    OPEN_BRACKETS   shift and go to state 3
    STRUCT          shift and go to state 14
    FLOAT           shift and go to state 15
    IF              shift and go to state 16
    IMPORT          shift and go to state 17
    CLOSED_BRACKETS shift and go to state 5
    LAMBDA          shift and go to state 18
    NULL            shift and go to state 20
    LPAREN          shift and go to state 7
    LOOP            shift and go to state 21
    MATCH           shift and go to state 22
    NUMBER          shift and go to state 23
    STRING          shift and go to state 24
    T_UNDEF         shift and go to state 25
    WHILE           shift and go to state 26
    T_INT           shift and go to state 27
    T_FLOAT         shift and go to state 28
    T_STRING        shift and go to state 29
    T_COMPLEX       shift and go to state 30

    expr                           shift and go to state 116
    comp                           shift and go to state 10
    assign_expr                    shift and go to state 11
    type                           shift and go to state 19

state 34

    (26) expr -> expr LPAREN . para_expr RPAREN
    (93) para_expr -> . param_pos_expr
    (94) para_expr -> . empty
    (107) param_pos_expr -> . expr COMMA param_pos_expr
    (108) param_pos_expr -> . expr
    (109) param_pos_expr -> . para_keywords_expr
    (45) empty -> .
    (1) expr -> . expr ARROW expr
    (2) expr -> . expr OPEN_BRACKETS PLUS CLOSED_BRACKETS
    (3) expr -> . expr OPEN_BRACKETS expr CLOSED_BRACKETS
    (4) expr -> . IDENTIFIER PLUS_ASSIGN expr
    (5) expr -> . IDENTIFIER MINUS_ASSIGN expr
    (6) expr -> . IDENTIFIER SMALLER_EQUALS_ASSIGN expr
    (7) expr -> . IDENTIFIER GREATER_THAN_ASSIGN expr
    (8) expr -> . IDENTIFIER SMALLER_THAN_ASSIGN expr
    (9) expr -> . IDENTIFIER AND_ASSIGN expr
    (10) expr -> . IDENTIFIER OR_ASSIGN expr
    (11) expr -> . IDENTIFIER XOR_ASSIGN expr
    (12) expr -> . IDENTIFIER MOD_ASSIGN expr
    (13) expr -> . IDENTIFIER EXP_ASSIGN expr
    (14) expr -> . IDENTIFIER POWER_ASSIGN expr
    (15) expr -> . IDENTIFIER TIMES_ASSIGN expr
    (16) expr -> . IDENTIFIER DIVIDE_CEIL_ASSIGN expr
    (17) expr -> . IDENTIFIER DIVIDE_FLOOR_ASSIGN expr
    (18) expr -> . IDENTIFIER DIVIDE_ASSIGN expr
    (19) expr -> . IDENTIFIER EQUALS_ASSIGN expr
    (20) expr -> . IDENTIFIER UNEQUALS_ASSIGN expr
    (21) expr -> . IDENTIFIER GREATER_EQUALS_ASSIGN expr
    (26) expr -> . expr LPAREN para_expr RPAREN
    (41) expr -> . expr CONS expr
    (46) expr -> . expr PLUS expr
    (47) expr -> . expr MINUS expr
    (48) expr -> . expr EXP expr
    (49) expr -> . expr MOD expr
    (50) expr -> . NOT expr
    (51) expr -> . PLUS expr
    (52) expr -> . MINUS expr
    (53) expr -> . expr IMAG
    (54) expr -> . comp
    (55) expr -> . assign_expr
    (56) expr -> . BEGIN sequence END
    (57) expr -> . BEGIN END
    (58) expr -> . expr POWER expr
    (59) expr -> . LET letrec_assign IN expr DOT
    (60) expr -> . OPEN_BRACKETS param_list CLOSED_BRACKETS
    (61) expr -> . OPEN_BRACKETS expr CLOSED_BRACKETS
    (62) expr -> . OPEN_BRACKETS CLOSED_BRACKETS
    (63) expr -> . STRUCT BEGIN assign_list END
    (64) expr -> . STRUCT BEGIN END
    (65) expr -> . expr TIMES expr
    (66) expr -> . expr DIVIDE_CEIL expr
    (67) expr -> . expr DIVIDE_FLOOR expr
    (68) expr -> . expr DIVIDE expr
    (69) expr -> . expr AND expr
    (70) expr -> . expr XOR expr
    (71) expr -> . expr OR expr
    (73) expr -> . FLOAT
    (74) expr -> . IF expr THEN COMMA expr DOT
    (75) expr -> . IF expr THEN COMMA expr else_elif_body DOT
    (76) expr -> . IMPORT file
    (77) expr -> . OPEN_BRACKETS expr DOT DOT expr CLOSED_BRACKETS
    (78) expr -> . CLOSED_BRACKETS expr DOT DOT expr CLOSED_BRACKETS
    (79) expr -> . OPEN_BRACKETS expr DOT DOT expr OPEN_BRACKETS
    (80) expr -> . CLOSED_BRACKETS expr DOT DOT expr OPEN_BRACKETS
    (81) expr -> . LAMBDA para ARROW type COLON expr
    (82) expr -> . NULL
    (85) expr -> . LPAREN param_list RPAREN
    (86) expr -> . LOOP IDENTIFIER IN expr LOOPTHEN expr DOT
    (87) expr -> . MATCH expr WITH cases DOT
    (88) expr -> . NUMBER
    (115) expr -> . LPAREN expr RPAREN
    (120) expr -> . STRING
    (130) expr -> . T_UNDEF expr
    (131) expr -> . IDENTIFIER
    (132) expr -> . WHILE expr THEN COMMA expr DOT
    (97) para_keywords_expr -> . expr COLON expr COMMA para_keywords_expr
    (98) para_keywords_expr -> . expr COLON expr
    (29) comp -> . expr EQUALS expr
    (30) comp -> . comp EQUALS expr
    (31) comp -> . expr GREATER_EQUALS expr
    (32) comp -> . comp GREATER_EQUALS expr
    (33) comp -> . expr UNEQUALS expr
    (34) comp -> . comp UNEQUALS expr
    (35) comp -> . expr GREATER_THAN expr
    (36) comp -> . comp GREATER_THAN expr
    (37) comp -> . expr SMALLER_THAN expr
    (38) comp -> . comp SMALLER_THAN expr
    (39) comp -> . expr SMALLER_EQUALS expr
    (40) comp -> . comp SMALLER_EQUALS expr
    (22) assign_expr -> . type IDENTIFIER ASSIGN expr
    (23) assign_expr -> . IDENTIFIER ASSIGN expr
    (121) type -> . T_INT
    (122) type -> . T_FLOAT
    (123) type -> . T_STRING
    (124) type -> . T_COMPLEX
    (125) type -> . LPAREN type_arg RPAREN ARROW type
    (126) type -> . type ARROW type
    (127) type -> . OPEN_BRACKETS CLOSED_BRACKETS type

    RPAREN          reduce using rule 45 (empty -> .)
    IDENTIFIER      shift and go to state 6
    NOT             shift and go to state 9
    PLUS            shift and go to state 4
    MINUS           shift and go to state 8
    BEGIN           shift and go to state 12
    LET             shift and go to state 13
    OPEN_BRACKETS   shift and go to state 3
    STRUCT          shift and go to state 14
    FLOAT           shift and go to state 15
    IF              shift and go to state 16
    IMPORT          shift and go to state 17
    CLOSED_BRACKETS shift and go to state 5
    LAMBDA          shift and go to state 18
    NULL            shift and go to state 20
    LPAREN          shift and go to state 7
    LOOP            shift and go to state 21
    MATCH           shift and go to state 22
    NUMBER          shift and go to state 23
    STRING          shift and go to state 24
    T_UNDEF         shift and go to state 25
    WHILE           shift and go to state 26
    T_INT           shift and go to state 27
    T_FLOAT         shift and go to state 28
    T_STRING        shift and go to state 29
    T_COMPLEX       shift and go to state 30

    expr                           shift and go to state 117
    para_expr                      shift and go to state 118
    param_pos_expr                 shift and go to state 119
    empty                          shift and go to state 120
    para_keywords_expr             shift and go to state 121
    comp                           shift and go to state 10
    assign_expr                    shift and go to state 11
    type                           shift and go to state 19

state 35

    (41) expr -> expr CONS . expr
    (1) expr -> . expr ARROW expr
    (2) expr -> . expr OPEN_BRACKETS PLUS CLOSED_BRACKETS
    (3) expr -> . expr OPEN_BRACKETS expr CLOSED_BRACKETS
    (4) expr -> . IDENTIFIER PLUS_ASSIGN expr
    (5) expr -> . IDENTIFIER MINUS_ASSIGN expr
    (6) expr -> . IDENTIFIER SMALLER_EQUALS_ASSIGN expr
    (7) expr -> . IDENTIFIER GREATER_THAN_ASSIGN expr
    (8) expr -> . IDENTIFIER SMALLER_THAN_ASSIGN expr
    (9) expr -> . IDENTIFIER AND_ASSIGN expr
    (10) expr -> . IDENTIFIER OR_ASSIGN expr
    (11) expr -> . IDENTIFIER XOR_ASSIGN expr
    (12) expr -> . IDENTIFIER MOD_ASSIGN expr
    (13) expr -> . IDENTIFIER EXP_ASSIGN expr
    (14) expr -> . IDENTIFIER POWER_ASSIGN expr
    (15) expr -> . IDENTIFIER TIMES_ASSIGN expr
    (16) expr -> . IDENTIFIER DIVIDE_CEIL_ASSIGN expr
    (17) expr -> . IDENTIFIER DIVIDE_FLOOR_ASSIGN expr
    (18) expr -> . IDENTIFIER DIVIDE_ASSIGN expr
    (19) expr -> . IDENTIFIER EQUALS_ASSIGN expr
    (20) expr -> . IDENTIFIER UNEQUALS_ASSIGN expr
    (21) expr -> . IDENTIFIER GREATER_EQUALS_ASSIGN expr
    (26) expr -> . expr LPAREN para_expr RPAREN
    (41) expr -> . expr CONS expr
    (46) expr -> . expr PLUS expr
    (47) expr -> . expr MINUS expr
    (48) expr -> . expr EXP expr
    (49) expr -> . expr MOD expr
    (50) expr -> . NOT expr
    (51) expr -> . PLUS expr
    (52) expr -> . MINUS expr
    (53) expr -> . expr IMAG
    (54) expr -> . comp
    (55) expr -> . assign_expr
    (56) expr -> . BEGIN sequence END
    (57) expr -> . BEGIN END
    (58) expr -> . expr POWER expr
    (59) expr -> . LET letrec_assign IN expr DOT
    (60) expr -> . OPEN_BRACKETS param_list CLOSED_BRACKETS
    (61) expr -> . OPEN_BRACKETS expr CLOSED_BRACKETS
    (62) expr -> . OPEN_BRACKETS CLOSED_BRACKETS
    (63) expr -> . STRUCT BEGIN assign_list END
    (64) expr -> . STRUCT BEGIN END
    (65) expr -> . expr TIMES expr
    (66) expr -> . expr DIVIDE_CEIL expr
    (67) expr -> . expr DIVIDE_FLOOR expr
    (68) expr -> . expr DIVIDE expr
    (69) expr -> . expr AND expr
    (70) expr -> . expr XOR expr
    (71) expr -> . expr OR expr
    (73) expr -> . FLOAT
    (74) expr -> . IF expr THEN COMMA expr DOT
    (75) expr -> . IF expr THEN COMMA expr else_elif_body DOT
    (76) expr -> . IMPORT file
    (77) expr -> . OPEN_BRACKETS expr DOT DOT expr CLOSED_BRACKETS
    (78) expr -> . CLOSED_BRACKETS expr DOT DOT expr CLOSED_BRACKETS
    (79) expr -> . OPEN_BRACKETS expr DOT DOT expr OPEN_BRACKETS
    (80) expr -> . CLOSED_BRACKETS expr DOT DOT expr OPEN_BRACKETS
    (81) expr -> . LAMBDA para ARROW type COLON expr
    (82) expr -> . NULL
    (85) expr -> . LPAREN param_list RPAREN
    (86) expr -> . LOOP IDENTIFIER IN expr LOOPTHEN expr DOT
    (87) expr -> . MATCH expr WITH cases DOT
    (88) expr -> . NUMBER
    (115) expr -> . LPAREN expr RPAREN
    (120) expr -> . STRING
    (130) expr -> . T_UNDEF expr
    (131) expr -> . IDENTIFIER
    (132) expr -> . WHILE expr THEN COMMA expr DOT
    (29) comp -> . expr EQUALS expr
    (30) comp -> . comp EQUALS expr
    (31) comp -> . expr GREATER_EQUALS expr
    (32) comp -> . comp GREATER_EQUALS expr
    (33) comp -> . expr UNEQUALS expr
    (34) comp -> . comp UNEQUALS expr
    (35) comp -> . expr GREATER_THAN expr
    (36) comp -> . comp GREATER_THAN expr
    (37) comp -> . expr SMALLER_THAN expr
    (38) comp -> . comp SMALLER_THAN expr
    (39) comp -> . expr SMALLER_EQUALS expr
    (40) comp -> . comp SMALLER_EQUALS expr
    (22) assign_expr -> . type IDENTIFIER ASSIGN expr
    (23) assign_expr -> . IDENTIFIER ASSIGN expr
    (121) type -> . T_INT
    (122) type -> . T_FLOAT
    (123) type -> . T_STRING
    (124) type -> . T_COMPLEX
    (125) type -> . LPAREN type_arg RPAREN ARROW type
    (126) type -> . type ARROW type
    (127) type -> . OPEN_BRACKETS CLOSED_BRACKETS type

    IDENTIFIER      shift and go to state 6
    NOT             shift and go to state 9
    PLUS            shift and go to state 4
    MINUS           shift and go to state 8
    BEGIN           shift and go to state 12
    LET             shift and go to state 13
    OPEN_BRACKETS   shift and go to state 3
    STRUCT          shift and go to state 14
    FLOAT           shift and go to state 15
    IF              shift and go to state 16
    IMPORT          shift and go to state 17
    CLOSED_BRACKETS shift and go to state 5
    LAMBDA          shift and go to state 18
    NULL            shift and go to state 20
    LPAREN          shift and go to state 7
    LOOP            shift and go to state 21
    MATCH           shift and go to state 22
    NUMBER          shift and go to state 23
    STRING          shift and go to state 24
    T_UNDEF         shift and go to state 25
    WHILE           shift and go to state 26
    T_INT           shift and go to state 27
    T_FLOAT         shift and go to state 28
    T_STRING        shift and go to state 29
    T_COMPLEX       shift and go to state 30

    expr                           shift and go to state 122
    comp                           shift and go to state 10
    assign_expr                    shift and go to state 11
    type                           shift and go to state 19

state 36

    (47) expr -> expr MINUS . expr
    (1) expr -> . expr ARROW expr
    (2) expr -> . expr OPEN_BRACKETS PLUS CLOSED_BRACKETS
    (3) expr -> . expr OPEN_BRACKETS expr CLOSED_BRACKETS
    (4) expr -> . IDENTIFIER PLUS_ASSIGN expr
    (5) expr -> . IDENTIFIER MINUS_ASSIGN expr
    (6) expr -> . IDENTIFIER SMALLER_EQUALS_ASSIGN expr
    (7) expr -> . IDENTIFIER GREATER_THAN_ASSIGN expr
    (8) expr -> . IDENTIFIER SMALLER_THAN_ASSIGN expr
    (9) expr -> . IDENTIFIER AND_ASSIGN expr
    (10) expr -> . IDENTIFIER OR_ASSIGN expr
    (11) expr -> . IDENTIFIER XOR_ASSIGN expr
    (12) expr -> . IDENTIFIER MOD_ASSIGN expr
    (13) expr -> . IDENTIFIER EXP_ASSIGN expr
    (14) expr -> . IDENTIFIER POWER_ASSIGN expr
    (15) expr -> . IDENTIFIER TIMES_ASSIGN expr
    (16) expr -> . IDENTIFIER DIVIDE_CEIL_ASSIGN expr
    (17) expr -> . IDENTIFIER DIVIDE_FLOOR_ASSIGN expr
    (18) expr -> . IDENTIFIER DIVIDE_ASSIGN expr
    (19) expr -> . IDENTIFIER EQUALS_ASSIGN expr
    (20) expr -> . IDENTIFIER UNEQUALS_ASSIGN expr
    (21) expr -> . IDENTIFIER GREATER_EQUALS_ASSIGN expr
    (26) expr -> . expr LPAREN para_expr RPAREN
    (41) expr -> . expr CONS expr
    (46) expr -> . expr PLUS expr
    (47) expr -> . expr MINUS expr
    (48) expr -> . expr EXP expr
    (49) expr -> . expr MOD expr
    (50) expr -> . NOT expr
    (51) expr -> . PLUS expr
    (52) expr -> . MINUS expr
    (53) expr -> . expr IMAG
    (54) expr -> . comp
    (55) expr -> . assign_expr
    (56) expr -> . BEGIN sequence END
    (57) expr -> . BEGIN END
    (58) expr -> . expr POWER expr
    (59) expr -> . LET letrec_assign IN expr DOT
    (60) expr -> . OPEN_BRACKETS param_list CLOSED_BRACKETS
    (61) expr -> . OPEN_BRACKETS expr CLOSED_BRACKETS
    (62) expr -> . OPEN_BRACKETS CLOSED_BRACKETS
    (63) expr -> . STRUCT BEGIN assign_list END
    (64) expr -> . STRUCT BEGIN END
    (65) expr -> . expr TIMES expr
    (66) expr -> . expr DIVIDE_CEIL expr
    (67) expr -> . expr DIVIDE_FLOOR expr
    (68) expr -> . expr DIVIDE expr
    (69) expr -> . expr AND expr
    (70) expr -> . expr XOR expr
    (71) expr -> . expr OR expr
    (73) expr -> . FLOAT
    (74) expr -> . IF expr THEN COMMA expr DOT
    (75) expr -> . IF expr THEN COMMA expr else_elif_body DOT
    (76) expr -> . IMPORT file
    (77) expr -> . OPEN_BRACKETS expr DOT DOT expr CLOSED_BRACKETS
    (78) expr -> . CLOSED_BRACKETS expr DOT DOT expr CLOSED_BRACKETS
    (79) expr -> . OPEN_BRACKETS expr DOT DOT expr OPEN_BRACKETS
    (80) expr -> . CLOSED_BRACKETS expr DOT DOT expr OPEN_BRACKETS
    (81) expr -> . LAMBDA para ARROW type COLON expr
    (82) expr -> . NULL
    (85) expr -> . LPAREN param_list RPAREN
    (86) expr -> . LOOP IDENTIFIER IN expr LOOPTHEN expr DOT
    (87) expr -> . MATCH expr WITH cases DOT
    (88) expr -> . NUMBER
    (115) expr -> . LPAREN expr RPAREN
    (120) expr -> . STRING
    (130) expr -> . T_UNDEF expr
    (131) expr -> . IDENTIFIER
    (132) expr -> . WHILE expr THEN COMMA expr DOT
    (29) comp -> . expr EQUALS expr
    (30) comp -> . comp EQUALS expr
    (31) comp -> . expr GREATER_EQUALS expr
    (32) comp -> . comp GREATER_EQUALS expr
    (33) comp -> . expr UNEQUALS expr
    (34) comp -> . comp UNEQUALS expr
    (35) comp -> . expr GREATER_THAN expr
    (36) comp -> . comp GREATER_THAN expr
    (37) comp -> . expr SMALLER_THAN expr
    (38) comp -> . comp SMALLER_THAN expr
    (39) comp -> . expr SMALLER_EQUALS expr
    (40) comp -> . comp SMALLER_EQUALS expr
    (22) assign_expr -> . type IDENTIFIER ASSIGN expr
    (23) assign_expr -> . IDENTIFIER ASSIGN expr
    (121) type -> . T_INT
    (122) type -> . T_FLOAT
    (123) type -> . T_STRING
    (124) type -> . T_COMPLEX
    (125) type -> . LPAREN type_arg RPAREN ARROW type
    (126) type -> . type ARROW type
    (127) type -> . OPEN_BRACKETS CLOSED_BRACKETS type

    IDENTIFIER      shift and go to state 6
    NOT             shift and go to state 9
    PLUS            shift and go to state 4
    MINUS           shift and go to state 8
    BEGIN           shift and go to state 12
    LET             shift and go to state 13
    OPEN_BRACKETS   shift and go to state 3
    STRUCT          shift and go to state 14
    FLOAT           shift and go to state 15
    IF              shift and go to state 16
    IMPORT          shift and go to state 17
    CLOSED_BRACKETS shift and go to state 5
    LAMBDA          shift and go to state 18
    NULL            shift and go to state 20
    LPAREN          shift and go to state 7
    LOOP            shift and go to state 21
    MATCH           shift and go to state 22
    NUMBER          shift and go to state 23
    STRING          shift and go to state 24
    T_UNDEF         shift and go to state 25
    WHILE           shift and go to state 26
    T_INT           shift and go to state 27
    T_FLOAT         shift and go to state 28
    T_STRING        shift and go to state 29
    T_COMPLEX       shift and go to state 30

    expr                           shift and go to state 123
    comp                           shift and go to state 10
    assign_expr                    shift and go to state 11
    type                           shift and go to state 19

state 37

    (48) expr -> expr EXP . expr
    (1) expr -> . expr ARROW expr
    (2) expr -> . expr OPEN_BRACKETS PLUS CLOSED_BRACKETS
    (3) expr -> . expr OPEN_BRACKETS expr CLOSED_BRACKETS
    (4) expr -> . IDENTIFIER PLUS_ASSIGN expr
    (5) expr -> . IDENTIFIER MINUS_ASSIGN expr
    (6) expr -> . IDENTIFIER SMALLER_EQUALS_ASSIGN expr
    (7) expr -> . IDENTIFIER GREATER_THAN_ASSIGN expr
    (8) expr -> . IDENTIFIER SMALLER_THAN_ASSIGN expr
    (9) expr -> . IDENTIFIER AND_ASSIGN expr
    (10) expr -> . IDENTIFIER OR_ASSIGN expr
    (11) expr -> . IDENTIFIER XOR_ASSIGN expr
    (12) expr -> . IDENTIFIER MOD_ASSIGN expr
    (13) expr -> . IDENTIFIER EXP_ASSIGN expr
    (14) expr -> . IDENTIFIER POWER_ASSIGN expr
    (15) expr -> . IDENTIFIER TIMES_ASSIGN expr
    (16) expr -> . IDENTIFIER DIVIDE_CEIL_ASSIGN expr
    (17) expr -> . IDENTIFIER DIVIDE_FLOOR_ASSIGN expr
    (18) expr -> . IDENTIFIER DIVIDE_ASSIGN expr
    (19) expr -> . IDENTIFIER EQUALS_ASSIGN expr
    (20) expr -> . IDENTIFIER UNEQUALS_ASSIGN expr
    (21) expr -> . IDENTIFIER GREATER_EQUALS_ASSIGN expr
    (26) expr -> . expr LPAREN para_expr RPAREN
    (41) expr -> . expr CONS expr
    (46) expr -> . expr PLUS expr
    (47) expr -> . expr MINUS expr
    (48) expr -> . expr EXP expr
    (49) expr -> . expr MOD expr
    (50) expr -> . NOT expr
    (51) expr -> . PLUS expr
    (52) expr -> . MINUS expr
    (53) expr -> . expr IMAG
    (54) expr -> . comp
    (55) expr -> . assign_expr
    (56) expr -> . BEGIN sequence END
    (57) expr -> . BEGIN END
    (58) expr -> . expr POWER expr
    (59) expr -> . LET letrec_assign IN expr DOT
    (60) expr -> . OPEN_BRACKETS param_list CLOSED_BRACKETS
    (61) expr -> . OPEN_BRACKETS expr CLOSED_BRACKETS
    (62) expr -> . OPEN_BRACKETS CLOSED_BRACKETS
    (63) expr -> . STRUCT BEGIN assign_list END
    (64) expr -> . STRUCT BEGIN END
    (65) expr -> . expr TIMES expr
    (66) expr -> . expr DIVIDE_CEIL expr
    (67) expr -> . expr DIVIDE_FLOOR expr
    (68) expr -> . expr DIVIDE expr
    (69) expr -> . expr AND expr
    (70) expr -> . expr XOR expr
    (71) expr -> . expr OR expr
    (73) expr -> . FLOAT
    (74) expr -> . IF expr THEN COMMA expr DOT
    (75) expr -> . IF expr THEN COMMA expr else_elif_body DOT
    (76) expr -> . IMPORT file
    (77) expr -> . OPEN_BRACKETS expr DOT DOT expr CLOSED_BRACKETS
    (78) expr -> . CLOSED_BRACKETS expr DOT DOT expr CLOSED_BRACKETS
    (79) expr -> . OPEN_BRACKETS expr DOT DOT expr OPEN_BRACKETS
    (80) expr -> . CLOSED_BRACKETS expr DOT DOT expr OPEN_BRACKETS
    (81) expr -> . LAMBDA para ARROW type COLON expr
    (82) expr -> . NULL
    (85) expr -> . LPAREN param_list RPAREN
    (86) expr -> . LOOP IDENTIFIER IN expr LOOPTHEN expr DOT
    (87) expr -> . MATCH expr WITH cases DOT
    (88) expr -> . NUMBER
    (115) expr -> . LPAREN expr RPAREN
    (120) expr -> . STRING
    (130) expr -> . T_UNDEF expr
    (131) expr -> . IDENTIFIER
    (132) expr -> . WHILE expr THEN COMMA expr DOT
    (29) comp -> . expr EQUALS expr
    (30) comp -> . comp EQUALS expr
    (31) comp -> . expr GREATER_EQUALS expr
    (32) comp -> . comp GREATER_EQUALS expr
    (33) comp -> . expr UNEQUALS expr
    (34) comp -> . comp UNEQUALS expr
    (35) comp -> . expr GREATER_THAN expr
    (36) comp -> . comp GREATER_THAN expr
    (37) comp -> . expr SMALLER_THAN expr
    (38) comp -> . comp SMALLER_THAN expr
    (39) comp -> . expr SMALLER_EQUALS expr
    (40) comp -> . comp SMALLER_EQUALS expr
    (22) assign_expr -> . type IDENTIFIER ASSIGN expr
    (23) assign_expr -> . IDENTIFIER ASSIGN expr
    (121) type -> . T_INT
    (122) type -> . T_FLOAT
    (123) type -> . T_STRING
    (124) type -> . T_COMPLEX
    (125) type -> . LPAREN type_arg RPAREN ARROW type
    (126) type -> . type ARROW type
    (127) type -> . OPEN_BRACKETS CLOSED_BRACKETS type

    IDENTIFIER      shift and go to state 6
    NOT             shift and go to state 9
    PLUS            shift and go to state 4
    MINUS           shift and go to state 8
    BEGIN           shift and go to state 12
    LET             shift and go to state 13
    OPEN_BRACKETS   shift and go to state 3
    STRUCT          shift and go to state 14
    FLOAT           shift and go to state 15
    IF              shift and go to state 16
    IMPORT          shift and go to state 17
    CLOSED_BRACKETS shift and go to state 5
    LAMBDA          shift and go to state 18
    NULL            shift and go to state 20
    LPAREN          shift and go to state 7
    LOOP            shift and go to state 21
    MATCH           shift and go to state 22
    NUMBER          shift and go to state 23
    STRING          shift and go to state 24
    T_UNDEF         shift and go to state 25
    WHILE           shift and go to state 26
    T_INT           shift and go to state 27
    T_FLOAT         shift and go to state 28
    T_STRING        shift and go to state 29
    T_COMPLEX       shift and go to state 30

    expr                           shift and go to state 124
    comp                           shift and go to state 10
    assign_expr                    shift and go to state 11
    type                           shift and go to state 19

state 38

    (49) expr -> expr MOD . expr
    (1) expr -> . expr ARROW expr
    (2) expr -> . expr OPEN_BRACKETS PLUS CLOSED_BRACKETS
    (3) expr -> . expr OPEN_BRACKETS expr CLOSED_BRACKETS
    (4) expr -> . IDENTIFIER PLUS_ASSIGN expr
    (5) expr -> . IDENTIFIER MINUS_ASSIGN expr
    (6) expr -> . IDENTIFIER SMALLER_EQUALS_ASSIGN expr
    (7) expr -> . IDENTIFIER GREATER_THAN_ASSIGN expr
    (8) expr -> . IDENTIFIER SMALLER_THAN_ASSIGN expr
    (9) expr -> . IDENTIFIER AND_ASSIGN expr
    (10) expr -> . IDENTIFIER OR_ASSIGN expr
    (11) expr -> . IDENTIFIER XOR_ASSIGN expr
    (12) expr -> . IDENTIFIER MOD_ASSIGN expr
    (13) expr -> . IDENTIFIER EXP_ASSIGN expr
    (14) expr -> . IDENTIFIER POWER_ASSIGN expr
    (15) expr -> . IDENTIFIER TIMES_ASSIGN expr
    (16) expr -> . IDENTIFIER DIVIDE_CEIL_ASSIGN expr
    (17) expr -> . IDENTIFIER DIVIDE_FLOOR_ASSIGN expr
    (18) expr -> . IDENTIFIER DIVIDE_ASSIGN expr
    (19) expr -> . IDENTIFIER EQUALS_ASSIGN expr
    (20) expr -> . IDENTIFIER UNEQUALS_ASSIGN expr
    (21) expr -> . IDENTIFIER GREATER_EQUALS_ASSIGN expr
    (26) expr -> . expr LPAREN para_expr RPAREN
    (41) expr -> . expr CONS expr
    (46) expr -> . expr PLUS expr
    (47) expr -> . expr MINUS expr
    (48) expr -> . expr EXP expr
    (49) expr -> . expr MOD expr
    (50) expr -> . NOT expr
    (51) expr -> . PLUS expr
    (52) expr -> . MINUS expr
    (53) expr -> . expr IMAG
    (54) expr -> . comp
    (55) expr -> . assign_expr
    (56) expr -> . BEGIN sequence END
    (57) expr -> . BEGIN END
    (58) expr -> . expr POWER expr
    (59) expr -> . LET letrec_assign IN expr DOT
    (60) expr -> . OPEN_BRACKETS param_list CLOSED_BRACKETS
    (61) expr -> . OPEN_BRACKETS expr CLOSED_BRACKETS
    (62) expr -> . OPEN_BRACKETS CLOSED_BRACKETS
    (63) expr -> . STRUCT BEGIN assign_list END
    (64) expr -> . STRUCT BEGIN END
    (65) expr -> . expr TIMES expr
    (66) expr -> . expr DIVIDE_CEIL expr
    (67) expr -> . expr DIVIDE_FLOOR expr
    (68) expr -> . expr DIVIDE expr
    (69) expr -> . expr AND expr
    (70) expr -> . expr XOR expr
    (71) expr -> . expr OR expr
    (73) expr -> . FLOAT
    (74) expr -> . IF expr THEN COMMA expr DOT
    (75) expr -> . IF expr THEN COMMA expr else_elif_body DOT
    (76) expr -> . IMPORT file
    (77) expr -> . OPEN_BRACKETS expr DOT DOT expr CLOSED_BRACKETS
    (78) expr -> . CLOSED_BRACKETS expr DOT DOT expr CLOSED_BRACKETS
    (79) expr -> . OPEN_BRACKETS expr DOT DOT expr OPEN_BRACKETS
    (80) expr -> . CLOSED_BRACKETS expr DOT DOT expr OPEN_BRACKETS
    (81) expr -> . LAMBDA para ARROW type COLON expr
    (82) expr -> . NULL
    (85) expr -> . LPAREN param_list RPAREN
    (86) expr -> . LOOP IDENTIFIER IN expr LOOPTHEN expr DOT
    (87) expr -> . MATCH expr WITH cases DOT
    (88) expr -> . NUMBER
    (115) expr -> . LPAREN expr RPAREN
    (120) expr -> . STRING
    (130) expr -> . T_UNDEF expr
    (131) expr -> . IDENTIFIER
    (132) expr -> . WHILE expr THEN COMMA expr DOT
    (29) comp -> . expr EQUALS expr
    (30) comp -> . comp EQUALS expr
    (31) comp -> . expr GREATER_EQUALS expr
    (32) comp -> . comp GREATER_EQUALS expr
    (33) comp -> . expr UNEQUALS expr
    (34) comp -> . comp UNEQUALS expr
    (35) comp -> . expr GREATER_THAN expr
    (36) comp -> . comp GREATER_THAN expr
    (37) comp -> . expr SMALLER_THAN expr
    (38) comp -> . comp SMALLER_THAN expr
    (39) comp -> . expr SMALLER_EQUALS expr
    (40) comp -> . comp SMALLER_EQUALS expr
    (22) assign_expr -> . type IDENTIFIER ASSIGN expr
    (23) assign_expr -> . IDENTIFIER ASSIGN expr
    (121) type -> . T_INT
    (122) type -> . T_FLOAT
    (123) type -> . T_STRING
    (124) type -> . T_COMPLEX
    (125) type -> . LPAREN type_arg RPAREN ARROW type
    (126) type -> . type ARROW type
    (127) type -> . OPEN_BRACKETS CLOSED_BRACKETS type

    IDENTIFIER      shift and go to state 6
    NOT             shift and go to state 9
    PLUS            shift and go to state 4
    MINUS           shift and go to state 8
    BEGIN           shift and go to state 12
    LET             shift and go to state 13
    OPEN_BRACKETS   shift and go to state 3
    STRUCT          shift and go to state 14
    FLOAT           shift and go to state 15
    IF              shift and go to state 16
    IMPORT          shift and go to state 17
    CLOSED_BRACKETS shift and go to state 5
    LAMBDA          shift and go to state 18
    NULL            shift and go to state 20
    LPAREN          shift and go to state 7
    LOOP            shift and go to state 21
    MATCH           shift and go to state 22
    NUMBER          shift and go to state 23
    STRING          shift and go to state 24
    T_UNDEF         shift and go to state 25
    WHILE           shift and go to state 26
    T_INT           shift and go to state 27
    T_FLOAT         shift and go to state 28
    T_STRING        shift and go to state 29
    T_COMPLEX       shift and go to state 30

    expr                           shift and go to state 125
    comp                           shift and go to state 10
    assign_expr                    shift and go to state 11
    type                           shift and go to state 19

state 39

    (53) expr -> expr IMAG .

    ARROW           reduce using rule 53 (expr -> expr IMAG .)
    OPEN_BRACKETS   reduce using rule 53 (expr -> expr IMAG .)
    LPAREN          reduce using rule 53 (expr -> expr IMAG .)
    CONS            reduce using rule 53 (expr -> expr IMAG .)
    PLUS            reduce using rule 53 (expr -> expr IMAG .)
    MINUS           reduce using rule 53 (expr -> expr IMAG .)
    EXP             reduce using rule 53 (expr -> expr IMAG .)
    MOD             reduce using rule 53 (expr -> expr IMAG .)
    IMAG            reduce using rule 53 (expr -> expr IMAG .)
    POWER           reduce using rule 53 (expr -> expr IMAG .)
    TIMES           reduce using rule 53 (expr -> expr IMAG .)
    DIVIDE_CEIL     reduce using rule 53 (expr -> expr IMAG .)
    DIVIDE_FLOOR    reduce using rule 53 (expr -> expr IMAG .)
    DIVIDE          reduce using rule 53 (expr -> expr IMAG .)
    AND             reduce using rule 53 (expr -> expr IMAG .)
    XOR             reduce using rule 53 (expr -> expr IMAG .)
    OR              reduce using rule 53 (expr -> expr IMAG .)
    EQUALS          reduce using rule 53 (expr -> expr IMAG .)
    GREATER_EQUALS  reduce using rule 53 (expr -> expr IMAG .)
    UNEQUALS        reduce using rule 53 (expr -> expr IMAG .)
    GREATER_THAN    reduce using rule 53 (expr -> expr IMAG .)
    SMALLER_THAN    reduce using rule 53 (expr -> expr IMAG .)
    SMALLER_EQUALS  reduce using rule 53 (expr -> expr IMAG .)
    $end            reduce using rule 53 (expr -> expr IMAG .)
    CLOSED_BRACKETS reduce using rule 53 (expr -> expr IMAG .)
    DOT             reduce using rule 53 (expr -> expr IMAG .)
    COMMA           reduce using rule 53 (expr -> expr IMAG .)
    RPAREN          reduce using rule 53 (expr -> expr IMAG .)
    SEMICOLON       reduce using rule 53 (expr -> expr IMAG .)
    END             reduce using rule 53 (expr -> expr IMAG .)
    THEN            reduce using rule 53 (expr -> expr IMAG .)
    WITH            reduce using rule 53 (expr -> expr IMAG .)
    COLON           reduce using rule 53 (expr -> expr IMAG .)
    IN              reduce using rule 53 (expr -> expr IMAG .)
    LOOPTHEN        reduce using rule 53 (expr -> expr IMAG .)
    ELSE            reduce using rule 53 (expr -> expr IMAG .)


state 40

    (58) expr -> expr POWER . expr
    (1) expr -> . expr ARROW expr
    (2) expr -> . expr OPEN_BRACKETS PLUS CLOSED_BRACKETS
    (3) expr -> . expr OPEN_BRACKETS expr CLOSED_BRACKETS
    (4) expr -> . IDENTIFIER PLUS_ASSIGN expr
    (5) expr -> . IDENTIFIER MINUS_ASSIGN expr
    (6) expr -> . IDENTIFIER SMALLER_EQUALS_ASSIGN expr
    (7) expr -> . IDENTIFIER GREATER_THAN_ASSIGN expr
    (8) expr -> . IDENTIFIER SMALLER_THAN_ASSIGN expr
    (9) expr -> . IDENTIFIER AND_ASSIGN expr
    (10) expr -> . IDENTIFIER OR_ASSIGN expr
    (11) expr -> . IDENTIFIER XOR_ASSIGN expr
    (12) expr -> . IDENTIFIER MOD_ASSIGN expr
    (13) expr -> . IDENTIFIER EXP_ASSIGN expr
    (14) expr -> . IDENTIFIER POWER_ASSIGN expr
    (15) expr -> . IDENTIFIER TIMES_ASSIGN expr
    (16) expr -> . IDENTIFIER DIVIDE_CEIL_ASSIGN expr
    (17) expr -> . IDENTIFIER DIVIDE_FLOOR_ASSIGN expr
    (18) expr -> . IDENTIFIER DIVIDE_ASSIGN expr
    (19) expr -> . IDENTIFIER EQUALS_ASSIGN expr
    (20) expr -> . IDENTIFIER UNEQUALS_ASSIGN expr
    (21) expr -> . IDENTIFIER GREATER_EQUALS_ASSIGN expr
    (26) expr -> . expr LPAREN para_expr RPAREN
    (41) expr -> . expr CONS expr
    (46) expr -> . expr PLUS expr
    (47) expr -> . expr MINUS expr
    (48) expr -> . expr EXP expr
    (49) expr -> . expr MOD expr
    (50) expr -> . NOT expr
    (51) expr -> . PLUS expr
    (52) expr -> . MINUS expr
    (53) expr -> . expr IMAG
    (54) expr -> . comp
    (55) expr -> . assign_expr
    (56) expr -> . BEGIN sequence END
    (57) expr -> . BEGIN END
    (58) expr -> . expr POWER expr
    (59) expr -> . LET letrec_assign IN expr DOT
    (60) expr -> . OPEN_BRACKETS param_list CLOSED_BRACKETS
    (61) expr -> . OPEN_BRACKETS expr CLOSED_BRACKETS
    (62) expr -> . OPEN_BRACKETS CLOSED_BRACKETS
    (63) expr -> . STRUCT BEGIN assign_list END
    (64) expr -> . STRUCT BEGIN END
    (65) expr -> . expr TIMES expr
    (66) expr -> . expr DIVIDE_CEIL expr
    (67) expr -> . expr DIVIDE_FLOOR expr
    (68) expr -> . expr DIVIDE expr
    (69) expr -> . expr AND expr
    (70) expr -> . expr XOR expr
    (71) expr -> . expr OR expr
    (73) expr -> . FLOAT
    (74) expr -> . IF expr THEN COMMA expr DOT
    (75) expr -> . IF expr THEN COMMA expr else_elif_body DOT
    (76) expr -> . IMPORT file
    (77) expr -> . OPEN_BRACKETS expr DOT DOT expr CLOSED_BRACKETS
    (78) expr -> . CLOSED_BRACKETS expr DOT DOT expr CLOSED_BRACKETS
    (79) expr -> . OPEN_BRACKETS expr DOT DOT expr OPEN_BRACKETS
    (80) expr -> . CLOSED_BRACKETS expr DOT DOT expr OPEN_BRACKETS
    (81) expr -> . LAMBDA para ARROW type COLON expr
    (82) expr -> . NULL
    (85) expr -> . LPAREN param_list RPAREN
    (86) expr -> . LOOP IDENTIFIER IN expr LOOPTHEN expr DOT
    (87) expr -> . MATCH expr WITH cases DOT
    (88) expr -> . NUMBER
    (115) expr -> . LPAREN expr RPAREN
    (120) expr -> . STRING
    (130) expr -> . T_UNDEF expr
    (131) expr -> . IDENTIFIER
    (132) expr -> . WHILE expr THEN COMMA expr DOT
    (29) comp -> . expr EQUALS expr
    (30) comp -> . comp EQUALS expr
    (31) comp -> . expr GREATER_EQUALS expr
    (32) comp -> . comp GREATER_EQUALS expr
    (33) comp -> . expr UNEQUALS expr
    (34) comp -> . comp UNEQUALS expr
    (35) comp -> . expr GREATER_THAN expr
    (36) comp -> . comp GREATER_THAN expr
    (37) comp -> . expr SMALLER_THAN expr
    (38) comp -> . comp SMALLER_THAN expr
    (39) comp -> . expr SMALLER_EQUALS expr
    (40) comp -> . comp SMALLER_EQUALS expr
    (22) assign_expr -> . type IDENTIFIER ASSIGN expr
    (23) assign_expr -> . IDENTIFIER ASSIGN expr
    (121) type -> . T_INT
    (122) type -> . T_FLOAT
    (123) type -> . T_STRING
    (124) type -> . T_COMPLEX
    (125) type -> . LPAREN type_arg RPAREN ARROW type
    (126) type -> . type ARROW type
    (127) type -> . OPEN_BRACKETS CLOSED_BRACKETS type

    IDENTIFIER      shift and go to state 6
    NOT             shift and go to state 9
    PLUS            shift and go to state 4
    MINUS           shift and go to state 8
    BEGIN           shift and go to state 12
    LET             shift and go to state 13
    OPEN_BRACKETS   shift and go to state 3
    STRUCT          shift and go to state 14
    FLOAT           shift and go to state 15
    IF              shift and go to state 16
    IMPORT          shift and go to state 17
    CLOSED_BRACKETS shift and go to state 5
    LAMBDA          shift and go to state 18
    NULL            shift and go to state 20
    LPAREN          shift and go to state 7
    LOOP            shift and go to state 21
    MATCH           shift and go to state 22
    NUMBER          shift and go to state 23
    STRING          shift and go to state 24
    T_UNDEF         shift and go to state 25
    WHILE           shift and go to state 26
    T_INT           shift and go to state 27
    T_FLOAT         shift and go to state 28
    T_STRING        shift and go to state 29
    T_COMPLEX       shift and go to state 30

    expr                           shift and go to state 126
    comp                           shift and go to state 10
    assign_expr                    shift and go to state 11
    type                           shift and go to state 19

state 41

    (65) expr -> expr TIMES . expr
    (1) expr -> . expr ARROW expr
    (2) expr -> . expr OPEN_BRACKETS PLUS CLOSED_BRACKETS
    (3) expr -> . expr OPEN_BRACKETS expr CLOSED_BRACKETS
    (4) expr -> . IDENTIFIER PLUS_ASSIGN expr
    (5) expr -> . IDENTIFIER MINUS_ASSIGN expr
    (6) expr -> . IDENTIFIER SMALLER_EQUALS_ASSIGN expr
    (7) expr -> . IDENTIFIER GREATER_THAN_ASSIGN expr
    (8) expr -> . IDENTIFIER SMALLER_THAN_ASSIGN expr
    (9) expr -> . IDENTIFIER AND_ASSIGN expr
    (10) expr -> . IDENTIFIER OR_ASSIGN expr
    (11) expr -> . IDENTIFIER XOR_ASSIGN expr
    (12) expr -> . IDENTIFIER MOD_ASSIGN expr
    (13) expr -> . IDENTIFIER EXP_ASSIGN expr
    (14) expr -> . IDENTIFIER POWER_ASSIGN expr
    (15) expr -> . IDENTIFIER TIMES_ASSIGN expr
    (16) expr -> . IDENTIFIER DIVIDE_CEIL_ASSIGN expr
    (17) expr -> . IDENTIFIER DIVIDE_FLOOR_ASSIGN expr
    (18) expr -> . IDENTIFIER DIVIDE_ASSIGN expr
    (19) expr -> . IDENTIFIER EQUALS_ASSIGN expr
    (20) expr -> . IDENTIFIER UNEQUALS_ASSIGN expr
    (21) expr -> . IDENTIFIER GREATER_EQUALS_ASSIGN expr
    (26) expr -> . expr LPAREN para_expr RPAREN
    (41) expr -> . expr CONS expr
    (46) expr -> . expr PLUS expr
    (47) expr -> . expr MINUS expr
    (48) expr -> . expr EXP expr
    (49) expr -> . expr MOD expr
    (50) expr -> . NOT expr
    (51) expr -> . PLUS expr
    (52) expr -> . MINUS expr
    (53) expr -> . expr IMAG
    (54) expr -> . comp
    (55) expr -> . assign_expr
    (56) expr -> . BEGIN sequence END
    (57) expr -> . BEGIN END
    (58) expr -> . expr POWER expr
    (59) expr -> . LET letrec_assign IN expr DOT
    (60) expr -> . OPEN_BRACKETS param_list CLOSED_BRACKETS
    (61) expr -> . OPEN_BRACKETS expr CLOSED_BRACKETS
    (62) expr -> . OPEN_BRACKETS CLOSED_BRACKETS
    (63) expr -> . STRUCT BEGIN assign_list END
    (64) expr -> . STRUCT BEGIN END
    (65) expr -> . expr TIMES expr
    (66) expr -> . expr DIVIDE_CEIL expr
    (67) expr -> . expr DIVIDE_FLOOR expr
    (68) expr -> . expr DIVIDE expr
    (69) expr -> . expr AND expr
    (70) expr -> . expr XOR expr
    (71) expr -> . expr OR expr
    (73) expr -> . FLOAT
    (74) expr -> . IF expr THEN COMMA expr DOT
    (75) expr -> . IF expr THEN COMMA expr else_elif_body DOT
    (76) expr -> . IMPORT file
    (77) expr -> . OPEN_BRACKETS expr DOT DOT expr CLOSED_BRACKETS
    (78) expr -> . CLOSED_BRACKETS expr DOT DOT expr CLOSED_BRACKETS
    (79) expr -> . OPEN_BRACKETS expr DOT DOT expr OPEN_BRACKETS
    (80) expr -> . CLOSED_BRACKETS expr DOT DOT expr OPEN_BRACKETS
    (81) expr -> . LAMBDA para ARROW type COLON expr
    (82) expr -> . NULL
    (85) expr -> . LPAREN param_list RPAREN
    (86) expr -> . LOOP IDENTIFIER IN expr LOOPTHEN expr DOT
    (87) expr -> . MATCH expr WITH cases DOT
    (88) expr -> . NUMBER
    (115) expr -> . LPAREN expr RPAREN
    (120) expr -> . STRING
    (130) expr -> . T_UNDEF expr
    (131) expr -> . IDENTIFIER
    (132) expr -> . WHILE expr THEN COMMA expr DOT
    (29) comp -> . expr EQUALS expr
    (30) comp -> . comp EQUALS expr
    (31) comp -> . expr GREATER_EQUALS expr
    (32) comp -> . comp GREATER_EQUALS expr
    (33) comp -> . expr UNEQUALS expr
    (34) comp -> . comp UNEQUALS expr
    (35) comp -> . expr GREATER_THAN expr
    (36) comp -> . comp GREATER_THAN expr
    (37) comp -> . expr SMALLER_THAN expr
    (38) comp -> . comp SMALLER_THAN expr
    (39) comp -> . expr SMALLER_EQUALS expr
    (40) comp -> . comp SMALLER_EQUALS expr
    (22) assign_expr -> . type IDENTIFIER ASSIGN expr
    (23) assign_expr -> . IDENTIFIER ASSIGN expr
    (121) type -> . T_INT
    (122) type -> . T_FLOAT
    (123) type -> . T_STRING
    (124) type -> . T_COMPLEX
    (125) type -> . LPAREN type_arg RPAREN ARROW type
    (126) type -> . type ARROW type
    (127) type -> . OPEN_BRACKETS CLOSED_BRACKETS type

    IDENTIFIER      shift and go to state 6
    NOT             shift and go to state 9
    PLUS            shift and go to state 4
    MINUS           shift and go to state 8
    BEGIN           shift and go to state 12
    LET             shift and go to state 13
    OPEN_BRACKETS   shift and go to state 3
    STRUCT          shift and go to state 14
    FLOAT           shift and go to state 15
    IF              shift and go to state 16
    IMPORT          shift and go to state 17
    CLOSED_BRACKETS shift and go to state 5
    LAMBDA          shift and go to state 18
    NULL            shift and go to state 20
    LPAREN          shift and go to state 7
    LOOP            shift and go to state 21
    MATCH           shift and go to state 22
    NUMBER          shift and go to state 23
    STRING          shift and go to state 24
    T_UNDEF         shift and go to state 25
    WHILE           shift and go to state 26
    T_INT           shift and go to state 27
    T_FLOAT         shift and go to state 28
    T_STRING        shift and go to state 29
    T_COMPLEX       shift and go to state 30

    expr                           shift and go to state 127
    comp                           shift and go to state 10
    assign_expr                    shift and go to state 11
    type                           shift and go to state 19

state 42

    (66) expr -> expr DIVIDE_CEIL . expr
    (1) expr -> . expr ARROW expr
    (2) expr -> . expr OPEN_BRACKETS PLUS CLOSED_BRACKETS
    (3) expr -> . expr OPEN_BRACKETS expr CLOSED_BRACKETS
    (4) expr -> . IDENTIFIER PLUS_ASSIGN expr
    (5) expr -> . IDENTIFIER MINUS_ASSIGN expr
    (6) expr -> . IDENTIFIER SMALLER_EQUALS_ASSIGN expr
    (7) expr -> . IDENTIFIER GREATER_THAN_ASSIGN expr
    (8) expr -> . IDENTIFIER SMALLER_THAN_ASSIGN expr
    (9) expr -> . IDENTIFIER AND_ASSIGN expr
    (10) expr -> . IDENTIFIER OR_ASSIGN expr
    (11) expr -> . IDENTIFIER XOR_ASSIGN expr
    (12) expr -> . IDENTIFIER MOD_ASSIGN expr
    (13) expr -> . IDENTIFIER EXP_ASSIGN expr
    (14) expr -> . IDENTIFIER POWER_ASSIGN expr
    (15) expr -> . IDENTIFIER TIMES_ASSIGN expr
    (16) expr -> . IDENTIFIER DIVIDE_CEIL_ASSIGN expr
    (17) expr -> . IDENTIFIER DIVIDE_FLOOR_ASSIGN expr
    (18) expr -> . IDENTIFIER DIVIDE_ASSIGN expr
    (19) expr -> . IDENTIFIER EQUALS_ASSIGN expr
    (20) expr -> . IDENTIFIER UNEQUALS_ASSIGN expr
    (21) expr -> . IDENTIFIER GREATER_EQUALS_ASSIGN expr
    (26) expr -> . expr LPAREN para_expr RPAREN
    (41) expr -> . expr CONS expr
    (46) expr -> . expr PLUS expr
    (47) expr -> . expr MINUS expr
    (48) expr -> . expr EXP expr
    (49) expr -> . expr MOD expr
    (50) expr -> . NOT expr
    (51) expr -> . PLUS expr
    (52) expr -> . MINUS expr
    (53) expr -> . expr IMAG
    (54) expr -> . comp
    (55) expr -> . assign_expr
    (56) expr -> . BEGIN sequence END
    (57) expr -> . BEGIN END
    (58) expr -> . expr POWER expr
    (59) expr -> . LET letrec_assign IN expr DOT
    (60) expr -> . OPEN_BRACKETS param_list CLOSED_BRACKETS
    (61) expr -> . OPEN_BRACKETS expr CLOSED_BRACKETS
    (62) expr -> . OPEN_BRACKETS CLOSED_BRACKETS
    (63) expr -> . STRUCT BEGIN assign_list END
    (64) expr -> . STRUCT BEGIN END
    (65) expr -> . expr TIMES expr
    (66) expr -> . expr DIVIDE_CEIL expr
    (67) expr -> . expr DIVIDE_FLOOR expr
    (68) expr -> . expr DIVIDE expr
    (69) expr -> . expr AND expr
    (70) expr -> . expr XOR expr
    (71) expr -> . expr OR expr
    (73) expr -> . FLOAT
    (74) expr -> . IF expr THEN COMMA expr DOT
    (75) expr -> . IF expr THEN COMMA expr else_elif_body DOT
    (76) expr -> . IMPORT file
    (77) expr -> . OPEN_BRACKETS expr DOT DOT expr CLOSED_BRACKETS
    (78) expr -> . CLOSED_BRACKETS expr DOT DOT expr CLOSED_BRACKETS
    (79) expr -> . OPEN_BRACKETS expr DOT DOT expr OPEN_BRACKETS
    (80) expr -> . CLOSED_BRACKETS expr DOT DOT expr OPEN_BRACKETS
    (81) expr -> . LAMBDA para ARROW type COLON expr
    (82) expr -> . NULL
    (85) expr -> . LPAREN param_list RPAREN
    (86) expr -> . LOOP IDENTIFIER IN expr LOOPTHEN expr DOT
    (87) expr -> . MATCH expr WITH cases DOT
    (88) expr -> . NUMBER
    (115) expr -> . LPAREN expr RPAREN
    (120) expr -> . STRING
    (130) expr -> . T_UNDEF expr
    (131) expr -> . IDENTIFIER
    (132) expr -> . WHILE expr THEN COMMA expr DOT
    (29) comp -> . expr EQUALS expr
    (30) comp -> . comp EQUALS expr
    (31) comp -> . expr GREATER_EQUALS expr
    (32) comp -> . comp GREATER_EQUALS expr
    (33) comp -> . expr UNEQUALS expr
    (34) comp -> . comp UNEQUALS expr
    (35) comp -> . expr GREATER_THAN expr
    (36) comp -> . comp GREATER_THAN expr
    (37) comp -> . expr SMALLER_THAN expr
    (38) comp -> . comp SMALLER_THAN expr
    (39) comp -> . expr SMALLER_EQUALS expr
    (40) comp -> . comp SMALLER_EQUALS expr
    (22) assign_expr -> . type IDENTIFIER ASSIGN expr
    (23) assign_expr -> . IDENTIFIER ASSIGN expr
    (121) type -> . T_INT
    (122) type -> . T_FLOAT
    (123) type -> . T_STRING
    (124) type -> . T_COMPLEX
    (125) type -> . LPAREN type_arg RPAREN ARROW type
    (126) type -> . type ARROW type
    (127) type -> . OPEN_BRACKETS CLOSED_BRACKETS type

    IDENTIFIER      shift and go to state 6
    NOT             shift and go to state 9
    PLUS            shift and go to state 4
    MINUS           shift and go to state 8
    BEGIN           shift and go to state 12
    LET             shift and go to state 13
    OPEN_BRACKETS   shift and go to state 3
    STRUCT          shift and go to state 14
    FLOAT           shift and go to state 15
    IF              shift and go to state 16
    IMPORT          shift and go to state 17
    CLOSED_BRACKETS shift and go to state 5
    LAMBDA          shift and go to state 18
    NULL            shift and go to state 20
    LPAREN          shift and go to state 7
    LOOP            shift and go to state 21
    MATCH           shift and go to state 22
    NUMBER          shift and go to state 23
    STRING          shift and go to state 24
    T_UNDEF         shift and go to state 25
    WHILE           shift and go to state 26
    T_INT           shift and go to state 27
    T_FLOAT         shift and go to state 28
    T_STRING        shift and go to state 29
    T_COMPLEX       shift and go to state 30

    expr                           shift and go to state 128
    comp                           shift and go to state 10
    assign_expr                    shift and go to state 11
    type                           shift and go to state 19

state 43

    (67) expr -> expr DIVIDE_FLOOR . expr
    (1) expr -> . expr ARROW expr
    (2) expr -> . expr OPEN_BRACKETS PLUS CLOSED_BRACKETS
    (3) expr -> . expr OPEN_BRACKETS expr CLOSED_BRACKETS
    (4) expr -> . IDENTIFIER PLUS_ASSIGN expr
    (5) expr -> . IDENTIFIER MINUS_ASSIGN expr
    (6) expr -> . IDENTIFIER SMALLER_EQUALS_ASSIGN expr
    (7) expr -> . IDENTIFIER GREATER_THAN_ASSIGN expr
    (8) expr -> . IDENTIFIER SMALLER_THAN_ASSIGN expr
    (9) expr -> . IDENTIFIER AND_ASSIGN expr
    (10) expr -> . IDENTIFIER OR_ASSIGN expr
    (11) expr -> . IDENTIFIER XOR_ASSIGN expr
    (12) expr -> . IDENTIFIER MOD_ASSIGN expr
    (13) expr -> . IDENTIFIER EXP_ASSIGN expr
    (14) expr -> . IDENTIFIER POWER_ASSIGN expr
    (15) expr -> . IDENTIFIER TIMES_ASSIGN expr
    (16) expr -> . IDENTIFIER DIVIDE_CEIL_ASSIGN expr
    (17) expr -> . IDENTIFIER DIVIDE_FLOOR_ASSIGN expr
    (18) expr -> . IDENTIFIER DIVIDE_ASSIGN expr
    (19) expr -> . IDENTIFIER EQUALS_ASSIGN expr
    (20) expr -> . IDENTIFIER UNEQUALS_ASSIGN expr
    (21) expr -> . IDENTIFIER GREATER_EQUALS_ASSIGN expr
    (26) expr -> . expr LPAREN para_expr RPAREN
    (41) expr -> . expr CONS expr
    (46) expr -> . expr PLUS expr
    (47) expr -> . expr MINUS expr
    (48) expr -> . expr EXP expr
    (49) expr -> . expr MOD expr
    (50) expr -> . NOT expr
    (51) expr -> . PLUS expr
    (52) expr -> . MINUS expr
    (53) expr -> . expr IMAG
    (54) expr -> . comp
    (55) expr -> . assign_expr
    (56) expr -> . BEGIN sequence END
    (57) expr -> . BEGIN END
    (58) expr -> . expr POWER expr
    (59) expr -> . LET letrec_assign IN expr DOT
    (60) expr -> . OPEN_BRACKETS param_list CLOSED_BRACKETS
    (61) expr -> . OPEN_BRACKETS expr CLOSED_BRACKETS
    (62) expr -> . OPEN_BRACKETS CLOSED_BRACKETS
    (63) expr -> . STRUCT BEGIN assign_list END
    (64) expr -> . STRUCT BEGIN END
    (65) expr -> . expr TIMES expr
    (66) expr -> . expr DIVIDE_CEIL expr
    (67) expr -> . expr DIVIDE_FLOOR expr
    (68) expr -> . expr DIVIDE expr
    (69) expr -> . expr AND expr
    (70) expr -> . expr XOR expr
    (71) expr -> . expr OR expr
    (73) expr -> . FLOAT
    (74) expr -> . IF expr THEN COMMA expr DOT
    (75) expr -> . IF expr THEN COMMA expr else_elif_body DOT
    (76) expr -> . IMPORT file
    (77) expr -> . OPEN_BRACKETS expr DOT DOT expr CLOSED_BRACKETS
    (78) expr -> . CLOSED_BRACKETS expr DOT DOT expr CLOSED_BRACKETS
    (79) expr -> . OPEN_BRACKETS expr DOT DOT expr OPEN_BRACKETS
    (80) expr -> . CLOSED_BRACKETS expr DOT DOT expr OPEN_BRACKETS
    (81) expr -> . LAMBDA para ARROW type COLON expr
    (82) expr -> . NULL
    (85) expr -> . LPAREN param_list RPAREN
    (86) expr -> . LOOP IDENTIFIER IN expr LOOPTHEN expr DOT
    (87) expr -> . MATCH expr WITH cases DOT
    (88) expr -> . NUMBER
    (115) expr -> . LPAREN expr RPAREN
    (120) expr -> . STRING
    (130) expr -> . T_UNDEF expr
    (131) expr -> . IDENTIFIER
    (132) expr -> . WHILE expr THEN COMMA expr DOT
    (29) comp -> . expr EQUALS expr
    (30) comp -> . comp EQUALS expr
    (31) comp -> . expr GREATER_EQUALS expr
    (32) comp -> . comp GREATER_EQUALS expr
    (33) comp -> . expr UNEQUALS expr
    (34) comp -> . comp UNEQUALS expr
    (35) comp -> . expr GREATER_THAN expr
    (36) comp -> . comp GREATER_THAN expr
    (37) comp -> . expr SMALLER_THAN expr
    (38) comp -> . comp SMALLER_THAN expr
    (39) comp -> . expr SMALLER_EQUALS expr
    (40) comp -> . comp SMALLER_EQUALS expr
    (22) assign_expr -> . type IDENTIFIER ASSIGN expr
    (23) assign_expr -> . IDENTIFIER ASSIGN expr
    (121) type -> . T_INT
    (122) type -> . T_FLOAT
    (123) type -> . T_STRING
    (124) type -> . T_COMPLEX
    (125) type -> . LPAREN type_arg RPAREN ARROW type
    (126) type -> . type ARROW type
    (127) type -> . OPEN_BRACKETS CLOSED_BRACKETS type

    IDENTIFIER      shift and go to state 6
    NOT             shift and go to state 9
    PLUS            shift and go to state 4
    MINUS           shift and go to state 8
    BEGIN           shift and go to state 12
    LET             shift and go to state 13
    OPEN_BRACKETS   shift and go to state 3
    STRUCT          shift and go to state 14
    FLOAT           shift and go to state 15
    IF              shift and go to state 16
    IMPORT          shift and go to state 17
    CLOSED_BRACKETS shift and go to state 5
    LAMBDA          shift and go to state 18
    NULL            shift and go to state 20
    LPAREN          shift and go to state 7
    LOOP            shift and go to state 21
    MATCH           shift and go to state 22
    NUMBER          shift and go to state 23
    STRING          shift and go to state 24
    T_UNDEF         shift and go to state 25
    WHILE           shift and go to state 26
    T_INT           shift and go to state 27
    T_FLOAT         shift and go to state 28
    T_STRING        shift and go to state 29
    T_COMPLEX       shift and go to state 30

    expr                           shift and go to state 129
    comp                           shift and go to state 10
    assign_expr                    shift and go to state 11
    type                           shift and go to state 19

state 44

    (68) expr -> expr DIVIDE . expr
    (1) expr -> . expr ARROW expr
    (2) expr -> . expr OPEN_BRACKETS PLUS CLOSED_BRACKETS
    (3) expr -> . expr OPEN_BRACKETS expr CLOSED_BRACKETS
    (4) expr -> . IDENTIFIER PLUS_ASSIGN expr
    (5) expr -> . IDENTIFIER MINUS_ASSIGN expr
    (6) expr -> . IDENTIFIER SMALLER_EQUALS_ASSIGN expr
    (7) expr -> . IDENTIFIER GREATER_THAN_ASSIGN expr
    (8) expr -> . IDENTIFIER SMALLER_THAN_ASSIGN expr
    (9) expr -> . IDENTIFIER AND_ASSIGN expr
    (10) expr -> . IDENTIFIER OR_ASSIGN expr
    (11) expr -> . IDENTIFIER XOR_ASSIGN expr
    (12) expr -> . IDENTIFIER MOD_ASSIGN expr
    (13) expr -> . IDENTIFIER EXP_ASSIGN expr
    (14) expr -> . IDENTIFIER POWER_ASSIGN expr
    (15) expr -> . IDENTIFIER TIMES_ASSIGN expr
    (16) expr -> . IDENTIFIER DIVIDE_CEIL_ASSIGN expr
    (17) expr -> . IDENTIFIER DIVIDE_FLOOR_ASSIGN expr
    (18) expr -> . IDENTIFIER DIVIDE_ASSIGN expr
    (19) expr -> . IDENTIFIER EQUALS_ASSIGN expr
    (20) expr -> . IDENTIFIER UNEQUALS_ASSIGN expr
    (21) expr -> . IDENTIFIER GREATER_EQUALS_ASSIGN expr
    (26) expr -> . expr LPAREN para_expr RPAREN
    (41) expr -> . expr CONS expr
    (46) expr -> . expr PLUS expr
    (47) expr -> . expr MINUS expr
    (48) expr -> . expr EXP expr
    (49) expr -> . expr MOD expr
    (50) expr -> . NOT expr
    (51) expr -> . PLUS expr
    (52) expr -> . MINUS expr
    (53) expr -> . expr IMAG
    (54) expr -> . comp
    (55) expr -> . assign_expr
    (56) expr -> . BEGIN sequence END
    (57) expr -> . BEGIN END
    (58) expr -> . expr POWER expr
    (59) expr -> . LET letrec_assign IN expr DOT
    (60) expr -> . OPEN_BRACKETS param_list CLOSED_BRACKETS
    (61) expr -> . OPEN_BRACKETS expr CLOSED_BRACKETS
    (62) expr -> . OPEN_BRACKETS CLOSED_BRACKETS
    (63) expr -> . STRUCT BEGIN assign_list END
    (64) expr -> . STRUCT BEGIN END
    (65) expr -> . expr TIMES expr
    (66) expr -> . expr DIVIDE_CEIL expr
    (67) expr -> . expr DIVIDE_FLOOR expr
    (68) expr -> . expr DIVIDE expr
    (69) expr -> . expr AND expr
    (70) expr -> . expr XOR expr
    (71) expr -> . expr OR expr
    (73) expr -> . FLOAT
    (74) expr -> . IF expr THEN COMMA expr DOT
    (75) expr -> . IF expr THEN COMMA expr else_elif_body DOT
    (76) expr -> . IMPORT file
    (77) expr -> . OPEN_BRACKETS expr DOT DOT expr CLOSED_BRACKETS
    (78) expr -> . CLOSED_BRACKETS expr DOT DOT expr CLOSED_BRACKETS
    (79) expr -> . OPEN_BRACKETS expr DOT DOT expr OPEN_BRACKETS
    (80) expr -> . CLOSED_BRACKETS expr DOT DOT expr OPEN_BRACKETS
    (81) expr -> . LAMBDA para ARROW type COLON expr
    (82) expr -> . NULL
    (85) expr -> . LPAREN param_list RPAREN
    (86) expr -> . LOOP IDENTIFIER IN expr LOOPTHEN expr DOT
    (87) expr -> . MATCH expr WITH cases DOT
    (88) expr -> . NUMBER
    (115) expr -> . LPAREN expr RPAREN
    (120) expr -> . STRING
    (130) expr -> . T_UNDEF expr
    (131) expr -> . IDENTIFIER
    (132) expr -> . WHILE expr THEN COMMA expr DOT
    (29) comp -> . expr EQUALS expr
    (30) comp -> . comp EQUALS expr
    (31) comp -> . expr GREATER_EQUALS expr
    (32) comp -> . comp GREATER_EQUALS expr
    (33) comp -> . expr UNEQUALS expr
    (34) comp -> . comp UNEQUALS expr
    (35) comp -> . expr GREATER_THAN expr
    (36) comp -> . comp GREATER_THAN expr
    (37) comp -> . expr SMALLER_THAN expr
    (38) comp -> . comp SMALLER_THAN expr
    (39) comp -> . expr SMALLER_EQUALS expr
    (40) comp -> . comp SMALLER_EQUALS expr
    (22) assign_expr -> . type IDENTIFIER ASSIGN expr
    (23) assign_expr -> . IDENTIFIER ASSIGN expr
    (121) type -> . T_INT
    (122) type -> . T_FLOAT
    (123) type -> . T_STRING
    (124) type -> . T_COMPLEX
    (125) type -> . LPAREN type_arg RPAREN ARROW type
    (126) type -> . type ARROW type
    (127) type -> . OPEN_BRACKETS CLOSED_BRACKETS type

    IDENTIFIER      shift and go to state 6
    NOT             shift and go to state 9
    PLUS            shift and go to state 4
    MINUS           shift and go to state 8
    BEGIN           shift and go to state 12
    LET             shift and go to state 13
    OPEN_BRACKETS   shift and go to state 3
    STRUCT          shift and go to state 14
    FLOAT           shift and go to state 15
    IF              shift and go to state 16
    IMPORT          shift and go to state 17
    CLOSED_BRACKETS shift and go to state 5
    LAMBDA          shift and go to state 18
    NULL            shift and go to state 20
    LPAREN          shift and go to state 7
    LOOP            shift and go to state 21
    MATCH           shift and go to state 22
    NUMBER          shift and go to state 23
    STRING          shift and go to state 24
    T_UNDEF         shift and go to state 25
    WHILE           shift and go to state 26
    T_INT           shift and go to state 27
    T_FLOAT         shift and go to state 28
    T_STRING        shift and go to state 29
    T_COMPLEX       shift and go to state 30

    expr                           shift and go to state 130
    comp                           shift and go to state 10
    assign_expr                    shift and go to state 11
    type                           shift and go to state 19

state 45

    (69) expr -> expr AND . expr
    (1) expr -> . expr ARROW expr
    (2) expr -> . expr OPEN_BRACKETS PLUS CLOSED_BRACKETS
    (3) expr -> . expr OPEN_BRACKETS expr CLOSED_BRACKETS
    (4) expr -> . IDENTIFIER PLUS_ASSIGN expr
    (5) expr -> . IDENTIFIER MINUS_ASSIGN expr
    (6) expr -> . IDENTIFIER SMALLER_EQUALS_ASSIGN expr
    (7) expr -> . IDENTIFIER GREATER_THAN_ASSIGN expr
    (8) expr -> . IDENTIFIER SMALLER_THAN_ASSIGN expr
    (9) expr -> . IDENTIFIER AND_ASSIGN expr
    (10) expr -> . IDENTIFIER OR_ASSIGN expr
    (11) expr -> . IDENTIFIER XOR_ASSIGN expr
    (12) expr -> . IDENTIFIER MOD_ASSIGN expr
    (13) expr -> . IDENTIFIER EXP_ASSIGN expr
    (14) expr -> . IDENTIFIER POWER_ASSIGN expr
    (15) expr -> . IDENTIFIER TIMES_ASSIGN expr
    (16) expr -> . IDENTIFIER DIVIDE_CEIL_ASSIGN expr
    (17) expr -> . IDENTIFIER DIVIDE_FLOOR_ASSIGN expr
    (18) expr -> . IDENTIFIER DIVIDE_ASSIGN expr
    (19) expr -> . IDENTIFIER EQUALS_ASSIGN expr
    (20) expr -> . IDENTIFIER UNEQUALS_ASSIGN expr
    (21) expr -> . IDENTIFIER GREATER_EQUALS_ASSIGN expr
    (26) expr -> . expr LPAREN para_expr RPAREN
    (41) expr -> . expr CONS expr
    (46) expr -> . expr PLUS expr
    (47) expr -> . expr MINUS expr
    (48) expr -> . expr EXP expr
    (49) expr -> . expr MOD expr
    (50) expr -> . NOT expr
    (51) expr -> . PLUS expr
    (52) expr -> . MINUS expr
    (53) expr -> . expr IMAG
    (54) expr -> . comp
    (55) expr -> . assign_expr
    (56) expr -> . BEGIN sequence END
    (57) expr -> . BEGIN END
    (58) expr -> . expr POWER expr
    (59) expr -> . LET letrec_assign IN expr DOT
    (60) expr -> . OPEN_BRACKETS param_list CLOSED_BRACKETS
    (61) expr -> . OPEN_BRACKETS expr CLOSED_BRACKETS
    (62) expr -> . OPEN_BRACKETS CLOSED_BRACKETS
    (63) expr -> . STRUCT BEGIN assign_list END
    (64) expr -> . STRUCT BEGIN END
    (65) expr -> . expr TIMES expr
    (66) expr -> . expr DIVIDE_CEIL expr
    (67) expr -> . expr DIVIDE_FLOOR expr
    (68) expr -> . expr DIVIDE expr
    (69) expr -> . expr AND expr
    (70) expr -> . expr XOR expr
    (71) expr -> . expr OR expr
    (73) expr -> . FLOAT
    (74) expr -> . IF expr THEN COMMA expr DOT
    (75) expr -> . IF expr THEN COMMA expr else_elif_body DOT
    (76) expr -> . IMPORT file
    (77) expr -> . OPEN_BRACKETS expr DOT DOT expr CLOSED_BRACKETS
    (78) expr -> . CLOSED_BRACKETS expr DOT DOT expr CLOSED_BRACKETS
    (79) expr -> . OPEN_BRACKETS expr DOT DOT expr OPEN_BRACKETS
    (80) expr -> . CLOSED_BRACKETS expr DOT DOT expr OPEN_BRACKETS
    (81) expr -> . LAMBDA para ARROW type COLON expr
    (82) expr -> . NULL
    (85) expr -> . LPAREN param_list RPAREN
    (86) expr -> . LOOP IDENTIFIER IN expr LOOPTHEN expr DOT
    (87) expr -> . MATCH expr WITH cases DOT
    (88) expr -> . NUMBER
    (115) expr -> . LPAREN expr RPAREN
    (120) expr -> . STRING
    (130) expr -> . T_UNDEF expr
    (131) expr -> . IDENTIFIER
    (132) expr -> . WHILE expr THEN COMMA expr DOT
    (29) comp -> . expr EQUALS expr
    (30) comp -> . comp EQUALS expr
    (31) comp -> . expr GREATER_EQUALS expr
    (32) comp -> . comp GREATER_EQUALS expr
    (33) comp -> . expr UNEQUALS expr
    (34) comp -> . comp UNEQUALS expr
    (35) comp -> . expr GREATER_THAN expr
    (36) comp -> . comp GREATER_THAN expr
    (37) comp -> . expr SMALLER_THAN expr
    (38) comp -> . comp SMALLER_THAN expr
    (39) comp -> . expr SMALLER_EQUALS expr
    (40) comp -> . comp SMALLER_EQUALS expr
    (22) assign_expr -> . type IDENTIFIER ASSIGN expr
    (23) assign_expr -> . IDENTIFIER ASSIGN expr
    (121) type -> . T_INT
    (122) type -> . T_FLOAT
    (123) type -> . T_STRING
    (124) type -> . T_COMPLEX
    (125) type -> . LPAREN type_arg RPAREN ARROW type
    (126) type -> . type ARROW type
    (127) type -> . OPEN_BRACKETS CLOSED_BRACKETS type

    IDENTIFIER      shift and go to state 6
    NOT             shift and go to state 9
    PLUS            shift and go to state 4
    MINUS           shift and go to state 8
    BEGIN           shift and go to state 12
    LET             shift and go to state 13
    OPEN_BRACKETS   shift and go to state 3
    STRUCT          shift and go to state 14
    FLOAT           shift and go to state 15
    IF              shift and go to state 16
    IMPORT          shift and go to state 17
    CLOSED_BRACKETS shift and go to state 5
    LAMBDA          shift and go to state 18
    NULL            shift and go to state 20
    LPAREN          shift and go to state 7
    LOOP            shift and go to state 21
    MATCH           shift and go to state 22
    NUMBER          shift and go to state 23
    STRING          shift and go to state 24
    T_UNDEF         shift and go to state 25
    WHILE           shift and go to state 26
    T_INT           shift and go to state 27
    T_FLOAT         shift and go to state 28
    T_STRING        shift and go to state 29
    T_COMPLEX       shift and go to state 30

    expr                           shift and go to state 131
    comp                           shift and go to state 10
    assign_expr                    shift and go to state 11
    type                           shift and go to state 19

state 46

    (70) expr -> expr XOR . expr
    (1) expr -> . expr ARROW expr
    (2) expr -> . expr OPEN_BRACKETS PLUS CLOSED_BRACKETS
    (3) expr -> . expr OPEN_BRACKETS expr CLOSED_BRACKETS
    (4) expr -> . IDENTIFIER PLUS_ASSIGN expr
    (5) expr -> . IDENTIFIER MINUS_ASSIGN expr
    (6) expr -> . IDENTIFIER SMALLER_EQUALS_ASSIGN expr
    (7) expr -> . IDENTIFIER GREATER_THAN_ASSIGN expr
    (8) expr -> . IDENTIFIER SMALLER_THAN_ASSIGN expr
    (9) expr -> . IDENTIFIER AND_ASSIGN expr
    (10) expr -> . IDENTIFIER OR_ASSIGN expr
    (11) expr -> . IDENTIFIER XOR_ASSIGN expr
    (12) expr -> . IDENTIFIER MOD_ASSIGN expr
    (13) expr -> . IDENTIFIER EXP_ASSIGN expr
    (14) expr -> . IDENTIFIER POWER_ASSIGN expr
    (15) expr -> . IDENTIFIER TIMES_ASSIGN expr
    (16) expr -> . IDENTIFIER DIVIDE_CEIL_ASSIGN expr
    (17) expr -> . IDENTIFIER DIVIDE_FLOOR_ASSIGN expr
    (18) expr -> . IDENTIFIER DIVIDE_ASSIGN expr
    (19) expr -> . IDENTIFIER EQUALS_ASSIGN expr
    (20) expr -> . IDENTIFIER UNEQUALS_ASSIGN expr
    (21) expr -> . IDENTIFIER GREATER_EQUALS_ASSIGN expr
    (26) expr -> . expr LPAREN para_expr RPAREN
    (41) expr -> . expr CONS expr
    (46) expr -> . expr PLUS expr
    (47) expr -> . expr MINUS expr
    (48) expr -> . expr EXP expr
    (49) expr -> . expr MOD expr
    (50) expr -> . NOT expr
    (51) expr -> . PLUS expr
    (52) expr -> . MINUS expr
    (53) expr -> . expr IMAG
    (54) expr -> . comp
    (55) expr -> . assign_expr
    (56) expr -> . BEGIN sequence END
    (57) expr -> . BEGIN END
    (58) expr -> . expr POWER expr
    (59) expr -> . LET letrec_assign IN expr DOT
    (60) expr -> . OPEN_BRACKETS param_list CLOSED_BRACKETS
    (61) expr -> . OPEN_BRACKETS expr CLOSED_BRACKETS
    (62) expr -> . OPEN_BRACKETS CLOSED_BRACKETS
    (63) expr -> . STRUCT BEGIN assign_list END
    (64) expr -> . STRUCT BEGIN END
    (65) expr -> . expr TIMES expr
    (66) expr -> . expr DIVIDE_CEIL expr
    (67) expr -> . expr DIVIDE_FLOOR expr
    (68) expr -> . expr DIVIDE expr
    (69) expr -> . expr AND expr
    (70) expr -> . expr XOR expr
    (71) expr -> . expr OR expr
    (73) expr -> . FLOAT
    (74) expr -> . IF expr THEN COMMA expr DOT
    (75) expr -> . IF expr THEN COMMA expr else_elif_body DOT
    (76) expr -> . IMPORT file
    (77) expr -> . OPEN_BRACKETS expr DOT DOT expr CLOSED_BRACKETS
    (78) expr -> . CLOSED_BRACKETS expr DOT DOT expr CLOSED_BRACKETS
    (79) expr -> . OPEN_BRACKETS expr DOT DOT expr OPEN_BRACKETS
    (80) expr -> . CLOSED_BRACKETS expr DOT DOT expr OPEN_BRACKETS
    (81) expr -> . LAMBDA para ARROW type COLON expr
    (82) expr -> . NULL
    (85) expr -> . LPAREN param_list RPAREN
    (86) expr -> . LOOP IDENTIFIER IN expr LOOPTHEN expr DOT
    (87) expr -> . MATCH expr WITH cases DOT
    (88) expr -> . NUMBER
    (115) expr -> . LPAREN expr RPAREN
    (120) expr -> . STRING
    (130) expr -> . T_UNDEF expr
    (131) expr -> . IDENTIFIER
    (132) expr -> . WHILE expr THEN COMMA expr DOT
    (29) comp -> . expr EQUALS expr
    (30) comp -> . comp EQUALS expr
    (31) comp -> . expr GREATER_EQUALS expr
    (32) comp -> . comp GREATER_EQUALS expr
    (33) comp -> . expr UNEQUALS expr
    (34) comp -> . comp UNEQUALS expr
    (35) comp -> . expr GREATER_THAN expr
    (36) comp -> . comp GREATER_THAN expr
    (37) comp -> . expr SMALLER_THAN expr
    (38) comp -> . comp SMALLER_THAN expr
    (39) comp -> . expr SMALLER_EQUALS expr
    (40) comp -> . comp SMALLER_EQUALS expr
    (22) assign_expr -> . type IDENTIFIER ASSIGN expr
    (23) assign_expr -> . IDENTIFIER ASSIGN expr
    (121) type -> . T_INT
    (122) type -> . T_FLOAT
    (123) type -> . T_STRING
    (124) type -> . T_COMPLEX
    (125) type -> . LPAREN type_arg RPAREN ARROW type
    (126) type -> . type ARROW type
    (127) type -> . OPEN_BRACKETS CLOSED_BRACKETS type

    IDENTIFIER      shift and go to state 6
    NOT             shift and go to state 9
    PLUS            shift and go to state 4
    MINUS           shift and go to state 8
    BEGIN           shift and go to state 12
    LET             shift and go to state 13
    OPEN_BRACKETS   shift and go to state 3
    STRUCT          shift and go to state 14
    FLOAT           shift and go to state 15
    IF              shift and go to state 16
    IMPORT          shift and go to state 17
    CLOSED_BRACKETS shift and go to state 5
    LAMBDA          shift and go to state 18
    NULL            shift and go to state 20
    LPAREN          shift and go to state 7
    LOOP            shift and go to state 21
    MATCH           shift and go to state 22
    NUMBER          shift and go to state 23
    STRING          shift and go to state 24
    T_UNDEF         shift and go to state 25
    WHILE           shift and go to state 26
    T_INT           shift and go to state 27
    T_FLOAT         shift and go to state 28
    T_STRING        shift and go to state 29
    T_COMPLEX       shift and go to state 30

    expr                           shift and go to state 132
    comp                           shift and go to state 10
    assign_expr                    shift and go to state 11
    type                           shift and go to state 19

state 47

    (71) expr -> expr OR . expr
    (1) expr -> . expr ARROW expr
    (2) expr -> . expr OPEN_BRACKETS PLUS CLOSED_BRACKETS
    (3) expr -> . expr OPEN_BRACKETS expr CLOSED_BRACKETS
    (4) expr -> . IDENTIFIER PLUS_ASSIGN expr
    (5) expr -> . IDENTIFIER MINUS_ASSIGN expr
    (6) expr -> . IDENTIFIER SMALLER_EQUALS_ASSIGN expr
    (7) expr -> . IDENTIFIER GREATER_THAN_ASSIGN expr
    (8) expr -> . IDENTIFIER SMALLER_THAN_ASSIGN expr
    (9) expr -> . IDENTIFIER AND_ASSIGN expr
    (10) expr -> . IDENTIFIER OR_ASSIGN expr
    (11) expr -> . IDENTIFIER XOR_ASSIGN expr
    (12) expr -> . IDENTIFIER MOD_ASSIGN expr
    (13) expr -> . IDENTIFIER EXP_ASSIGN expr
    (14) expr -> . IDENTIFIER POWER_ASSIGN expr
    (15) expr -> . IDENTIFIER TIMES_ASSIGN expr
    (16) expr -> . IDENTIFIER DIVIDE_CEIL_ASSIGN expr
    (17) expr -> . IDENTIFIER DIVIDE_FLOOR_ASSIGN expr
    (18) expr -> . IDENTIFIER DIVIDE_ASSIGN expr
    (19) expr -> . IDENTIFIER EQUALS_ASSIGN expr
    (20) expr -> . IDENTIFIER UNEQUALS_ASSIGN expr
    (21) expr -> . IDENTIFIER GREATER_EQUALS_ASSIGN expr
    (26) expr -> . expr LPAREN para_expr RPAREN
    (41) expr -> . expr CONS expr
    (46) expr -> . expr PLUS expr
    (47) expr -> . expr MINUS expr
    (48) expr -> . expr EXP expr
    (49) expr -> . expr MOD expr
    (50) expr -> . NOT expr
    (51) expr -> . PLUS expr
    (52) expr -> . MINUS expr
    (53) expr -> . expr IMAG
    (54) expr -> . comp
    (55) expr -> . assign_expr
    (56) expr -> . BEGIN sequence END
    (57) expr -> . BEGIN END
    (58) expr -> . expr POWER expr
    (59) expr -> . LET letrec_assign IN expr DOT
    (60) expr -> . OPEN_BRACKETS param_list CLOSED_BRACKETS
    (61) expr -> . OPEN_BRACKETS expr CLOSED_BRACKETS
    (62) expr -> . OPEN_BRACKETS CLOSED_BRACKETS
    (63) expr -> . STRUCT BEGIN assign_list END
    (64) expr -> . STRUCT BEGIN END
    (65) expr -> . expr TIMES expr
    (66) expr -> . expr DIVIDE_CEIL expr
    (67) expr -> . expr DIVIDE_FLOOR expr
    (68) expr -> . expr DIVIDE expr
    (69) expr -> . expr AND expr
    (70) expr -> . expr XOR expr
    (71) expr -> . expr OR expr
    (73) expr -> . FLOAT
    (74) expr -> . IF expr THEN COMMA expr DOT
    (75) expr -> . IF expr THEN COMMA expr else_elif_body DOT
    (76) expr -> . IMPORT file
    (77) expr -> . OPEN_BRACKETS expr DOT DOT expr CLOSED_BRACKETS
    (78) expr -> . CLOSED_BRACKETS expr DOT DOT expr CLOSED_BRACKETS
    (79) expr -> . OPEN_BRACKETS expr DOT DOT expr OPEN_BRACKETS
    (80) expr -> . CLOSED_BRACKETS expr DOT DOT expr OPEN_BRACKETS
    (81) expr -> . LAMBDA para ARROW type COLON expr
    (82) expr -> . NULL
    (85) expr -> . LPAREN param_list RPAREN
    (86) expr -> . LOOP IDENTIFIER IN expr LOOPTHEN expr DOT
    (87) expr -> . MATCH expr WITH cases DOT
    (88) expr -> . NUMBER
    (115) expr -> . LPAREN expr RPAREN
    (120) expr -> . STRING
    (130) expr -> . T_UNDEF expr
    (131) expr -> . IDENTIFIER
    (132) expr -> . WHILE expr THEN COMMA expr DOT
    (29) comp -> . expr EQUALS expr
    (30) comp -> . comp EQUALS expr
    (31) comp -> . expr GREATER_EQUALS expr
    (32) comp -> . comp GREATER_EQUALS expr
    (33) comp -> . expr UNEQUALS expr
    (34) comp -> . comp UNEQUALS expr
    (35) comp -> . expr GREATER_THAN expr
    (36) comp -> . comp GREATER_THAN expr
    (37) comp -> . expr SMALLER_THAN expr
    (38) comp -> . comp SMALLER_THAN expr
    (39) comp -> . expr SMALLER_EQUALS expr
    (40) comp -> . comp SMALLER_EQUALS expr
    (22) assign_expr -> . type IDENTIFIER ASSIGN expr
    (23) assign_expr -> . IDENTIFIER ASSIGN expr
    (121) type -> . T_INT
    (122) type -> . T_FLOAT
    (123) type -> . T_STRING
    (124) type -> . T_COMPLEX
    (125) type -> . LPAREN type_arg RPAREN ARROW type
    (126) type -> . type ARROW type
    (127) type -> . OPEN_BRACKETS CLOSED_BRACKETS type

    IDENTIFIER      shift and go to state 6
    NOT             shift and go to state 9
    PLUS            shift and go to state 4
    MINUS           shift and go to state 8
    BEGIN           shift and go to state 12
    LET             shift and go to state 13
    OPEN_BRACKETS   shift and go to state 3
    STRUCT          shift and go to state 14
    FLOAT           shift and go to state 15
    IF              shift and go to state 16
    IMPORT          shift and go to state 17
    CLOSED_BRACKETS shift and go to state 5
    LAMBDA          shift and go to state 18
    NULL            shift and go to state 20
    LPAREN          shift and go to state 7
    LOOP            shift and go to state 21
    MATCH           shift and go to state 22
    NUMBER          shift and go to state 23
    STRING          shift and go to state 24
    T_UNDEF         shift and go to state 25
    WHILE           shift and go to state 26
    T_INT           shift and go to state 27
    T_FLOAT         shift and go to state 28
    T_STRING        shift and go to state 29
    T_COMPLEX       shift and go to state 30

    expr                           shift and go to state 133
    comp                           shift and go to state 10
    assign_expr                    shift and go to state 11
    type                           shift and go to state 19

state 48

    (29) comp -> expr EQUALS . expr
    (1) expr -> . expr ARROW expr
    (2) expr -> . expr OPEN_BRACKETS PLUS CLOSED_BRACKETS
    (3) expr -> . expr OPEN_BRACKETS expr CLOSED_BRACKETS
    (4) expr -> . IDENTIFIER PLUS_ASSIGN expr
    (5) expr -> . IDENTIFIER MINUS_ASSIGN expr
    (6) expr -> . IDENTIFIER SMALLER_EQUALS_ASSIGN expr
    (7) expr -> . IDENTIFIER GREATER_THAN_ASSIGN expr
    (8) expr -> . IDENTIFIER SMALLER_THAN_ASSIGN expr
    (9) expr -> . IDENTIFIER AND_ASSIGN expr
    (10) expr -> . IDENTIFIER OR_ASSIGN expr
    (11) expr -> . IDENTIFIER XOR_ASSIGN expr
    (12) expr -> . IDENTIFIER MOD_ASSIGN expr
    (13) expr -> . IDENTIFIER EXP_ASSIGN expr
    (14) expr -> . IDENTIFIER POWER_ASSIGN expr
    (15) expr -> . IDENTIFIER TIMES_ASSIGN expr
    (16) expr -> . IDENTIFIER DIVIDE_CEIL_ASSIGN expr
    (17) expr -> . IDENTIFIER DIVIDE_FLOOR_ASSIGN expr
    (18) expr -> . IDENTIFIER DIVIDE_ASSIGN expr
    (19) expr -> . IDENTIFIER EQUALS_ASSIGN expr
    (20) expr -> . IDENTIFIER UNEQUALS_ASSIGN expr
    (21) expr -> . IDENTIFIER GREATER_EQUALS_ASSIGN expr
    (26) expr -> . expr LPAREN para_expr RPAREN
    (41) expr -> . expr CONS expr
    (46) expr -> . expr PLUS expr
    (47) expr -> . expr MINUS expr
    (48) expr -> . expr EXP expr
    (49) expr -> . expr MOD expr
    (50) expr -> . NOT expr
    (51) expr -> . PLUS expr
    (52) expr -> . MINUS expr
    (53) expr -> . expr IMAG
    (54) expr -> . comp
    (55) expr -> . assign_expr
    (56) expr -> . BEGIN sequence END
    (57) expr -> . BEGIN END
    (58) expr -> . expr POWER expr
    (59) expr -> . LET letrec_assign IN expr DOT
    (60) expr -> . OPEN_BRACKETS param_list CLOSED_BRACKETS
    (61) expr -> . OPEN_BRACKETS expr CLOSED_BRACKETS
    (62) expr -> . OPEN_BRACKETS CLOSED_BRACKETS
    (63) expr -> . STRUCT BEGIN assign_list END
    (64) expr -> . STRUCT BEGIN END
    (65) expr -> . expr TIMES expr
    (66) expr -> . expr DIVIDE_CEIL expr
    (67) expr -> . expr DIVIDE_FLOOR expr
    (68) expr -> . expr DIVIDE expr
    (69) expr -> . expr AND expr
    (70) expr -> . expr XOR expr
    (71) expr -> . expr OR expr
    (73) expr -> . FLOAT
    (74) expr -> . IF expr THEN COMMA expr DOT
    (75) expr -> . IF expr THEN COMMA expr else_elif_body DOT
    (76) expr -> . IMPORT file
    (77) expr -> . OPEN_BRACKETS expr DOT DOT expr CLOSED_BRACKETS
    (78) expr -> . CLOSED_BRACKETS expr DOT DOT expr CLOSED_BRACKETS
    (79) expr -> . OPEN_BRACKETS expr DOT DOT expr OPEN_BRACKETS
    (80) expr -> . CLOSED_BRACKETS expr DOT DOT expr OPEN_BRACKETS
    (81) expr -> . LAMBDA para ARROW type COLON expr
    (82) expr -> . NULL
    (85) expr -> . LPAREN param_list RPAREN
    (86) expr -> . LOOP IDENTIFIER IN expr LOOPTHEN expr DOT
    (87) expr -> . MATCH expr WITH cases DOT
    (88) expr -> . NUMBER
    (115) expr -> . LPAREN expr RPAREN
    (120) expr -> . STRING
    (130) expr -> . T_UNDEF expr
    (131) expr -> . IDENTIFIER
    (132) expr -> . WHILE expr THEN COMMA expr DOT
    (29) comp -> . expr EQUALS expr
    (30) comp -> . comp EQUALS expr
    (31) comp -> . expr GREATER_EQUALS expr
    (32) comp -> . comp GREATER_EQUALS expr
    (33) comp -> . expr UNEQUALS expr
    (34) comp -> . comp UNEQUALS expr
    (35) comp -> . expr GREATER_THAN expr
    (36) comp -> . comp GREATER_THAN expr
    (37) comp -> . expr SMALLER_THAN expr
    (38) comp -> . comp SMALLER_THAN expr
    (39) comp -> . expr SMALLER_EQUALS expr
    (40) comp -> . comp SMALLER_EQUALS expr
    (22) assign_expr -> . type IDENTIFIER ASSIGN expr
    (23) assign_expr -> . IDENTIFIER ASSIGN expr
    (121) type -> . T_INT
    (122) type -> . T_FLOAT
    (123) type -> . T_STRING
    (124) type -> . T_COMPLEX
    (125) type -> . LPAREN type_arg RPAREN ARROW type
    (126) type -> . type ARROW type
    (127) type -> . OPEN_BRACKETS CLOSED_BRACKETS type

    IDENTIFIER      shift and go to state 6
    NOT             shift and go to state 9
    PLUS            shift and go to state 4
    MINUS           shift and go to state 8
    BEGIN           shift and go to state 12
    LET             shift and go to state 13
    OPEN_BRACKETS   shift and go to state 3
    STRUCT          shift and go to state 14
    FLOAT           shift and go to state 15
    IF              shift and go to state 16
    IMPORT          shift and go to state 17
    CLOSED_BRACKETS shift and go to state 5
    LAMBDA          shift and go to state 18
    NULL            shift and go to state 20
    LPAREN          shift and go to state 7
    LOOP            shift and go to state 21
    MATCH           shift and go to state 22
    NUMBER          shift and go to state 23
    STRING          shift and go to state 24
    T_UNDEF         shift and go to state 25
    WHILE           shift and go to state 26
    T_INT           shift and go to state 27
    T_FLOAT         shift and go to state 28
    T_STRING        shift and go to state 29
    T_COMPLEX       shift and go to state 30

    expr                           shift and go to state 134
    comp                           shift and go to state 10
    assign_expr                    shift and go to state 11
    type                           shift and go to state 19

state 49

    (31) comp -> expr GREATER_EQUALS . expr
    (1) expr -> . expr ARROW expr
    (2) expr -> . expr OPEN_BRACKETS PLUS CLOSED_BRACKETS
    (3) expr -> . expr OPEN_BRACKETS expr CLOSED_BRACKETS
    (4) expr -> . IDENTIFIER PLUS_ASSIGN expr
    (5) expr -> . IDENTIFIER MINUS_ASSIGN expr
    (6) expr -> . IDENTIFIER SMALLER_EQUALS_ASSIGN expr
    (7) expr -> . IDENTIFIER GREATER_THAN_ASSIGN expr
    (8) expr -> . IDENTIFIER SMALLER_THAN_ASSIGN expr
    (9) expr -> . IDENTIFIER AND_ASSIGN expr
    (10) expr -> . IDENTIFIER OR_ASSIGN expr
    (11) expr -> . IDENTIFIER XOR_ASSIGN expr
    (12) expr -> . IDENTIFIER MOD_ASSIGN expr
    (13) expr -> . IDENTIFIER EXP_ASSIGN expr
    (14) expr -> . IDENTIFIER POWER_ASSIGN expr
    (15) expr -> . IDENTIFIER TIMES_ASSIGN expr
    (16) expr -> . IDENTIFIER DIVIDE_CEIL_ASSIGN expr
    (17) expr -> . IDENTIFIER DIVIDE_FLOOR_ASSIGN expr
    (18) expr -> . IDENTIFIER DIVIDE_ASSIGN expr
    (19) expr -> . IDENTIFIER EQUALS_ASSIGN expr
    (20) expr -> . IDENTIFIER UNEQUALS_ASSIGN expr
    (21) expr -> . IDENTIFIER GREATER_EQUALS_ASSIGN expr
    (26) expr -> . expr LPAREN para_expr RPAREN
    (41) expr -> . expr CONS expr
    (46) expr -> . expr PLUS expr
    (47) expr -> . expr MINUS expr
    (48) expr -> . expr EXP expr
    (49) expr -> . expr MOD expr
    (50) expr -> . NOT expr
    (51) expr -> . PLUS expr
    (52) expr -> . MINUS expr
    (53) expr -> . expr IMAG
    (54) expr -> . comp
    (55) expr -> . assign_expr
    (56) expr -> . BEGIN sequence END
    (57) expr -> . BEGIN END
    (58) expr -> . expr POWER expr
    (59) expr -> . LET letrec_assign IN expr DOT
    (60) expr -> . OPEN_BRACKETS param_list CLOSED_BRACKETS
    (61) expr -> . OPEN_BRACKETS expr CLOSED_BRACKETS
    (62) expr -> . OPEN_BRACKETS CLOSED_BRACKETS
    (63) expr -> . STRUCT BEGIN assign_list END
    (64) expr -> . STRUCT BEGIN END
    (65) expr -> . expr TIMES expr
    (66) expr -> . expr DIVIDE_CEIL expr
    (67) expr -> . expr DIVIDE_FLOOR expr
    (68) expr -> . expr DIVIDE expr
    (69) expr -> . expr AND expr
    (70) expr -> . expr XOR expr
    (71) expr -> . expr OR expr
    (73) expr -> . FLOAT
    (74) expr -> . IF expr THEN COMMA expr DOT
    (75) expr -> . IF expr THEN COMMA expr else_elif_body DOT
    (76) expr -> . IMPORT file
    (77) expr -> . OPEN_BRACKETS expr DOT DOT expr CLOSED_BRACKETS
    (78) expr -> . CLOSED_BRACKETS expr DOT DOT expr CLOSED_BRACKETS
    (79) expr -> . OPEN_BRACKETS expr DOT DOT expr OPEN_BRACKETS
    (80) expr -> . CLOSED_BRACKETS expr DOT DOT expr OPEN_BRACKETS
    (81) expr -> . LAMBDA para ARROW type COLON expr
    (82) expr -> . NULL
    (85) expr -> . LPAREN param_list RPAREN
    (86) expr -> . LOOP IDENTIFIER IN expr LOOPTHEN expr DOT
    (87) expr -> . MATCH expr WITH cases DOT
    (88) expr -> . NUMBER
    (115) expr -> . LPAREN expr RPAREN
    (120) expr -> . STRING
    (130) expr -> . T_UNDEF expr
    (131) expr -> . IDENTIFIER
    (132) expr -> . WHILE expr THEN COMMA expr DOT
    (29) comp -> . expr EQUALS expr
    (30) comp -> . comp EQUALS expr
    (31) comp -> . expr GREATER_EQUALS expr
    (32) comp -> . comp GREATER_EQUALS expr
    (33) comp -> . expr UNEQUALS expr
    (34) comp -> . comp UNEQUALS expr
    (35) comp -> . expr GREATER_THAN expr
    (36) comp -> . comp GREATER_THAN expr
    (37) comp -> . expr SMALLER_THAN expr
    (38) comp -> . comp SMALLER_THAN expr
    (39) comp -> . expr SMALLER_EQUALS expr
    (40) comp -> . comp SMALLER_EQUALS expr
    (22) assign_expr -> . type IDENTIFIER ASSIGN expr
    (23) assign_expr -> . IDENTIFIER ASSIGN expr
    (121) type -> . T_INT
    (122) type -> . T_FLOAT
    (123) type -> . T_STRING
    (124) type -> . T_COMPLEX
    (125) type -> . LPAREN type_arg RPAREN ARROW type
    (126) type -> . type ARROW type
    (127) type -> . OPEN_BRACKETS CLOSED_BRACKETS type

    IDENTIFIER      shift and go to state 6
    NOT             shift and go to state 9
    PLUS            shift and go to state 4
    MINUS           shift and go to state 8
    BEGIN           shift and go to state 12
    LET             shift and go to state 13
    OPEN_BRACKETS   shift and go to state 3
    STRUCT          shift and go to state 14
    FLOAT           shift and go to state 15
    IF              shift and go to state 16
    IMPORT          shift and go to state 17
    CLOSED_BRACKETS shift and go to state 5
    LAMBDA          shift and go to state 18
    NULL            shift and go to state 20
    LPAREN          shift and go to state 7
    LOOP            shift and go to state 21
    MATCH           shift and go to state 22
    NUMBER          shift and go to state 23
    STRING          shift and go to state 24
    T_UNDEF         shift and go to state 25
    WHILE           shift and go to state 26
    T_INT           shift and go to state 27
    T_FLOAT         shift and go to state 28
    T_STRING        shift and go to state 29
    T_COMPLEX       shift and go to state 30

    expr                           shift and go to state 135
    comp                           shift and go to state 10
    assign_expr                    shift and go to state 11
    type                           shift and go to state 19

state 50

    (33) comp -> expr UNEQUALS . expr
    (1) expr -> . expr ARROW expr
    (2) expr -> . expr OPEN_BRACKETS PLUS CLOSED_BRACKETS
    (3) expr -> . expr OPEN_BRACKETS expr CLOSED_BRACKETS
    (4) expr -> . IDENTIFIER PLUS_ASSIGN expr
    (5) expr -> . IDENTIFIER MINUS_ASSIGN expr
    (6) expr -> . IDENTIFIER SMALLER_EQUALS_ASSIGN expr
    (7) expr -> . IDENTIFIER GREATER_THAN_ASSIGN expr
    (8) expr -> . IDENTIFIER SMALLER_THAN_ASSIGN expr
    (9) expr -> . IDENTIFIER AND_ASSIGN expr
    (10) expr -> . IDENTIFIER OR_ASSIGN expr
    (11) expr -> . IDENTIFIER XOR_ASSIGN expr
    (12) expr -> . IDENTIFIER MOD_ASSIGN expr
    (13) expr -> . IDENTIFIER EXP_ASSIGN expr
    (14) expr -> . IDENTIFIER POWER_ASSIGN expr
    (15) expr -> . IDENTIFIER TIMES_ASSIGN expr
    (16) expr -> . IDENTIFIER DIVIDE_CEIL_ASSIGN expr
    (17) expr -> . IDENTIFIER DIVIDE_FLOOR_ASSIGN expr
    (18) expr -> . IDENTIFIER DIVIDE_ASSIGN expr
    (19) expr -> . IDENTIFIER EQUALS_ASSIGN expr
    (20) expr -> . IDENTIFIER UNEQUALS_ASSIGN expr
    (21) expr -> . IDENTIFIER GREATER_EQUALS_ASSIGN expr
    (26) expr -> . expr LPAREN para_expr RPAREN
    (41) expr -> . expr CONS expr
    (46) expr -> . expr PLUS expr
    (47) expr -> . expr MINUS expr
    (48) expr -> . expr EXP expr
    (49) expr -> . expr MOD expr
    (50) expr -> . NOT expr
    (51) expr -> . PLUS expr
    (52) expr -> . MINUS expr
    (53) expr -> . expr IMAG
    (54) expr -> . comp
    (55) expr -> . assign_expr
    (56) expr -> . BEGIN sequence END
    (57) expr -> . BEGIN END
    (58) expr -> . expr POWER expr
    (59) expr -> . LET letrec_assign IN expr DOT
    (60) expr -> . OPEN_BRACKETS param_list CLOSED_BRACKETS
    (61) expr -> . OPEN_BRACKETS expr CLOSED_BRACKETS
    (62) expr -> . OPEN_BRACKETS CLOSED_BRACKETS
    (63) expr -> . STRUCT BEGIN assign_list END
    (64) expr -> . STRUCT BEGIN END
    (65) expr -> . expr TIMES expr
    (66) expr -> . expr DIVIDE_CEIL expr
    (67) expr -> . expr DIVIDE_FLOOR expr
    (68) expr -> . expr DIVIDE expr
    (69) expr -> . expr AND expr
    (70) expr -> . expr XOR expr
    (71) expr -> . expr OR expr
    (73) expr -> . FLOAT
    (74) expr -> . IF expr THEN COMMA expr DOT
    (75) expr -> . IF expr THEN COMMA expr else_elif_body DOT
    (76) expr -> . IMPORT file
    (77) expr -> . OPEN_BRACKETS expr DOT DOT expr CLOSED_BRACKETS
    (78) expr -> . CLOSED_BRACKETS expr DOT DOT expr CLOSED_BRACKETS
    (79) expr -> . OPEN_BRACKETS expr DOT DOT expr OPEN_BRACKETS
    (80) expr -> . CLOSED_BRACKETS expr DOT DOT expr OPEN_BRACKETS
    (81) expr -> . LAMBDA para ARROW type COLON expr
    (82) expr -> . NULL
    (85) expr -> . LPAREN param_list RPAREN
    (86) expr -> . LOOP IDENTIFIER IN expr LOOPTHEN expr DOT
    (87) expr -> . MATCH expr WITH cases DOT
    (88) expr -> . NUMBER
    (115) expr -> . LPAREN expr RPAREN
    (120) expr -> . STRING
    (130) expr -> . T_UNDEF expr
    (131) expr -> . IDENTIFIER
    (132) expr -> . WHILE expr THEN COMMA expr DOT
    (29) comp -> . expr EQUALS expr
    (30) comp -> . comp EQUALS expr
    (31) comp -> . expr GREATER_EQUALS expr
    (32) comp -> . comp GREATER_EQUALS expr
    (33) comp -> . expr UNEQUALS expr
    (34) comp -> . comp UNEQUALS expr
    (35) comp -> . expr GREATER_THAN expr
    (36) comp -> . comp GREATER_THAN expr
    (37) comp -> . expr SMALLER_THAN expr
    (38) comp -> . comp SMALLER_THAN expr
    (39) comp -> . expr SMALLER_EQUALS expr
    (40) comp -> . comp SMALLER_EQUALS expr
    (22) assign_expr -> . type IDENTIFIER ASSIGN expr
    (23) assign_expr -> . IDENTIFIER ASSIGN expr
    (121) type -> . T_INT
    (122) type -> . T_FLOAT
    (123) type -> . T_STRING
    (124) type -> . T_COMPLEX
    (125) type -> . LPAREN type_arg RPAREN ARROW type
    (126) type -> . type ARROW type
    (127) type -> . OPEN_BRACKETS CLOSED_BRACKETS type

    IDENTIFIER      shift and go to state 6
    NOT             shift and go to state 9
    PLUS            shift and go to state 4
    MINUS           shift and go to state 8
    BEGIN           shift and go to state 12
    LET             shift and go to state 13
    OPEN_BRACKETS   shift and go to state 3
    STRUCT          shift and go to state 14
    FLOAT           shift and go to state 15
    IF              shift and go to state 16
    IMPORT          shift and go to state 17
    CLOSED_BRACKETS shift and go to state 5
    LAMBDA          shift and go to state 18
    NULL            shift and go to state 20
    LPAREN          shift and go to state 7
    LOOP            shift and go to state 21
    MATCH           shift and go to state 22
    NUMBER          shift and go to state 23
    STRING          shift and go to state 24
    T_UNDEF         shift and go to state 25
    WHILE           shift and go to state 26
    T_INT           shift and go to state 27
    T_FLOAT         shift and go to state 28
    T_STRING        shift and go to state 29
    T_COMPLEX       shift and go to state 30

    expr                           shift and go to state 136
    comp                           shift and go to state 10
    assign_expr                    shift and go to state 11
    type                           shift and go to state 19

state 51

    (35) comp -> expr GREATER_THAN . expr
    (1) expr -> . expr ARROW expr
    (2) expr -> . expr OPEN_BRACKETS PLUS CLOSED_BRACKETS
    (3) expr -> . expr OPEN_BRACKETS expr CLOSED_BRACKETS
    (4) expr -> . IDENTIFIER PLUS_ASSIGN expr
    (5) expr -> . IDENTIFIER MINUS_ASSIGN expr
    (6) expr -> . IDENTIFIER SMALLER_EQUALS_ASSIGN expr
    (7) expr -> . IDENTIFIER GREATER_THAN_ASSIGN expr
    (8) expr -> . IDENTIFIER SMALLER_THAN_ASSIGN expr
    (9) expr -> . IDENTIFIER AND_ASSIGN expr
    (10) expr -> . IDENTIFIER OR_ASSIGN expr
    (11) expr -> . IDENTIFIER XOR_ASSIGN expr
    (12) expr -> . IDENTIFIER MOD_ASSIGN expr
    (13) expr -> . IDENTIFIER EXP_ASSIGN expr
    (14) expr -> . IDENTIFIER POWER_ASSIGN expr
    (15) expr -> . IDENTIFIER TIMES_ASSIGN expr
    (16) expr -> . IDENTIFIER DIVIDE_CEIL_ASSIGN expr
    (17) expr -> . IDENTIFIER DIVIDE_FLOOR_ASSIGN expr
    (18) expr -> . IDENTIFIER DIVIDE_ASSIGN expr
    (19) expr -> . IDENTIFIER EQUALS_ASSIGN expr
    (20) expr -> . IDENTIFIER UNEQUALS_ASSIGN expr
    (21) expr -> . IDENTIFIER GREATER_EQUALS_ASSIGN expr
    (26) expr -> . expr LPAREN para_expr RPAREN
    (41) expr -> . expr CONS expr
    (46) expr -> . expr PLUS expr
    (47) expr -> . expr MINUS expr
    (48) expr -> . expr EXP expr
    (49) expr -> . expr MOD expr
    (50) expr -> . NOT expr
    (51) expr -> . PLUS expr
    (52) expr -> . MINUS expr
    (53) expr -> . expr IMAG
    (54) expr -> . comp
    (55) expr -> . assign_expr
    (56) expr -> . BEGIN sequence END
    (57) expr -> . BEGIN END
    (58) expr -> . expr POWER expr
    (59) expr -> . LET letrec_assign IN expr DOT
    (60) expr -> . OPEN_BRACKETS param_list CLOSED_BRACKETS
    (61) expr -> . OPEN_BRACKETS expr CLOSED_BRACKETS
    (62) expr -> . OPEN_BRACKETS CLOSED_BRACKETS
    (63) expr -> . STRUCT BEGIN assign_list END
    (64) expr -> . STRUCT BEGIN END
    (65) expr -> . expr TIMES expr
    (66) expr -> . expr DIVIDE_CEIL expr
    (67) expr -> . expr DIVIDE_FLOOR expr
    (68) expr -> . expr DIVIDE expr
    (69) expr -> . expr AND expr
    (70) expr -> . expr XOR expr
    (71) expr -> . expr OR expr
    (73) expr -> . FLOAT
    (74) expr -> . IF expr THEN COMMA expr DOT
    (75) expr -> . IF expr THEN COMMA expr else_elif_body DOT
    (76) expr -> . IMPORT file
    (77) expr -> . OPEN_BRACKETS expr DOT DOT expr CLOSED_BRACKETS
    (78) expr -> . CLOSED_BRACKETS expr DOT DOT expr CLOSED_BRACKETS
    (79) expr -> . OPEN_BRACKETS expr DOT DOT expr OPEN_BRACKETS
    (80) expr -> . CLOSED_BRACKETS expr DOT DOT expr OPEN_BRACKETS
    (81) expr -> . LAMBDA para ARROW type COLON expr
    (82) expr -> . NULL
    (85) expr -> . LPAREN param_list RPAREN
    (86) expr -> . LOOP IDENTIFIER IN expr LOOPTHEN expr DOT
    (87) expr -> . MATCH expr WITH cases DOT
    (88) expr -> . NUMBER
    (115) expr -> . LPAREN expr RPAREN
    (120) expr -> . STRING
    (130) expr -> . T_UNDEF expr
    (131) expr -> . IDENTIFIER
    (132) expr -> . WHILE expr THEN COMMA expr DOT
    (29) comp -> . expr EQUALS expr
    (30) comp -> . comp EQUALS expr
    (31) comp -> . expr GREATER_EQUALS expr
    (32) comp -> . comp GREATER_EQUALS expr
    (33) comp -> . expr UNEQUALS expr
    (34) comp -> . comp UNEQUALS expr
    (35) comp -> . expr GREATER_THAN expr
    (36) comp -> . comp GREATER_THAN expr
    (37) comp -> . expr SMALLER_THAN expr
    (38) comp -> . comp SMALLER_THAN expr
    (39) comp -> . expr SMALLER_EQUALS expr
    (40) comp -> . comp SMALLER_EQUALS expr
    (22) assign_expr -> . type IDENTIFIER ASSIGN expr
    (23) assign_expr -> . IDENTIFIER ASSIGN expr
    (121) type -> . T_INT
    (122) type -> . T_FLOAT
    (123) type -> . T_STRING
    (124) type -> . T_COMPLEX
    (125) type -> . LPAREN type_arg RPAREN ARROW type
    (126) type -> . type ARROW type
    (127) type -> . OPEN_BRACKETS CLOSED_BRACKETS type

    IDENTIFIER      shift and go to state 6
    NOT             shift and go to state 9
    PLUS            shift and go to state 4
    MINUS           shift and go to state 8
    BEGIN           shift and go to state 12
    LET             shift and go to state 13
    OPEN_BRACKETS   shift and go to state 3
    STRUCT          shift and go to state 14
    FLOAT           shift and go to state 15
    IF              shift and go to state 16
    IMPORT          shift and go to state 17
    CLOSED_BRACKETS shift and go to state 5
    LAMBDA          shift and go to state 18
    NULL            shift and go to state 20
    LPAREN          shift and go to state 7
    LOOP            shift and go to state 21
    MATCH           shift and go to state 22
    NUMBER          shift and go to state 23
    STRING          shift and go to state 24
    T_UNDEF         shift and go to state 25
    WHILE           shift and go to state 26
    T_INT           shift and go to state 27
    T_FLOAT         shift and go to state 28
    T_STRING        shift and go to state 29
    T_COMPLEX       shift and go to state 30

    expr                           shift and go to state 137
    comp                           shift and go to state 10
    assign_expr                    shift and go to state 11
    type                           shift and go to state 19

state 52

    (37) comp -> expr SMALLER_THAN . expr
    (1) expr -> . expr ARROW expr
    (2) expr -> . expr OPEN_BRACKETS PLUS CLOSED_BRACKETS
    (3) expr -> . expr OPEN_BRACKETS expr CLOSED_BRACKETS
    (4) expr -> . IDENTIFIER PLUS_ASSIGN expr
    (5) expr -> . IDENTIFIER MINUS_ASSIGN expr
    (6) expr -> . IDENTIFIER SMALLER_EQUALS_ASSIGN expr
    (7) expr -> . IDENTIFIER GREATER_THAN_ASSIGN expr
    (8) expr -> . IDENTIFIER SMALLER_THAN_ASSIGN expr
    (9) expr -> . IDENTIFIER AND_ASSIGN expr
    (10) expr -> . IDENTIFIER OR_ASSIGN expr
    (11) expr -> . IDENTIFIER XOR_ASSIGN expr
    (12) expr -> . IDENTIFIER MOD_ASSIGN expr
    (13) expr -> . IDENTIFIER EXP_ASSIGN expr
    (14) expr -> . IDENTIFIER POWER_ASSIGN expr
    (15) expr -> . IDENTIFIER TIMES_ASSIGN expr
    (16) expr -> . IDENTIFIER DIVIDE_CEIL_ASSIGN expr
    (17) expr -> . IDENTIFIER DIVIDE_FLOOR_ASSIGN expr
    (18) expr -> . IDENTIFIER DIVIDE_ASSIGN expr
    (19) expr -> . IDENTIFIER EQUALS_ASSIGN expr
    (20) expr -> . IDENTIFIER UNEQUALS_ASSIGN expr
    (21) expr -> . IDENTIFIER GREATER_EQUALS_ASSIGN expr
    (26) expr -> . expr LPAREN para_expr RPAREN
    (41) expr -> . expr CONS expr
    (46) expr -> . expr PLUS expr
    (47) expr -> . expr MINUS expr
    (48) expr -> . expr EXP expr
    (49) expr -> . expr MOD expr
    (50) expr -> . NOT expr
    (51) expr -> . PLUS expr
    (52) expr -> . MINUS expr
    (53) expr -> . expr IMAG
    (54) expr -> . comp
    (55) expr -> . assign_expr
    (56) expr -> . BEGIN sequence END
    (57) expr -> . BEGIN END
    (58) expr -> . expr POWER expr
    (59) expr -> . LET letrec_assign IN expr DOT
    (60) expr -> . OPEN_BRACKETS param_list CLOSED_BRACKETS
    (61) expr -> . OPEN_BRACKETS expr CLOSED_BRACKETS
    (62) expr -> . OPEN_BRACKETS CLOSED_BRACKETS
    (63) expr -> . STRUCT BEGIN assign_list END
    (64) expr -> . STRUCT BEGIN END
    (65) expr -> . expr TIMES expr
    (66) expr -> . expr DIVIDE_CEIL expr
    (67) expr -> . expr DIVIDE_FLOOR expr
    (68) expr -> . expr DIVIDE expr
    (69) expr -> . expr AND expr
    (70) expr -> . expr XOR expr
    (71) expr -> . expr OR expr
    (73) expr -> . FLOAT
    (74) expr -> . IF expr THEN COMMA expr DOT
    (75) expr -> . IF expr THEN COMMA expr else_elif_body DOT
    (76) expr -> . IMPORT file
    (77) expr -> . OPEN_BRACKETS expr DOT DOT expr CLOSED_BRACKETS
    (78) expr -> . CLOSED_BRACKETS expr DOT DOT expr CLOSED_BRACKETS
    (79) expr -> . OPEN_BRACKETS expr DOT DOT expr OPEN_BRACKETS
    (80) expr -> . CLOSED_BRACKETS expr DOT DOT expr OPEN_BRACKETS
    (81) expr -> . LAMBDA para ARROW type COLON expr
    (82) expr -> . NULL
    (85) expr -> . LPAREN param_list RPAREN
    (86) expr -> . LOOP IDENTIFIER IN expr LOOPTHEN expr DOT
    (87) expr -> . MATCH expr WITH cases DOT
    (88) expr -> . NUMBER
    (115) expr -> . LPAREN expr RPAREN
    (120) expr -> . STRING
    (130) expr -> . T_UNDEF expr
    (131) expr -> . IDENTIFIER
    (132) expr -> . WHILE expr THEN COMMA expr DOT
    (29) comp -> . expr EQUALS expr
    (30) comp -> . comp EQUALS expr
    (31) comp -> . expr GREATER_EQUALS expr
    (32) comp -> . comp GREATER_EQUALS expr
    (33) comp -> . expr UNEQUALS expr
    (34) comp -> . comp UNEQUALS expr
    (35) comp -> . expr GREATER_THAN expr
    (36) comp -> . comp GREATER_THAN expr
    (37) comp -> . expr SMALLER_THAN expr
    (38) comp -> . comp SMALLER_THAN expr
    (39) comp -> . expr SMALLER_EQUALS expr
    (40) comp -> . comp SMALLER_EQUALS expr
    (22) assign_expr -> . type IDENTIFIER ASSIGN expr
    (23) assign_expr -> . IDENTIFIER ASSIGN expr
    (121) type -> . T_INT
    (122) type -> . T_FLOAT
    (123) type -> . T_STRING
    (124) type -> . T_COMPLEX
    (125) type -> . LPAREN type_arg RPAREN ARROW type
    (126) type -> . type ARROW type
    (127) type -> . OPEN_BRACKETS CLOSED_BRACKETS type

    IDENTIFIER      shift and go to state 6
    NOT             shift and go to state 9
    PLUS            shift and go to state 4
    MINUS           shift and go to state 8
    BEGIN           shift and go to state 12
    LET             shift and go to state 13
    OPEN_BRACKETS   shift and go to state 3
    STRUCT          shift and go to state 14
    FLOAT           shift and go to state 15
    IF              shift and go to state 16
    IMPORT          shift and go to state 17
    CLOSED_BRACKETS shift and go to state 5
    LAMBDA          shift and go to state 18
    NULL            shift and go to state 20
    LPAREN          shift and go to state 7
    LOOP            shift and go to state 21
    MATCH           shift and go to state 22
    NUMBER          shift and go to state 23
    STRING          shift and go to state 24
    T_UNDEF         shift and go to state 25
    WHILE           shift and go to state 26
    T_INT           shift and go to state 27
    T_FLOAT         shift and go to state 28
    T_STRING        shift and go to state 29
    T_COMPLEX       shift and go to state 30

    expr                           shift and go to state 138
    comp                           shift and go to state 10
    assign_expr                    shift and go to state 11
    type                           shift and go to state 19

state 53

    (39) comp -> expr SMALLER_EQUALS . expr
    (1) expr -> . expr ARROW expr
    (2) expr -> . expr OPEN_BRACKETS PLUS CLOSED_BRACKETS
    (3) expr -> . expr OPEN_BRACKETS expr CLOSED_BRACKETS
    (4) expr -> . IDENTIFIER PLUS_ASSIGN expr
    (5) expr -> . IDENTIFIER MINUS_ASSIGN expr
    (6) expr -> . IDENTIFIER SMALLER_EQUALS_ASSIGN expr
    (7) expr -> . IDENTIFIER GREATER_THAN_ASSIGN expr
    (8) expr -> . IDENTIFIER SMALLER_THAN_ASSIGN expr
    (9) expr -> . IDENTIFIER AND_ASSIGN expr
    (10) expr -> . IDENTIFIER OR_ASSIGN expr
    (11) expr -> . IDENTIFIER XOR_ASSIGN expr
    (12) expr -> . IDENTIFIER MOD_ASSIGN expr
    (13) expr -> . IDENTIFIER EXP_ASSIGN expr
    (14) expr -> . IDENTIFIER POWER_ASSIGN expr
    (15) expr -> . IDENTIFIER TIMES_ASSIGN expr
    (16) expr -> . IDENTIFIER DIVIDE_CEIL_ASSIGN expr
    (17) expr -> . IDENTIFIER DIVIDE_FLOOR_ASSIGN expr
    (18) expr -> . IDENTIFIER DIVIDE_ASSIGN expr
    (19) expr -> . IDENTIFIER EQUALS_ASSIGN expr
    (20) expr -> . IDENTIFIER UNEQUALS_ASSIGN expr
    (21) expr -> . IDENTIFIER GREATER_EQUALS_ASSIGN expr
    (26) expr -> . expr LPAREN para_expr RPAREN
    (41) expr -> . expr CONS expr
    (46) expr -> . expr PLUS expr
    (47) expr -> . expr MINUS expr
    (48) expr -> . expr EXP expr
    (49) expr -> . expr MOD expr
    (50) expr -> . NOT expr
    (51) expr -> . PLUS expr
    (52) expr -> . MINUS expr
    (53) expr -> . expr IMAG
    (54) expr -> . comp
    (55) expr -> . assign_expr
    (56) expr -> . BEGIN sequence END
    (57) expr -> . BEGIN END
    (58) expr -> . expr POWER expr
    (59) expr -> . LET letrec_assign IN expr DOT
    (60) expr -> . OPEN_BRACKETS param_list CLOSED_BRACKETS
    (61) expr -> . OPEN_BRACKETS expr CLOSED_BRACKETS
    (62) expr -> . OPEN_BRACKETS CLOSED_BRACKETS
    (63) expr -> . STRUCT BEGIN assign_list END
    (64) expr -> . STRUCT BEGIN END
    (65) expr -> . expr TIMES expr
    (66) expr -> . expr DIVIDE_CEIL expr
    (67) expr -> . expr DIVIDE_FLOOR expr
    (68) expr -> . expr DIVIDE expr
    (69) expr -> . expr AND expr
    (70) expr -> . expr XOR expr
    (71) expr -> . expr OR expr
    (73) expr -> . FLOAT
    (74) expr -> . IF expr THEN COMMA expr DOT
    (75) expr -> . IF expr THEN COMMA expr else_elif_body DOT
    (76) expr -> . IMPORT file
    (77) expr -> . OPEN_BRACKETS expr DOT DOT expr CLOSED_BRACKETS
    (78) expr -> . CLOSED_BRACKETS expr DOT DOT expr CLOSED_BRACKETS
    (79) expr -> . OPEN_BRACKETS expr DOT DOT expr OPEN_BRACKETS
    (80) expr -> . CLOSED_BRACKETS expr DOT DOT expr OPEN_BRACKETS
    (81) expr -> . LAMBDA para ARROW type COLON expr
    (82) expr -> . NULL
    (85) expr -> . LPAREN param_list RPAREN
    (86) expr -> . LOOP IDENTIFIER IN expr LOOPTHEN expr DOT
    (87) expr -> . MATCH expr WITH cases DOT
    (88) expr -> . NUMBER
    (115) expr -> . LPAREN expr RPAREN
    (120) expr -> . STRING
    (130) expr -> . T_UNDEF expr
    (131) expr -> . IDENTIFIER
    (132) expr -> . WHILE expr THEN COMMA expr DOT
    (29) comp -> . expr EQUALS expr
    (30) comp -> . comp EQUALS expr
    (31) comp -> . expr GREATER_EQUALS expr
    (32) comp -> . comp GREATER_EQUALS expr
    (33) comp -> . expr UNEQUALS expr
    (34) comp -> . comp UNEQUALS expr
    (35) comp -> . expr GREATER_THAN expr
    (36) comp -> . comp GREATER_THAN expr
    (37) comp -> . expr SMALLER_THAN expr
    (38) comp -> . comp SMALLER_THAN expr
    (39) comp -> . expr SMALLER_EQUALS expr
    (40) comp -> . comp SMALLER_EQUALS expr
    (22) assign_expr -> . type IDENTIFIER ASSIGN expr
    (23) assign_expr -> . IDENTIFIER ASSIGN expr
    (121) type -> . T_INT
    (122) type -> . T_FLOAT
    (123) type -> . T_STRING
    (124) type -> . T_COMPLEX
    (125) type -> . LPAREN type_arg RPAREN ARROW type
    (126) type -> . type ARROW type
    (127) type -> . OPEN_BRACKETS CLOSED_BRACKETS type

    IDENTIFIER      shift and go to state 6
    NOT             shift and go to state 9
    PLUS            shift and go to state 4
    MINUS           shift and go to state 8
    BEGIN           shift and go to state 12
    LET             shift and go to state 13
    OPEN_BRACKETS   shift and go to state 3
    STRUCT          shift and go to state 14
    FLOAT           shift and go to state 15
    IF              shift and go to state 16
    IMPORT          shift and go to state 17
    CLOSED_BRACKETS shift and go to state 5
    LAMBDA          shift and go to state 18
    NULL            shift and go to state 20
    LPAREN          shift and go to state 7
    LOOP            shift and go to state 21
    MATCH           shift and go to state 22
    NUMBER          shift and go to state 23
    STRING          shift and go to state 24
    T_UNDEF         shift and go to state 25
    WHILE           shift and go to state 26
    T_INT           shift and go to state 27
    T_FLOAT         shift and go to state 28
    T_STRING        shift and go to state 29
    T_COMPLEX       shift and go to state 30

    expr                           shift and go to state 139
    comp                           shift and go to state 10
    assign_expr                    shift and go to state 11
    type                           shift and go to state 19

state 54

    (60) expr -> OPEN_BRACKETS param_list . CLOSED_BRACKETS
    (104) param_list -> param_list . COMMA expr

    CLOSED_BRACKETS shift and go to state 140
    COMMA           shift and go to state 141


state 55

    (62) expr -> OPEN_BRACKETS CLOSED_BRACKETS .
    (127) type -> OPEN_BRACKETS CLOSED_BRACKETS . type
    (78) expr -> CLOSED_BRACKETS . expr DOT DOT expr CLOSED_BRACKETS
    (80) expr -> CLOSED_BRACKETS . expr DOT DOT expr OPEN_BRACKETS
    (121) type -> . T_INT
    (122) type -> . T_FLOAT
    (123) type -> . T_STRING
    (124) type -> . T_COMPLEX
    (125) type -> . LPAREN type_arg RPAREN ARROW type
    (126) type -> . type ARROW type
    (127) type -> . OPEN_BRACKETS CLOSED_BRACKETS type
    (1) expr -> . expr ARROW expr
    (2) expr -> . expr OPEN_BRACKETS PLUS CLOSED_BRACKETS
    (3) expr -> . expr OPEN_BRACKETS expr CLOSED_BRACKETS
    (4) expr -> . IDENTIFIER PLUS_ASSIGN expr
    (5) expr -> . IDENTIFIER MINUS_ASSIGN expr
    (6) expr -> . IDENTIFIER SMALLER_EQUALS_ASSIGN expr
    (7) expr -> . IDENTIFIER GREATER_THAN_ASSIGN expr
    (8) expr -> . IDENTIFIER SMALLER_THAN_ASSIGN expr
    (9) expr -> . IDENTIFIER AND_ASSIGN expr
    (10) expr -> . IDENTIFIER OR_ASSIGN expr
    (11) expr -> . IDENTIFIER XOR_ASSIGN expr
    (12) expr -> . IDENTIFIER MOD_ASSIGN expr
    (13) expr -> . IDENTIFIER EXP_ASSIGN expr
    (14) expr -> . IDENTIFIER POWER_ASSIGN expr
    (15) expr -> . IDENTIFIER TIMES_ASSIGN expr
    (16) expr -> . IDENTIFIER DIVIDE_CEIL_ASSIGN expr
    (17) expr -> . IDENTIFIER DIVIDE_FLOOR_ASSIGN expr
    (18) expr -> . IDENTIFIER DIVIDE_ASSIGN expr
    (19) expr -> . IDENTIFIER EQUALS_ASSIGN expr
    (20) expr -> . IDENTIFIER UNEQUALS_ASSIGN expr
    (21) expr -> . IDENTIFIER GREATER_EQUALS_ASSIGN expr
    (26) expr -> . expr LPAREN para_expr RPAREN
    (41) expr -> . expr CONS expr
    (46) expr -> . expr PLUS expr
    (47) expr -> . expr MINUS expr
    (48) expr -> . expr EXP expr
    (49) expr -> . expr MOD expr
    (50) expr -> . NOT expr
    (51) expr -> . PLUS expr
    (52) expr -> . MINUS expr
    (53) expr -> . expr IMAG
    (54) expr -> . comp
    (55) expr -> . assign_expr
    (56) expr -> . BEGIN sequence END
    (57) expr -> . BEGIN END
    (58) expr -> . expr POWER expr
    (59) expr -> . LET letrec_assign IN expr DOT
    (60) expr -> . OPEN_BRACKETS param_list CLOSED_BRACKETS
    (61) expr -> . OPEN_BRACKETS expr CLOSED_BRACKETS
    (62) expr -> . OPEN_BRACKETS CLOSED_BRACKETS
    (63) expr -> . STRUCT BEGIN assign_list END
    (64) expr -> . STRUCT BEGIN END
    (65) expr -> . expr TIMES expr
    (66) expr -> . expr DIVIDE_CEIL expr
    (67) expr -> . expr DIVIDE_FLOOR expr
    (68) expr -> . expr DIVIDE expr
    (69) expr -> . expr AND expr
    (70) expr -> . expr XOR expr
    (71) expr -> . expr OR expr
    (73) expr -> . FLOAT
    (74) expr -> . IF expr THEN COMMA expr DOT
    (75) expr -> . IF expr THEN COMMA expr else_elif_body DOT
    (76) expr -> . IMPORT file
    (77) expr -> . OPEN_BRACKETS expr DOT DOT expr CLOSED_BRACKETS
    (78) expr -> . CLOSED_BRACKETS expr DOT DOT expr CLOSED_BRACKETS
    (79) expr -> . OPEN_BRACKETS expr DOT DOT expr OPEN_BRACKETS
    (80) expr -> . CLOSED_BRACKETS expr DOT DOT expr OPEN_BRACKETS
    (81) expr -> . LAMBDA para ARROW type COLON expr
    (82) expr -> . NULL
    (85) expr -> . LPAREN param_list RPAREN
    (86) expr -> . LOOP IDENTIFIER IN expr LOOPTHEN expr DOT
    (87) expr -> . MATCH expr WITH cases DOT
    (88) expr -> . NUMBER
    (115) expr -> . LPAREN expr RPAREN
    (120) expr -> . STRING
    (130) expr -> . T_UNDEF expr
    (131) expr -> . IDENTIFIER
    (132) expr -> . WHILE expr THEN COMMA expr DOT
    (29) comp -> . expr EQUALS expr
    (30) comp -> . comp EQUALS expr
    (31) comp -> . expr GREATER_EQUALS expr
    (32) comp -> . comp GREATER_EQUALS expr
    (33) comp -> . expr UNEQUALS expr
    (34) comp -> . comp UNEQUALS expr
    (35) comp -> . expr GREATER_THAN expr
    (36) comp -> . comp GREATER_THAN expr
    (37) comp -> . expr SMALLER_THAN expr
    (38) comp -> . comp SMALLER_THAN expr
    (39) comp -> . expr SMALLER_EQUALS expr
    (40) comp -> . comp SMALLER_EQUALS expr
    (22) assign_expr -> . type IDENTIFIER ASSIGN expr
    (23) assign_expr -> . IDENTIFIER ASSIGN expr

    ARROW           reduce using rule 62 (expr -> OPEN_BRACKETS CLOSED_BRACKETS .)
    OPEN_BRACKETS   reduce using rule 62 (expr -> OPEN_BRACKETS CLOSED_BRACKETS .)
    LPAREN          reduce using rule 62 (expr -> OPEN_BRACKETS CLOSED_BRACKETS .)
    CONS            reduce using rule 62 (expr -> OPEN_BRACKETS CLOSED_BRACKETS .)
    PLUS            reduce using rule 62 (expr -> OPEN_BRACKETS CLOSED_BRACKETS .)
    MINUS           reduce using rule 62 (expr -> OPEN_BRACKETS CLOSED_BRACKETS .)
    EXP             reduce using rule 62 (expr -> OPEN_BRACKETS CLOSED_BRACKETS .)
    MOD             reduce using rule 62 (expr -> OPEN_BRACKETS CLOSED_BRACKETS .)
    IMAG            reduce using rule 62 (expr -> OPEN_BRACKETS CLOSED_BRACKETS .)
    POWER           reduce using rule 62 (expr -> OPEN_BRACKETS CLOSED_BRACKETS .)
    TIMES           reduce using rule 62 (expr -> OPEN_BRACKETS CLOSED_BRACKETS .)
    DIVIDE_CEIL     reduce using rule 62 (expr -> OPEN_BRACKETS CLOSED_BRACKETS .)
    DIVIDE_FLOOR    reduce using rule 62 (expr -> OPEN_BRACKETS CLOSED_BRACKETS .)
    DIVIDE          reduce using rule 62 (expr -> OPEN_BRACKETS CLOSED_BRACKETS .)
    AND             reduce using rule 62 (expr -> OPEN_BRACKETS CLOSED_BRACKETS .)
    XOR             reduce using rule 62 (expr -> OPEN_BRACKETS CLOSED_BRACKETS .)
    OR              reduce using rule 62 (expr -> OPEN_BRACKETS CLOSED_BRACKETS .)
    EQUALS          reduce using rule 62 (expr -> OPEN_BRACKETS CLOSED_BRACKETS .)
    GREATER_EQUALS  reduce using rule 62 (expr -> OPEN_BRACKETS CLOSED_BRACKETS .)
    UNEQUALS        reduce using rule 62 (expr -> OPEN_BRACKETS CLOSED_BRACKETS .)
    GREATER_THAN    reduce using rule 62 (expr -> OPEN_BRACKETS CLOSED_BRACKETS .)
    SMALLER_THAN    reduce using rule 62 (expr -> OPEN_BRACKETS CLOSED_BRACKETS .)
    SMALLER_EQUALS  reduce using rule 62 (expr -> OPEN_BRACKETS CLOSED_BRACKETS .)
    $end            reduce using rule 62 (expr -> OPEN_BRACKETS CLOSED_BRACKETS .)
    CLOSED_BRACKETS reduce using rule 62 (expr -> OPEN_BRACKETS CLOSED_BRACKETS .)
    DOT             reduce using rule 62 (expr -> OPEN_BRACKETS CLOSED_BRACKETS .)
    COMMA           reduce using rule 62 (expr -> OPEN_BRACKETS CLOSED_BRACKETS .)
    RPAREN          reduce using rule 62 (expr -> OPEN_BRACKETS CLOSED_BRACKETS .)
    SEMICOLON       reduce using rule 62 (expr -> OPEN_BRACKETS CLOSED_BRACKETS .)
    END             reduce using rule 62 (expr -> OPEN_BRACKETS CLOSED_BRACKETS .)
    THEN            reduce using rule 62 (expr -> OPEN_BRACKETS CLOSED_BRACKETS .)
    WITH            reduce using rule 62 (expr -> OPEN_BRACKETS CLOSED_BRACKETS .)
    COLON           reduce using rule 62 (expr -> OPEN_BRACKETS CLOSED_BRACKETS .)
    IN              reduce using rule 62 (expr -> OPEN_BRACKETS CLOSED_BRACKETS .)
    LOOPTHEN        reduce using rule 62 (expr -> OPEN_BRACKETS CLOSED_BRACKETS .)
    ELSE            reduce using rule 62 (expr -> OPEN_BRACKETS CLOSED_BRACKETS .)
    T_INT           shift and go to state 27
    T_FLOAT         shift and go to state 28
    T_STRING        shift and go to state 29
    T_COMPLEX       shift and go to state 30
    IDENTIFIER      shift and go to state 6
    NOT             shift and go to state 9
    BEGIN           shift and go to state 12
    LET             shift and go to state 13
    STRUCT          shift and go to state 14
    FLOAT           shift and go to state 15
    IF              shift and go to state 16
    IMPORT          shift and go to state 17
    LAMBDA          shift and go to state 18
    NULL            shift and go to state 20
    LOOP            shift and go to state 21
    MATCH           shift and go to state 22
    NUMBER          shift and go to state 23
    STRING          shift and go to state 24
    T_UNDEF         shift and go to state 25
    WHILE           shift and go to state 26

  ! LPAREN          [ shift and go to state 144 ]
  ! OPEN_BRACKETS   [ shift and go to state 142 ]
  ! PLUS            [ shift and go to state 4 ]
  ! MINUS           [ shift and go to state 8 ]
  ! CLOSED_BRACKETS [ shift and go to state 5 ]

    type                           shift and go to state 143
    expr                           shift and go to state 58
    comp                           shift and go to state 10
    assign_expr                    shift and go to state 11

state 56

    (61) expr -> OPEN_BRACKETS expr . CLOSED_BRACKETS
    (77) expr -> OPEN_BRACKETS expr . DOT DOT expr CLOSED_BRACKETS
    (79) expr -> OPEN_BRACKETS expr . DOT DOT expr OPEN_BRACKETS
    (105) param_list -> expr . COMMA expr
    (1) expr -> expr . ARROW expr
    (2) expr -> expr . OPEN_BRACKETS PLUS CLOSED_BRACKETS
    (3) expr -> expr . OPEN_BRACKETS expr CLOSED_BRACKETS
    (26) expr -> expr . LPAREN para_expr RPAREN
    (41) expr -> expr . CONS expr
    (46) expr -> expr . PLUS expr
    (47) expr -> expr . MINUS expr
    (48) expr -> expr . EXP expr
    (49) expr -> expr . MOD expr
    (53) expr -> expr . IMAG
    (58) expr -> expr . POWER expr
    (65) expr -> expr . TIMES expr
    (66) expr -> expr . DIVIDE_CEIL expr
    (67) expr -> expr . DIVIDE_FLOOR expr
    (68) expr -> expr . DIVIDE expr
    (69) expr -> expr . AND expr
    (70) expr -> expr . XOR expr
    (71) expr -> expr . OR expr
    (29) comp -> expr . EQUALS expr
    (31) comp -> expr . GREATER_EQUALS expr
    (33) comp -> expr . UNEQUALS expr
    (35) comp -> expr . GREATER_THAN expr
    (37) comp -> expr . SMALLER_THAN expr
    (39) comp -> expr . SMALLER_EQUALS expr

    CLOSED_BRACKETS shift and go to state 145
    DOT             shift and go to state 146
    COMMA           shift and go to state 147
    ARROW           shift and go to state 31
    OPEN_BRACKETS   shift and go to state 32
    LPAREN          shift and go to state 34
    CONS            shift and go to state 35
    PLUS            shift and go to state 33
    MINUS           shift and go to state 36
    EXP             shift and go to state 37
    MOD             shift and go to state 38
    IMAG            shift and go to state 39
    POWER           shift and go to state 40
    TIMES           shift and go to state 41
    DIVIDE_CEIL     shift and go to state 42
    DIVIDE_FLOOR    shift and go to state 43
    DIVIDE          shift and go to state 44
    AND             shift and go to state 45
    XOR             shift and go to state 46
    OR              shift and go to state 47
    EQUALS          shift and go to state 48
    GREATER_EQUALS  shift and go to state 49
    UNEQUALS        shift and go to state 50
    GREATER_THAN    shift and go to state 51
    SMALLER_THAN    shift and go to state 52
    SMALLER_EQUALS  shift and go to state 53


state 57

    (51) expr -> PLUS expr .
    (1) expr -> expr . ARROW expr
    (2) expr -> expr . OPEN_BRACKETS PLUS CLOSED_BRACKETS
    (3) expr -> expr . OPEN_BRACKETS expr CLOSED_BRACKETS
    (26) expr -> expr . LPAREN para_expr RPAREN
    (41) expr -> expr . CONS expr
    (46) expr -> expr . PLUS expr
    (47) expr -> expr . MINUS expr
    (48) expr -> expr . EXP expr
    (49) expr -> expr . MOD expr
    (53) expr -> expr . IMAG
    (58) expr -> expr . POWER expr
    (65) expr -> expr . TIMES expr
    (66) expr -> expr . DIVIDE_CEIL expr
    (67) expr -> expr . DIVIDE_FLOOR expr
    (68) expr -> expr . DIVIDE expr
    (69) expr -> expr . AND expr
    (70) expr -> expr . XOR expr
    (71) expr -> expr . OR expr
    (29) comp -> expr . EQUALS expr
    (31) comp -> expr . GREATER_EQUALS expr
    (33) comp -> expr . UNEQUALS expr
    (35) comp -> expr . GREATER_THAN expr
    (37) comp -> expr . SMALLER_THAN expr
    (39) comp -> expr . SMALLER_EQUALS expr

    PLUS            reduce using rule 51 (expr -> PLUS expr .)
    MINUS           reduce using rule 51 (expr -> PLUS expr .)
    EXP             reduce using rule 51 (expr -> PLUS expr .)
    MOD             reduce using rule 51 (expr -> PLUS expr .)
    IMAG            reduce using rule 51 (expr -> PLUS expr .)
    POWER           reduce using rule 51 (expr -> PLUS expr .)
    TIMES           reduce using rule 51 (expr -> PLUS expr .)
    DIVIDE_CEIL     reduce using rule 51 (expr -> PLUS expr .)
    DIVIDE_FLOOR    reduce using rule 51 (expr -> PLUS expr .)
    DIVIDE          reduce using rule 51 (expr -> PLUS expr .)
    AND             reduce using rule 51 (expr -> PLUS expr .)
    XOR             reduce using rule 51 (expr -> PLUS expr .)
    OR              reduce using rule 51 (expr -> PLUS expr .)
    EQUALS          reduce using rule 51 (expr -> PLUS expr .)
    GREATER_EQUALS  reduce using rule 51 (expr -> PLUS expr .)
    UNEQUALS        reduce using rule 51 (expr -> PLUS expr .)
    GREATER_THAN    reduce using rule 51 (expr -> PLUS expr .)
    SMALLER_THAN    reduce using rule 51 (expr -> PLUS expr .)
    SMALLER_EQUALS  reduce using rule 51 (expr -> PLUS expr .)
    $end            reduce using rule 51 (expr -> PLUS expr .)
    CLOSED_BRACKETS reduce using rule 51 (expr -> PLUS expr .)
    DOT             reduce using rule 51 (expr -> PLUS expr .)
    COMMA           reduce using rule 51 (expr -> PLUS expr .)
    RPAREN          reduce using rule 51 (expr -> PLUS expr .)
    SEMICOLON       reduce using rule 51 (expr -> PLUS expr .)
    END             reduce using rule 51 (expr -> PLUS expr .)
    THEN            reduce using rule 51 (expr -> PLUS expr .)
    WITH            reduce using rule 51 (expr -> PLUS expr .)
    COLON           reduce using rule 51 (expr -> PLUS expr .)
    IN              reduce using rule 51 (expr -> PLUS expr .)
    LOOPTHEN        reduce using rule 51 (expr -> PLUS expr .)
    ELSE            reduce using rule 51 (expr -> PLUS expr .)
    ARROW           shift and go to state 31
    OPEN_BRACKETS   shift and go to state 32
    LPAREN          shift and go to state 34
    CONS            shift and go to state 35

  ! ARROW           [ reduce using rule 51 (expr -> PLUS expr .) ]
  ! OPEN_BRACKETS   [ reduce using rule 51 (expr -> PLUS expr .) ]
  ! LPAREN          [ reduce using rule 51 (expr -> PLUS expr .) ]
  ! CONS            [ reduce using rule 51 (expr -> PLUS expr .) ]
  ! PLUS            [ shift and go to state 33 ]
  ! MINUS           [ shift and go to state 36 ]
  ! EXP             [ shift and go to state 37 ]
  ! MOD             [ shift and go to state 38 ]
  ! IMAG            [ shift and go to state 39 ]
  ! POWER           [ shift and go to state 40 ]
  ! TIMES           [ shift and go to state 41 ]
  ! DIVIDE_CEIL     [ shift and go to state 42 ]
  ! DIVIDE_FLOOR    [ shift and go to state 43 ]
  ! DIVIDE          [ shift and go to state 44 ]
  ! AND             [ shift and go to state 45 ]
  ! XOR             [ shift and go to state 46 ]
  ! OR              [ shift and go to state 47 ]
  ! EQUALS          [ shift and go to state 48 ]
  ! GREATER_EQUALS  [ shift and go to state 49 ]
  ! UNEQUALS        [ shift and go to state 50 ]
  ! GREATER_THAN    [ shift and go to state 51 ]
  ! SMALLER_THAN    [ shift and go to state 52 ]
  ! SMALLER_EQUALS  [ shift and go to state 53 ]


state 58

    (78) expr -> CLOSED_BRACKETS expr . DOT DOT expr CLOSED_BRACKETS
    (80) expr -> CLOSED_BRACKETS expr . DOT DOT expr OPEN_BRACKETS
    (1) expr -> expr . ARROW expr
    (2) expr -> expr . OPEN_BRACKETS PLUS CLOSED_BRACKETS
    (3) expr -> expr . OPEN_BRACKETS expr CLOSED_BRACKETS
    (26) expr -> expr . LPAREN para_expr RPAREN
    (41) expr -> expr . CONS expr
    (46) expr -> expr . PLUS expr
    (47) expr -> expr . MINUS expr
    (48) expr -> expr . EXP expr
    (49) expr -> expr . MOD expr
    (53) expr -> expr . IMAG
    (58) expr -> expr . POWER expr
    (65) expr -> expr . TIMES expr
    (66) expr -> expr . DIVIDE_CEIL expr
    (67) expr -> expr . DIVIDE_FLOOR expr
    (68) expr -> expr . DIVIDE expr
    (69) expr -> expr . AND expr
    (70) expr -> expr . XOR expr
    (71) expr -> expr . OR expr
    (29) comp -> expr . EQUALS expr
    (31) comp -> expr . GREATER_EQUALS expr
    (33) comp -> expr . UNEQUALS expr
    (35) comp -> expr . GREATER_THAN expr
    (37) comp -> expr . SMALLER_THAN expr
    (39) comp -> expr . SMALLER_EQUALS expr

    DOT             shift and go to state 148
    ARROW           shift and go to state 31
    OPEN_BRACKETS   shift and go to state 32
    LPAREN          shift and go to state 34
    CONS            shift and go to state 35
    PLUS            shift and go to state 33
    MINUS           shift and go to state 36
    EXP             shift and go to state 37
    MOD             shift and go to state 38
    IMAG            shift and go to state 39
    POWER           shift and go to state 40
    TIMES           shift and go to state 41
    DIVIDE_CEIL     shift and go to state 42
    DIVIDE_FLOOR    shift and go to state 43
    DIVIDE          shift and go to state 44
    AND             shift and go to state 45
    XOR             shift and go to state 46
    OR              shift and go to state 47
    EQUALS          shift and go to state 48
    GREATER_EQUALS  shift and go to state 49
    UNEQUALS        shift and go to state 50
    GREATER_THAN    shift and go to state 51
    SMALLER_THAN    shift and go to state 52
    SMALLER_EQUALS  shift and go to state 53


state 59

    (4) expr -> IDENTIFIER PLUS_ASSIGN . expr
    (1) expr -> . expr ARROW expr
    (2) expr -> . expr OPEN_BRACKETS PLUS CLOSED_BRACKETS
    (3) expr -> . expr OPEN_BRACKETS expr CLOSED_BRACKETS
    (4) expr -> . IDENTIFIER PLUS_ASSIGN expr
    (5) expr -> . IDENTIFIER MINUS_ASSIGN expr
    (6) expr -> . IDENTIFIER SMALLER_EQUALS_ASSIGN expr
    (7) expr -> . IDENTIFIER GREATER_THAN_ASSIGN expr
    (8) expr -> . IDENTIFIER SMALLER_THAN_ASSIGN expr
    (9) expr -> . IDENTIFIER AND_ASSIGN expr
    (10) expr -> . IDENTIFIER OR_ASSIGN expr
    (11) expr -> . IDENTIFIER XOR_ASSIGN expr
    (12) expr -> . IDENTIFIER MOD_ASSIGN expr
    (13) expr -> . IDENTIFIER EXP_ASSIGN expr
    (14) expr -> . IDENTIFIER POWER_ASSIGN expr
    (15) expr -> . IDENTIFIER TIMES_ASSIGN expr
    (16) expr -> . IDENTIFIER DIVIDE_CEIL_ASSIGN expr
    (17) expr -> . IDENTIFIER DIVIDE_FLOOR_ASSIGN expr
    (18) expr -> . IDENTIFIER DIVIDE_ASSIGN expr
    (19) expr -> . IDENTIFIER EQUALS_ASSIGN expr
    (20) expr -> . IDENTIFIER UNEQUALS_ASSIGN expr
    (21) expr -> . IDENTIFIER GREATER_EQUALS_ASSIGN expr
    (26) expr -> . expr LPAREN para_expr RPAREN
    (41) expr -> . expr CONS expr
    (46) expr -> . expr PLUS expr
    (47) expr -> . expr MINUS expr
    (48) expr -> . expr EXP expr
    (49) expr -> . expr MOD expr
    (50) expr -> . NOT expr
    (51) expr -> . PLUS expr
    (52) expr -> . MINUS expr
    (53) expr -> . expr IMAG
    (54) expr -> . comp
    (55) expr -> . assign_expr
    (56) expr -> . BEGIN sequence END
    (57) expr -> . BEGIN END
    (58) expr -> . expr POWER expr
    (59) expr -> . LET letrec_assign IN expr DOT
    (60) expr -> . OPEN_BRACKETS param_list CLOSED_BRACKETS
    (61) expr -> . OPEN_BRACKETS expr CLOSED_BRACKETS
    (62) expr -> . OPEN_BRACKETS CLOSED_BRACKETS
    (63) expr -> . STRUCT BEGIN assign_list END
    (64) expr -> . STRUCT BEGIN END
    (65) expr -> . expr TIMES expr
    (66) expr -> . expr DIVIDE_CEIL expr
    (67) expr -> . expr DIVIDE_FLOOR expr
    (68) expr -> . expr DIVIDE expr
    (69) expr -> . expr AND expr
    (70) expr -> . expr XOR expr
    (71) expr -> . expr OR expr
    (73) expr -> . FLOAT
    (74) expr -> . IF expr THEN COMMA expr DOT
    (75) expr -> . IF expr THEN COMMA expr else_elif_body DOT
    (76) expr -> . IMPORT file
    (77) expr -> . OPEN_BRACKETS expr DOT DOT expr CLOSED_BRACKETS
    (78) expr -> . CLOSED_BRACKETS expr DOT DOT expr CLOSED_BRACKETS
    (79) expr -> . OPEN_BRACKETS expr DOT DOT expr OPEN_BRACKETS
    (80) expr -> . CLOSED_BRACKETS expr DOT DOT expr OPEN_BRACKETS
    (81) expr -> . LAMBDA para ARROW type COLON expr
    (82) expr -> . NULL
    (85) expr -> . LPAREN param_list RPAREN
    (86) expr -> . LOOP IDENTIFIER IN expr LOOPTHEN expr DOT
    (87) expr -> . MATCH expr WITH cases DOT
    (88) expr -> . NUMBER
    (115) expr -> . LPAREN expr RPAREN
    (120) expr -> . STRING
    (130) expr -> . T_UNDEF expr
    (131) expr -> . IDENTIFIER
    (132) expr -> . WHILE expr THEN COMMA expr DOT
    (29) comp -> . expr EQUALS expr
    (30) comp -> . comp EQUALS expr
    (31) comp -> . expr GREATER_EQUALS expr
    (32) comp -> . comp GREATER_EQUALS expr
    (33) comp -> . expr UNEQUALS expr
    (34) comp -> . comp UNEQUALS expr
    (35) comp -> . expr GREATER_THAN expr
    (36) comp -> . comp GREATER_THAN expr
    (37) comp -> . expr SMALLER_THAN expr
    (38) comp -> . comp SMALLER_THAN expr
    (39) comp -> . expr SMALLER_EQUALS expr
    (40) comp -> . comp SMALLER_EQUALS expr
    (22) assign_expr -> . type IDENTIFIER ASSIGN expr
    (23) assign_expr -> . IDENTIFIER ASSIGN expr
    (121) type -> . T_INT
    (122) type -> . T_FLOAT
    (123) type -> . T_STRING
    (124) type -> . T_COMPLEX
    (125) type -> . LPAREN type_arg RPAREN ARROW type
    (126) type -> . type ARROW type
    (127) type -> . OPEN_BRACKETS CLOSED_BRACKETS type

    IDENTIFIER      shift and go to state 6
    NOT             shift and go to state 9
    PLUS            shift and go to state 4
    MINUS           shift and go to state 8
    BEGIN           shift and go to state 12
    LET             shift and go to state 13
    OPEN_BRACKETS   shift and go to state 3
    STRUCT          shift and go to state 14
    FLOAT           shift and go to state 15
    IF              shift and go to state 16
    IMPORT          shift and go to state 17
    CLOSED_BRACKETS shift and go to state 5
    LAMBDA          shift and go to state 18
    NULL            shift and go to state 20
    LPAREN          shift and go to state 7
    LOOP            shift and go to state 21
    MATCH           shift and go to state 22
    NUMBER          shift and go to state 23
    STRING          shift and go to state 24
    T_UNDEF         shift and go to state 25
    WHILE           shift and go to state 26
    T_INT           shift and go to state 27
    T_FLOAT         shift and go to state 28
    T_STRING        shift and go to state 29
    T_COMPLEX       shift and go to state 30

    expr                           shift and go to state 149
    comp                           shift and go to state 10
    assign_expr                    shift and go to state 11
    type                           shift and go to state 19

state 60

    (5) expr -> IDENTIFIER MINUS_ASSIGN . expr
    (1) expr -> . expr ARROW expr
    (2) expr -> . expr OPEN_BRACKETS PLUS CLOSED_BRACKETS
    (3) expr -> . expr OPEN_BRACKETS expr CLOSED_BRACKETS
    (4) expr -> . IDENTIFIER PLUS_ASSIGN expr
    (5) expr -> . IDENTIFIER MINUS_ASSIGN expr
    (6) expr -> . IDENTIFIER SMALLER_EQUALS_ASSIGN expr
    (7) expr -> . IDENTIFIER GREATER_THAN_ASSIGN expr
    (8) expr -> . IDENTIFIER SMALLER_THAN_ASSIGN expr
    (9) expr -> . IDENTIFIER AND_ASSIGN expr
    (10) expr -> . IDENTIFIER OR_ASSIGN expr
    (11) expr -> . IDENTIFIER XOR_ASSIGN expr
    (12) expr -> . IDENTIFIER MOD_ASSIGN expr
    (13) expr -> . IDENTIFIER EXP_ASSIGN expr
    (14) expr -> . IDENTIFIER POWER_ASSIGN expr
    (15) expr -> . IDENTIFIER TIMES_ASSIGN expr
    (16) expr -> . IDENTIFIER DIVIDE_CEIL_ASSIGN expr
    (17) expr -> . IDENTIFIER DIVIDE_FLOOR_ASSIGN expr
    (18) expr -> . IDENTIFIER DIVIDE_ASSIGN expr
    (19) expr -> . IDENTIFIER EQUALS_ASSIGN expr
    (20) expr -> . IDENTIFIER UNEQUALS_ASSIGN expr
    (21) expr -> . IDENTIFIER GREATER_EQUALS_ASSIGN expr
    (26) expr -> . expr LPAREN para_expr RPAREN
    (41) expr -> . expr CONS expr
    (46) expr -> . expr PLUS expr
    (47) expr -> . expr MINUS expr
    (48) expr -> . expr EXP expr
    (49) expr -> . expr MOD expr
    (50) expr -> . NOT expr
    (51) expr -> . PLUS expr
    (52) expr -> . MINUS expr
    (53) expr -> . expr IMAG
    (54) expr -> . comp
    (55) expr -> . assign_expr
    (56) expr -> . BEGIN sequence END
    (57) expr -> . BEGIN END
    (58) expr -> . expr POWER expr
    (59) expr -> . LET letrec_assign IN expr DOT
    (60) expr -> . OPEN_BRACKETS param_list CLOSED_BRACKETS
    (61) expr -> . OPEN_BRACKETS expr CLOSED_BRACKETS
    (62) expr -> . OPEN_BRACKETS CLOSED_BRACKETS
    (63) expr -> . STRUCT BEGIN assign_list END
    (64) expr -> . STRUCT BEGIN END
    (65) expr -> . expr TIMES expr
    (66) expr -> . expr DIVIDE_CEIL expr
    (67) expr -> . expr DIVIDE_FLOOR expr
    (68) expr -> . expr DIVIDE expr
    (69) expr -> . expr AND expr
    (70) expr -> . expr XOR expr
    (71) expr -> . expr OR expr
    (73) expr -> . FLOAT
    (74) expr -> . IF expr THEN COMMA expr DOT
    (75) expr -> . IF expr THEN COMMA expr else_elif_body DOT
    (76) expr -> . IMPORT file
    (77) expr -> . OPEN_BRACKETS expr DOT DOT expr CLOSED_BRACKETS
    (78) expr -> . CLOSED_BRACKETS expr DOT DOT expr CLOSED_BRACKETS
    (79) expr -> . OPEN_BRACKETS expr DOT DOT expr OPEN_BRACKETS
    (80) expr -> . CLOSED_BRACKETS expr DOT DOT expr OPEN_BRACKETS
    (81) expr -> . LAMBDA para ARROW type COLON expr
    (82) expr -> . NULL
    (85) expr -> . LPAREN param_list RPAREN
    (86) expr -> . LOOP IDENTIFIER IN expr LOOPTHEN expr DOT
    (87) expr -> . MATCH expr WITH cases DOT
    (88) expr -> . NUMBER
    (115) expr -> . LPAREN expr RPAREN
    (120) expr -> . STRING
    (130) expr -> . T_UNDEF expr
    (131) expr -> . IDENTIFIER
    (132) expr -> . WHILE expr THEN COMMA expr DOT
    (29) comp -> . expr EQUALS expr
    (30) comp -> . comp EQUALS expr
    (31) comp -> . expr GREATER_EQUALS expr
    (32) comp -> . comp GREATER_EQUALS expr
    (33) comp -> . expr UNEQUALS expr
    (34) comp -> . comp UNEQUALS expr
    (35) comp -> . expr GREATER_THAN expr
    (36) comp -> . comp GREATER_THAN expr
    (37) comp -> . expr SMALLER_THAN expr
    (38) comp -> . comp SMALLER_THAN expr
    (39) comp -> . expr SMALLER_EQUALS expr
    (40) comp -> . comp SMALLER_EQUALS expr
    (22) assign_expr -> . type IDENTIFIER ASSIGN expr
    (23) assign_expr -> . IDENTIFIER ASSIGN expr
    (121) type -> . T_INT
    (122) type -> . T_FLOAT
    (123) type -> . T_STRING
    (124) type -> . T_COMPLEX
    (125) type -> . LPAREN type_arg RPAREN ARROW type
    (126) type -> . type ARROW type
    (127) type -> . OPEN_BRACKETS CLOSED_BRACKETS type

    IDENTIFIER      shift and go to state 6
    NOT             shift and go to state 9
    PLUS            shift and go to state 4
    MINUS           shift and go to state 8
    BEGIN           shift and go to state 12
    LET             shift and go to state 13
    OPEN_BRACKETS   shift and go to state 3
    STRUCT          shift and go to state 14
    FLOAT           shift and go to state 15
    IF              shift and go to state 16
    IMPORT          shift and go to state 17
    CLOSED_BRACKETS shift and go to state 5
    LAMBDA          shift and go to state 18
    NULL            shift and go to state 20
    LPAREN          shift and go to state 7
    LOOP            shift and go to state 21
    MATCH           shift and go to state 22
    NUMBER          shift and go to state 23
    STRING          shift and go to state 24
    T_UNDEF         shift and go to state 25
    WHILE           shift and go to state 26
    T_INT           shift and go to state 27
    T_FLOAT         shift and go to state 28
    T_STRING        shift and go to state 29
    T_COMPLEX       shift and go to state 30

    expr                           shift and go to state 150
    comp                           shift and go to state 10
    assign_expr                    shift and go to state 11
    type                           shift and go to state 19

state 61

    (6) expr -> IDENTIFIER SMALLER_EQUALS_ASSIGN . expr
    (1) expr -> . expr ARROW expr
    (2) expr -> . expr OPEN_BRACKETS PLUS CLOSED_BRACKETS
    (3) expr -> . expr OPEN_BRACKETS expr CLOSED_BRACKETS
    (4) expr -> . IDENTIFIER PLUS_ASSIGN expr
    (5) expr -> . IDENTIFIER MINUS_ASSIGN expr
    (6) expr -> . IDENTIFIER SMALLER_EQUALS_ASSIGN expr
    (7) expr -> . IDENTIFIER GREATER_THAN_ASSIGN expr
    (8) expr -> . IDENTIFIER SMALLER_THAN_ASSIGN expr
    (9) expr -> . IDENTIFIER AND_ASSIGN expr
    (10) expr -> . IDENTIFIER OR_ASSIGN expr
    (11) expr -> . IDENTIFIER XOR_ASSIGN expr
    (12) expr -> . IDENTIFIER MOD_ASSIGN expr
    (13) expr -> . IDENTIFIER EXP_ASSIGN expr
    (14) expr -> . IDENTIFIER POWER_ASSIGN expr
    (15) expr -> . IDENTIFIER TIMES_ASSIGN expr
    (16) expr -> . IDENTIFIER DIVIDE_CEIL_ASSIGN expr
    (17) expr -> . IDENTIFIER DIVIDE_FLOOR_ASSIGN expr
    (18) expr -> . IDENTIFIER DIVIDE_ASSIGN expr
    (19) expr -> . IDENTIFIER EQUALS_ASSIGN expr
    (20) expr -> . IDENTIFIER UNEQUALS_ASSIGN expr
    (21) expr -> . IDENTIFIER GREATER_EQUALS_ASSIGN expr
    (26) expr -> . expr LPAREN para_expr RPAREN
    (41) expr -> . expr CONS expr
    (46) expr -> . expr PLUS expr
    (47) expr -> . expr MINUS expr
    (48) expr -> . expr EXP expr
    (49) expr -> . expr MOD expr
    (50) expr -> . NOT expr
    (51) expr -> . PLUS expr
    (52) expr -> . MINUS expr
    (53) expr -> . expr IMAG
    (54) expr -> . comp
    (55) expr -> . assign_expr
    (56) expr -> . BEGIN sequence END
    (57) expr -> . BEGIN END
    (58) expr -> . expr POWER expr
    (59) expr -> . LET letrec_assign IN expr DOT
    (60) expr -> . OPEN_BRACKETS param_list CLOSED_BRACKETS
    (61) expr -> . OPEN_BRACKETS expr CLOSED_BRACKETS
    (62) expr -> . OPEN_BRACKETS CLOSED_BRACKETS
    (63) expr -> . STRUCT BEGIN assign_list END
    (64) expr -> . STRUCT BEGIN END
    (65) expr -> . expr TIMES expr
    (66) expr -> . expr DIVIDE_CEIL expr
    (67) expr -> . expr DIVIDE_FLOOR expr
    (68) expr -> . expr DIVIDE expr
    (69) expr -> . expr AND expr
    (70) expr -> . expr XOR expr
    (71) expr -> . expr OR expr
    (73) expr -> . FLOAT
    (74) expr -> . IF expr THEN COMMA expr DOT
    (75) expr -> . IF expr THEN COMMA expr else_elif_body DOT
    (76) expr -> . IMPORT file
    (77) expr -> . OPEN_BRACKETS expr DOT DOT expr CLOSED_BRACKETS
    (78) expr -> . CLOSED_BRACKETS expr DOT DOT expr CLOSED_BRACKETS
    (79) expr -> . OPEN_BRACKETS expr DOT DOT expr OPEN_BRACKETS
    (80) expr -> . CLOSED_BRACKETS expr DOT DOT expr OPEN_BRACKETS
    (81) expr -> . LAMBDA para ARROW type COLON expr
    (82) expr -> . NULL
    (85) expr -> . LPAREN param_list RPAREN
    (86) expr -> . LOOP IDENTIFIER IN expr LOOPTHEN expr DOT
    (87) expr -> . MATCH expr WITH cases DOT
    (88) expr -> . NUMBER
    (115) expr -> . LPAREN expr RPAREN
    (120) expr -> . STRING
    (130) expr -> . T_UNDEF expr
    (131) expr -> . IDENTIFIER
    (132) expr -> . WHILE expr THEN COMMA expr DOT
    (29) comp -> . expr EQUALS expr
    (30) comp -> . comp EQUALS expr
    (31) comp -> . expr GREATER_EQUALS expr
    (32) comp -> . comp GREATER_EQUALS expr
    (33) comp -> . expr UNEQUALS expr
    (34) comp -> . comp UNEQUALS expr
    (35) comp -> . expr GREATER_THAN expr
    (36) comp -> . comp GREATER_THAN expr
    (37) comp -> . expr SMALLER_THAN expr
    (38) comp -> . comp SMALLER_THAN expr
    (39) comp -> . expr SMALLER_EQUALS expr
    (40) comp -> . comp SMALLER_EQUALS expr
    (22) assign_expr -> . type IDENTIFIER ASSIGN expr
    (23) assign_expr -> . IDENTIFIER ASSIGN expr
    (121) type -> . T_INT
    (122) type -> . T_FLOAT
    (123) type -> . T_STRING
    (124) type -> . T_COMPLEX
    (125) type -> . LPAREN type_arg RPAREN ARROW type
    (126) type -> . type ARROW type
    (127) type -> . OPEN_BRACKETS CLOSED_BRACKETS type

    IDENTIFIER      shift and go to state 6
    NOT             shift and go to state 9
    PLUS            shift and go to state 4
    MINUS           shift and go to state 8
    BEGIN           shift and go to state 12
    LET             shift and go to state 13
    OPEN_BRACKETS   shift and go to state 3
    STRUCT          shift and go to state 14
    FLOAT           shift and go to state 15
    IF              shift and go to state 16
    IMPORT          shift and go to state 17
    CLOSED_BRACKETS shift and go to state 5
    LAMBDA          shift and go to state 18
    NULL            shift and go to state 20
    LPAREN          shift and go to state 7
    LOOP            shift and go to state 21
    MATCH           shift and go to state 22
    NUMBER          shift and go to state 23
    STRING          shift and go to state 24
    T_UNDEF         shift and go to state 25
    WHILE           shift and go to state 26
    T_INT           shift and go to state 27
    T_FLOAT         shift and go to state 28
    T_STRING        shift and go to state 29
    T_COMPLEX       shift and go to state 30

    expr                           shift and go to state 151
    comp                           shift and go to state 10
    assign_expr                    shift and go to state 11
    type                           shift and go to state 19

state 62

    (7) expr -> IDENTIFIER GREATER_THAN_ASSIGN . expr
    (1) expr -> . expr ARROW expr
    (2) expr -> . expr OPEN_BRACKETS PLUS CLOSED_BRACKETS
    (3) expr -> . expr OPEN_BRACKETS expr CLOSED_BRACKETS
    (4) expr -> . IDENTIFIER PLUS_ASSIGN expr
    (5) expr -> . IDENTIFIER MINUS_ASSIGN expr
    (6) expr -> . IDENTIFIER SMALLER_EQUALS_ASSIGN expr
    (7) expr -> . IDENTIFIER GREATER_THAN_ASSIGN expr
    (8) expr -> . IDENTIFIER SMALLER_THAN_ASSIGN expr
    (9) expr -> . IDENTIFIER AND_ASSIGN expr
    (10) expr -> . IDENTIFIER OR_ASSIGN expr
    (11) expr -> . IDENTIFIER XOR_ASSIGN expr
    (12) expr -> . IDENTIFIER MOD_ASSIGN expr
    (13) expr -> . IDENTIFIER EXP_ASSIGN expr
    (14) expr -> . IDENTIFIER POWER_ASSIGN expr
    (15) expr -> . IDENTIFIER TIMES_ASSIGN expr
    (16) expr -> . IDENTIFIER DIVIDE_CEIL_ASSIGN expr
    (17) expr -> . IDENTIFIER DIVIDE_FLOOR_ASSIGN expr
    (18) expr -> . IDENTIFIER DIVIDE_ASSIGN expr
    (19) expr -> . IDENTIFIER EQUALS_ASSIGN expr
    (20) expr -> . IDENTIFIER UNEQUALS_ASSIGN expr
    (21) expr -> . IDENTIFIER GREATER_EQUALS_ASSIGN expr
    (26) expr -> . expr LPAREN para_expr RPAREN
    (41) expr -> . expr CONS expr
    (46) expr -> . expr PLUS expr
    (47) expr -> . expr MINUS expr
    (48) expr -> . expr EXP expr
    (49) expr -> . expr MOD expr
    (50) expr -> . NOT expr
    (51) expr -> . PLUS expr
    (52) expr -> . MINUS expr
    (53) expr -> . expr IMAG
    (54) expr -> . comp
    (55) expr -> . assign_expr
    (56) expr -> . BEGIN sequence END
    (57) expr -> . BEGIN END
    (58) expr -> . expr POWER expr
    (59) expr -> . LET letrec_assign IN expr DOT
    (60) expr -> . OPEN_BRACKETS param_list CLOSED_BRACKETS
    (61) expr -> . OPEN_BRACKETS expr CLOSED_BRACKETS
    (62) expr -> . OPEN_BRACKETS CLOSED_BRACKETS
    (63) expr -> . STRUCT BEGIN assign_list END
    (64) expr -> . STRUCT BEGIN END
    (65) expr -> . expr TIMES expr
    (66) expr -> . expr DIVIDE_CEIL expr
    (67) expr -> . expr DIVIDE_FLOOR expr
    (68) expr -> . expr DIVIDE expr
    (69) expr -> . expr AND expr
    (70) expr -> . expr XOR expr
    (71) expr -> . expr OR expr
    (73) expr -> . FLOAT
    (74) expr -> . IF expr THEN COMMA expr DOT
    (75) expr -> . IF expr THEN COMMA expr else_elif_body DOT
    (76) expr -> . IMPORT file
    (77) expr -> . OPEN_BRACKETS expr DOT DOT expr CLOSED_BRACKETS
    (78) expr -> . CLOSED_BRACKETS expr DOT DOT expr CLOSED_BRACKETS
    (79) expr -> . OPEN_BRACKETS expr DOT DOT expr OPEN_BRACKETS
    (80) expr -> . CLOSED_BRACKETS expr DOT DOT expr OPEN_BRACKETS
    (81) expr -> . LAMBDA para ARROW type COLON expr
    (82) expr -> . NULL
    (85) expr -> . LPAREN param_list RPAREN
    (86) expr -> . LOOP IDENTIFIER IN expr LOOPTHEN expr DOT
    (87) expr -> . MATCH expr WITH cases DOT
    (88) expr -> . NUMBER
    (115) expr -> . LPAREN expr RPAREN
    (120) expr -> . STRING
    (130) expr -> . T_UNDEF expr
    (131) expr -> . IDENTIFIER
    (132) expr -> . WHILE expr THEN COMMA expr DOT
    (29) comp -> . expr EQUALS expr
    (30) comp -> . comp EQUALS expr
    (31) comp -> . expr GREATER_EQUALS expr
    (32) comp -> . comp GREATER_EQUALS expr
    (33) comp -> . expr UNEQUALS expr
    (34) comp -> . comp UNEQUALS expr
    (35) comp -> . expr GREATER_THAN expr
    (36) comp -> . comp GREATER_THAN expr
    (37) comp -> . expr SMALLER_THAN expr
    (38) comp -> . comp SMALLER_THAN expr
    (39) comp -> . expr SMALLER_EQUALS expr
    (40) comp -> . comp SMALLER_EQUALS expr
    (22) assign_expr -> . type IDENTIFIER ASSIGN expr
    (23) assign_expr -> . IDENTIFIER ASSIGN expr
    (121) type -> . T_INT
    (122) type -> . T_FLOAT
    (123) type -> . T_STRING
    (124) type -> . T_COMPLEX
    (125) type -> . LPAREN type_arg RPAREN ARROW type
    (126) type -> . type ARROW type
    (127) type -> . OPEN_BRACKETS CLOSED_BRACKETS type

    IDENTIFIER      shift and go to state 6
    NOT             shift and go to state 9
    PLUS            shift and go to state 4
    MINUS           shift and go to state 8
    BEGIN           shift and go to state 12
    LET             shift and go to state 13
    OPEN_BRACKETS   shift and go to state 3
    STRUCT          shift and go to state 14
    FLOAT           shift and go to state 15
    IF              shift and go to state 16
    IMPORT          shift and go to state 17
    CLOSED_BRACKETS shift and go to state 5
    LAMBDA          shift and go to state 18
    NULL            shift and go to state 20
    LPAREN          shift and go to state 7
    LOOP            shift and go to state 21
    MATCH           shift and go to state 22
    NUMBER          shift and go to state 23
    STRING          shift and go to state 24
    T_UNDEF         shift and go to state 25
    WHILE           shift and go to state 26
    T_INT           shift and go to state 27
    T_FLOAT         shift and go to state 28
    T_STRING        shift and go to state 29
    T_COMPLEX       shift and go to state 30

    expr                           shift and go to state 152
    comp                           shift and go to state 10
    assign_expr                    shift and go to state 11
    type                           shift and go to state 19

state 63

    (8) expr -> IDENTIFIER SMALLER_THAN_ASSIGN . expr
    (1) expr -> . expr ARROW expr
    (2) expr -> . expr OPEN_BRACKETS PLUS CLOSED_BRACKETS
    (3) expr -> . expr OPEN_BRACKETS expr CLOSED_BRACKETS
    (4) expr -> . IDENTIFIER PLUS_ASSIGN expr
    (5) expr -> . IDENTIFIER MINUS_ASSIGN expr
    (6) expr -> . IDENTIFIER SMALLER_EQUALS_ASSIGN expr
    (7) expr -> . IDENTIFIER GREATER_THAN_ASSIGN expr
    (8) expr -> . IDENTIFIER SMALLER_THAN_ASSIGN expr
    (9) expr -> . IDENTIFIER AND_ASSIGN expr
    (10) expr -> . IDENTIFIER OR_ASSIGN expr
    (11) expr -> . IDENTIFIER XOR_ASSIGN expr
    (12) expr -> . IDENTIFIER MOD_ASSIGN expr
    (13) expr -> . IDENTIFIER EXP_ASSIGN expr
    (14) expr -> . IDENTIFIER POWER_ASSIGN expr
    (15) expr -> . IDENTIFIER TIMES_ASSIGN expr
    (16) expr -> . IDENTIFIER DIVIDE_CEIL_ASSIGN expr
    (17) expr -> . IDENTIFIER DIVIDE_FLOOR_ASSIGN expr
    (18) expr -> . IDENTIFIER DIVIDE_ASSIGN expr
    (19) expr -> . IDENTIFIER EQUALS_ASSIGN expr
    (20) expr -> . IDENTIFIER UNEQUALS_ASSIGN expr
    (21) expr -> . IDENTIFIER GREATER_EQUALS_ASSIGN expr
    (26) expr -> . expr LPAREN para_expr RPAREN
    (41) expr -> . expr CONS expr
    (46) expr -> . expr PLUS expr
    (47) expr -> . expr MINUS expr
    (48) expr -> . expr EXP expr
    (49) expr -> . expr MOD expr
    (50) expr -> . NOT expr
    (51) expr -> . PLUS expr
    (52) expr -> . MINUS expr
    (53) expr -> . expr IMAG
    (54) expr -> . comp
    (55) expr -> . assign_expr
    (56) expr -> . BEGIN sequence END
    (57) expr -> . BEGIN END
    (58) expr -> . expr POWER expr
    (59) expr -> . LET letrec_assign IN expr DOT
    (60) expr -> . OPEN_BRACKETS param_list CLOSED_BRACKETS
    (61) expr -> . OPEN_BRACKETS expr CLOSED_BRACKETS
    (62) expr -> . OPEN_BRACKETS CLOSED_BRACKETS
    (63) expr -> . STRUCT BEGIN assign_list END
    (64) expr -> . STRUCT BEGIN END
    (65) expr -> . expr TIMES expr
    (66) expr -> . expr DIVIDE_CEIL expr
    (67) expr -> . expr DIVIDE_FLOOR expr
    (68) expr -> . expr DIVIDE expr
    (69) expr -> . expr AND expr
    (70) expr -> . expr XOR expr
    (71) expr -> . expr OR expr
    (73) expr -> . FLOAT
    (74) expr -> . IF expr THEN COMMA expr DOT
    (75) expr -> . IF expr THEN COMMA expr else_elif_body DOT
    (76) expr -> . IMPORT file
    (77) expr -> . OPEN_BRACKETS expr DOT DOT expr CLOSED_BRACKETS
    (78) expr -> . CLOSED_BRACKETS expr DOT DOT expr CLOSED_BRACKETS
    (79) expr -> . OPEN_BRACKETS expr DOT DOT expr OPEN_BRACKETS
    (80) expr -> . CLOSED_BRACKETS expr DOT DOT expr OPEN_BRACKETS
    (81) expr -> . LAMBDA para ARROW type COLON expr
    (82) expr -> . NULL
    (85) expr -> . LPAREN param_list RPAREN
    (86) expr -> . LOOP IDENTIFIER IN expr LOOPTHEN expr DOT
    (87) expr -> . MATCH expr WITH cases DOT
    (88) expr -> . NUMBER
    (115) expr -> . LPAREN expr RPAREN
    (120) expr -> . STRING
    (130) expr -> . T_UNDEF expr
    (131) expr -> . IDENTIFIER
    (132) expr -> . WHILE expr THEN COMMA expr DOT
    (29) comp -> . expr EQUALS expr
    (30) comp -> . comp EQUALS expr
    (31) comp -> . expr GREATER_EQUALS expr
    (32) comp -> . comp GREATER_EQUALS expr
    (33) comp -> . expr UNEQUALS expr
    (34) comp -> . comp UNEQUALS expr
    (35) comp -> . expr GREATER_THAN expr
    (36) comp -> . comp GREATER_THAN expr
    (37) comp -> . expr SMALLER_THAN expr
    (38) comp -> . comp SMALLER_THAN expr
    (39) comp -> . expr SMALLER_EQUALS expr
    (40) comp -> . comp SMALLER_EQUALS expr
    (22) assign_expr -> . type IDENTIFIER ASSIGN expr
    (23) assign_expr -> . IDENTIFIER ASSIGN expr
    (121) type -> . T_INT
    (122) type -> . T_FLOAT
    (123) type -> . T_STRING
    (124) type -> . T_COMPLEX
    (125) type -> . LPAREN type_arg RPAREN ARROW type
    (126) type -> . type ARROW type
    (127) type -> . OPEN_BRACKETS CLOSED_BRACKETS type

    IDENTIFIER      shift and go to state 6
    NOT             shift and go to state 9
    PLUS            shift and go to state 4
    MINUS           shift and go to state 8
    BEGIN           shift and go to state 12
    LET             shift and go to state 13
    OPEN_BRACKETS   shift and go to state 3
    STRUCT          shift and go to state 14
    FLOAT           shift and go to state 15
    IF              shift and go to state 16
    IMPORT          shift and go to state 17
    CLOSED_BRACKETS shift and go to state 5
    LAMBDA          shift and go to state 18
    NULL            shift and go to state 20
    LPAREN          shift and go to state 7
    LOOP            shift and go to state 21
    MATCH           shift and go to state 22
    NUMBER          shift and go to state 23
    STRING          shift and go to state 24
    T_UNDEF         shift and go to state 25
    WHILE           shift and go to state 26
    T_INT           shift and go to state 27
    T_FLOAT         shift and go to state 28
    T_STRING        shift and go to state 29
    T_COMPLEX       shift and go to state 30

    expr                           shift and go to state 153
    comp                           shift and go to state 10
    assign_expr                    shift and go to state 11
    type                           shift and go to state 19

state 64

    (9) expr -> IDENTIFIER AND_ASSIGN . expr
    (1) expr -> . expr ARROW expr
    (2) expr -> . expr OPEN_BRACKETS PLUS CLOSED_BRACKETS
    (3) expr -> . expr OPEN_BRACKETS expr CLOSED_BRACKETS
    (4) expr -> . IDENTIFIER PLUS_ASSIGN expr
    (5) expr -> . IDENTIFIER MINUS_ASSIGN expr
    (6) expr -> . IDENTIFIER SMALLER_EQUALS_ASSIGN expr
    (7) expr -> . IDENTIFIER GREATER_THAN_ASSIGN expr
    (8) expr -> . IDENTIFIER SMALLER_THAN_ASSIGN expr
    (9) expr -> . IDENTIFIER AND_ASSIGN expr
    (10) expr -> . IDENTIFIER OR_ASSIGN expr
    (11) expr -> . IDENTIFIER XOR_ASSIGN expr
    (12) expr -> . IDENTIFIER MOD_ASSIGN expr
    (13) expr -> . IDENTIFIER EXP_ASSIGN expr
    (14) expr -> . IDENTIFIER POWER_ASSIGN expr
    (15) expr -> . IDENTIFIER TIMES_ASSIGN expr
    (16) expr -> . IDENTIFIER DIVIDE_CEIL_ASSIGN expr
    (17) expr -> . IDENTIFIER DIVIDE_FLOOR_ASSIGN expr
    (18) expr -> . IDENTIFIER DIVIDE_ASSIGN expr
    (19) expr -> . IDENTIFIER EQUALS_ASSIGN expr
    (20) expr -> . IDENTIFIER UNEQUALS_ASSIGN expr
    (21) expr -> . IDENTIFIER GREATER_EQUALS_ASSIGN expr
    (26) expr -> . expr LPAREN para_expr RPAREN
    (41) expr -> . expr CONS expr
    (46) expr -> . expr PLUS expr
    (47) expr -> . expr MINUS expr
    (48) expr -> . expr EXP expr
    (49) expr -> . expr MOD expr
    (50) expr -> . NOT expr
    (51) expr -> . PLUS expr
    (52) expr -> . MINUS expr
    (53) expr -> . expr IMAG
    (54) expr -> . comp
    (55) expr -> . assign_expr
    (56) expr -> . BEGIN sequence END
    (57) expr -> . BEGIN END
    (58) expr -> . expr POWER expr
    (59) expr -> . LET letrec_assign IN expr DOT
    (60) expr -> . OPEN_BRACKETS param_list CLOSED_BRACKETS
    (61) expr -> . OPEN_BRACKETS expr CLOSED_BRACKETS
    (62) expr -> . OPEN_BRACKETS CLOSED_BRACKETS
    (63) expr -> . STRUCT BEGIN assign_list END
    (64) expr -> . STRUCT BEGIN END
    (65) expr -> . expr TIMES expr
    (66) expr -> . expr DIVIDE_CEIL expr
    (67) expr -> . expr DIVIDE_FLOOR expr
    (68) expr -> . expr DIVIDE expr
    (69) expr -> . expr AND expr
    (70) expr -> . expr XOR expr
    (71) expr -> . expr OR expr
    (73) expr -> . FLOAT
    (74) expr -> . IF expr THEN COMMA expr DOT
    (75) expr -> . IF expr THEN COMMA expr else_elif_body DOT
    (76) expr -> . IMPORT file
    (77) expr -> . OPEN_BRACKETS expr DOT DOT expr CLOSED_BRACKETS
    (78) expr -> . CLOSED_BRACKETS expr DOT DOT expr CLOSED_BRACKETS
    (79) expr -> . OPEN_BRACKETS expr DOT DOT expr OPEN_BRACKETS
    (80) expr -> . CLOSED_BRACKETS expr DOT DOT expr OPEN_BRACKETS
    (81) expr -> . LAMBDA para ARROW type COLON expr
    (82) expr -> . NULL
    (85) expr -> . LPAREN param_list RPAREN
    (86) expr -> . LOOP IDENTIFIER IN expr LOOPTHEN expr DOT
    (87) expr -> . MATCH expr WITH cases DOT
    (88) expr -> . NUMBER
    (115) expr -> . LPAREN expr RPAREN
    (120) expr -> . STRING
    (130) expr -> . T_UNDEF expr
    (131) expr -> . IDENTIFIER
    (132) expr -> . WHILE expr THEN COMMA expr DOT
    (29) comp -> . expr EQUALS expr
    (30) comp -> . comp EQUALS expr
    (31) comp -> . expr GREATER_EQUALS expr
    (32) comp -> . comp GREATER_EQUALS expr
    (33) comp -> . expr UNEQUALS expr
    (34) comp -> . comp UNEQUALS expr
    (35) comp -> . expr GREATER_THAN expr
    (36) comp -> . comp GREATER_THAN expr
    (37) comp -> . expr SMALLER_THAN expr
    (38) comp -> . comp SMALLER_THAN expr
    (39) comp -> . expr SMALLER_EQUALS expr
    (40) comp -> . comp SMALLER_EQUALS expr
    (22) assign_expr -> . type IDENTIFIER ASSIGN expr
    (23) assign_expr -> . IDENTIFIER ASSIGN expr
    (121) type -> . T_INT
    (122) type -> . T_FLOAT
    (123) type -> . T_STRING
    (124) type -> . T_COMPLEX
    (125) type -> . LPAREN type_arg RPAREN ARROW type
    (126) type -> . type ARROW type
    (127) type -> . OPEN_BRACKETS CLOSED_BRACKETS type

    IDENTIFIER      shift and go to state 6
    NOT             shift and go to state 9
    PLUS            shift and go to state 4
    MINUS           shift and go to state 8
    BEGIN           shift and go to state 12
    LET             shift and go to state 13
    OPEN_BRACKETS   shift and go to state 3
    STRUCT          shift and go to state 14
    FLOAT           shift and go to state 15
    IF              shift and go to state 16
    IMPORT          shift and go to state 17
    CLOSED_BRACKETS shift and go to state 5
    LAMBDA          shift and go to state 18
    NULL            shift and go to state 20
    LPAREN          shift and go to state 7
    LOOP            shift and go to state 21
    MATCH           shift and go to state 22
    NUMBER          shift and go to state 23
    STRING          shift and go to state 24
    T_UNDEF         shift and go to state 25
    WHILE           shift and go to state 26
    T_INT           shift and go to state 27
    T_FLOAT         shift and go to state 28
    T_STRING        shift and go to state 29
    T_COMPLEX       shift and go to state 30

    expr                           shift and go to state 154
    comp                           shift and go to state 10
    assign_expr                    shift and go to state 11
    type                           shift and go to state 19

state 65

    (10) expr -> IDENTIFIER OR_ASSIGN . expr
    (1) expr -> . expr ARROW expr
    (2) expr -> . expr OPEN_BRACKETS PLUS CLOSED_BRACKETS
    (3) expr -> . expr OPEN_BRACKETS expr CLOSED_BRACKETS
    (4) expr -> . IDENTIFIER PLUS_ASSIGN expr
    (5) expr -> . IDENTIFIER MINUS_ASSIGN expr
    (6) expr -> . IDENTIFIER SMALLER_EQUALS_ASSIGN expr
    (7) expr -> . IDENTIFIER GREATER_THAN_ASSIGN expr
    (8) expr -> . IDENTIFIER SMALLER_THAN_ASSIGN expr
    (9) expr -> . IDENTIFIER AND_ASSIGN expr
    (10) expr -> . IDENTIFIER OR_ASSIGN expr
    (11) expr -> . IDENTIFIER XOR_ASSIGN expr
    (12) expr -> . IDENTIFIER MOD_ASSIGN expr
    (13) expr -> . IDENTIFIER EXP_ASSIGN expr
    (14) expr -> . IDENTIFIER POWER_ASSIGN expr
    (15) expr -> . IDENTIFIER TIMES_ASSIGN expr
    (16) expr -> . IDENTIFIER DIVIDE_CEIL_ASSIGN expr
    (17) expr -> . IDENTIFIER DIVIDE_FLOOR_ASSIGN expr
    (18) expr -> . IDENTIFIER DIVIDE_ASSIGN expr
    (19) expr -> . IDENTIFIER EQUALS_ASSIGN expr
    (20) expr -> . IDENTIFIER UNEQUALS_ASSIGN expr
    (21) expr -> . IDENTIFIER GREATER_EQUALS_ASSIGN expr
    (26) expr -> . expr LPAREN para_expr RPAREN
    (41) expr -> . expr CONS expr
    (46) expr -> . expr PLUS expr
    (47) expr -> . expr MINUS expr
    (48) expr -> . expr EXP expr
    (49) expr -> . expr MOD expr
    (50) expr -> . NOT expr
    (51) expr -> . PLUS expr
    (52) expr -> . MINUS expr
    (53) expr -> . expr IMAG
    (54) expr -> . comp
    (55) expr -> . assign_expr
    (56) expr -> . BEGIN sequence END
    (57) expr -> . BEGIN END
    (58) expr -> . expr POWER expr
    (59) expr -> . LET letrec_assign IN expr DOT
    (60) expr -> . OPEN_BRACKETS param_list CLOSED_BRACKETS
    (61) expr -> . OPEN_BRACKETS expr CLOSED_BRACKETS
    (62) expr -> . OPEN_BRACKETS CLOSED_BRACKETS
    (63) expr -> . STRUCT BEGIN assign_list END
    (64) expr -> . STRUCT BEGIN END
    (65) expr -> . expr TIMES expr
    (66) expr -> . expr DIVIDE_CEIL expr
    (67) expr -> . expr DIVIDE_FLOOR expr
    (68) expr -> . expr DIVIDE expr
    (69) expr -> . expr AND expr
    (70) expr -> . expr XOR expr
    (71) expr -> . expr OR expr
    (73) expr -> . FLOAT
    (74) expr -> . IF expr THEN COMMA expr DOT
    (75) expr -> . IF expr THEN COMMA expr else_elif_body DOT
    (76) expr -> . IMPORT file
    (77) expr -> . OPEN_BRACKETS expr DOT DOT expr CLOSED_BRACKETS
    (78) expr -> . CLOSED_BRACKETS expr DOT DOT expr CLOSED_BRACKETS
    (79) expr -> . OPEN_BRACKETS expr DOT DOT expr OPEN_BRACKETS
    (80) expr -> . CLOSED_BRACKETS expr DOT DOT expr OPEN_BRACKETS
    (81) expr -> . LAMBDA para ARROW type COLON expr
    (82) expr -> . NULL
    (85) expr -> . LPAREN param_list RPAREN
    (86) expr -> . LOOP IDENTIFIER IN expr LOOPTHEN expr DOT
    (87) expr -> . MATCH expr WITH cases DOT
    (88) expr -> . NUMBER
    (115) expr -> . LPAREN expr RPAREN
    (120) expr -> . STRING
    (130) expr -> . T_UNDEF expr
    (131) expr -> . IDENTIFIER
    (132) expr -> . WHILE expr THEN COMMA expr DOT
    (29) comp -> . expr EQUALS expr
    (30) comp -> . comp EQUALS expr
    (31) comp -> . expr GREATER_EQUALS expr
    (32) comp -> . comp GREATER_EQUALS expr
    (33) comp -> . expr UNEQUALS expr
    (34) comp -> . comp UNEQUALS expr
    (35) comp -> . expr GREATER_THAN expr
    (36) comp -> . comp GREATER_THAN expr
    (37) comp -> . expr SMALLER_THAN expr
    (38) comp -> . comp SMALLER_THAN expr
    (39) comp -> . expr SMALLER_EQUALS expr
    (40) comp -> . comp SMALLER_EQUALS expr
    (22) assign_expr -> . type IDENTIFIER ASSIGN expr
    (23) assign_expr -> . IDENTIFIER ASSIGN expr
    (121) type -> . T_INT
    (122) type -> . T_FLOAT
    (123) type -> . T_STRING
    (124) type -> . T_COMPLEX
    (125) type -> . LPAREN type_arg RPAREN ARROW type
    (126) type -> . type ARROW type
    (127) type -> . OPEN_BRACKETS CLOSED_BRACKETS type

    IDENTIFIER      shift and go to state 6
    NOT             shift and go to state 9
    PLUS            shift and go to state 4
    MINUS           shift and go to state 8
    BEGIN           shift and go to state 12
    LET             shift and go to state 13
    OPEN_BRACKETS   shift and go to state 3
    STRUCT          shift and go to state 14
    FLOAT           shift and go to state 15
    IF              shift and go to state 16
    IMPORT          shift and go to state 17
    CLOSED_BRACKETS shift and go to state 5
    LAMBDA          shift and go to state 18
    NULL            shift and go to state 20
    LPAREN          shift and go to state 7
    LOOP            shift and go to state 21
    MATCH           shift and go to state 22
    NUMBER          shift and go to state 23
    STRING          shift and go to state 24
    T_UNDEF         shift and go to state 25
    WHILE           shift and go to state 26
    T_INT           shift and go to state 27
    T_FLOAT         shift and go to state 28
    T_STRING        shift and go to state 29
    T_COMPLEX       shift and go to state 30

    expr                           shift and go to state 155
    comp                           shift and go to state 10
    assign_expr                    shift and go to state 11
    type                           shift and go to state 19

state 66

    (11) expr -> IDENTIFIER XOR_ASSIGN . expr
    (1) expr -> . expr ARROW expr
    (2) expr -> . expr OPEN_BRACKETS PLUS CLOSED_BRACKETS
    (3) expr -> . expr OPEN_BRACKETS expr CLOSED_BRACKETS
    (4) expr -> . IDENTIFIER PLUS_ASSIGN expr
    (5) expr -> . IDENTIFIER MINUS_ASSIGN expr
    (6) expr -> . IDENTIFIER SMALLER_EQUALS_ASSIGN expr
    (7) expr -> . IDENTIFIER GREATER_THAN_ASSIGN expr
    (8) expr -> . IDENTIFIER SMALLER_THAN_ASSIGN expr
    (9) expr -> . IDENTIFIER AND_ASSIGN expr
    (10) expr -> . IDENTIFIER OR_ASSIGN expr
    (11) expr -> . IDENTIFIER XOR_ASSIGN expr
    (12) expr -> . IDENTIFIER MOD_ASSIGN expr
    (13) expr -> . IDENTIFIER EXP_ASSIGN expr
    (14) expr -> . IDENTIFIER POWER_ASSIGN expr
    (15) expr -> . IDENTIFIER TIMES_ASSIGN expr
    (16) expr -> . IDENTIFIER DIVIDE_CEIL_ASSIGN expr
    (17) expr -> . IDENTIFIER DIVIDE_FLOOR_ASSIGN expr
    (18) expr -> . IDENTIFIER DIVIDE_ASSIGN expr
    (19) expr -> . IDENTIFIER EQUALS_ASSIGN expr
    (20) expr -> . IDENTIFIER UNEQUALS_ASSIGN expr
    (21) expr -> . IDENTIFIER GREATER_EQUALS_ASSIGN expr
    (26) expr -> . expr LPAREN para_expr RPAREN
    (41) expr -> . expr CONS expr
    (46) expr -> . expr PLUS expr
    (47) expr -> . expr MINUS expr
    (48) expr -> . expr EXP expr
    (49) expr -> . expr MOD expr
    (50) expr -> . NOT expr
    (51) expr -> . PLUS expr
    (52) expr -> . MINUS expr
    (53) expr -> . expr IMAG
    (54) expr -> . comp
    (55) expr -> . assign_expr
    (56) expr -> . BEGIN sequence END
    (57) expr -> . BEGIN END
    (58) expr -> . expr POWER expr
    (59) expr -> . LET letrec_assign IN expr DOT
    (60) expr -> . OPEN_BRACKETS param_list CLOSED_BRACKETS
    (61) expr -> . OPEN_BRACKETS expr CLOSED_BRACKETS
    (62) expr -> . OPEN_BRACKETS CLOSED_BRACKETS
    (63) expr -> . STRUCT BEGIN assign_list END
    (64) expr -> . STRUCT BEGIN END
    (65) expr -> . expr TIMES expr
    (66) expr -> . expr DIVIDE_CEIL expr
    (67) expr -> . expr DIVIDE_FLOOR expr
    (68) expr -> . expr DIVIDE expr
    (69) expr -> . expr AND expr
    (70) expr -> . expr XOR expr
    (71) expr -> . expr OR expr
    (73) expr -> . FLOAT
    (74) expr -> . IF expr THEN COMMA expr DOT
    (75) expr -> . IF expr THEN COMMA expr else_elif_body DOT
    (76) expr -> . IMPORT file
    (77) expr -> . OPEN_BRACKETS expr DOT DOT expr CLOSED_BRACKETS
    (78) expr -> . CLOSED_BRACKETS expr DOT DOT expr CLOSED_BRACKETS
    (79) expr -> . OPEN_BRACKETS expr DOT DOT expr OPEN_BRACKETS
    (80) expr -> . CLOSED_BRACKETS expr DOT DOT expr OPEN_BRACKETS
    (81) expr -> . LAMBDA para ARROW type COLON expr
    (82) expr -> . NULL
    (85) expr -> . LPAREN param_list RPAREN
    (86) expr -> . LOOP IDENTIFIER IN expr LOOPTHEN expr DOT
    (87) expr -> . MATCH expr WITH cases DOT
    (88) expr -> . NUMBER
    (115) expr -> . LPAREN expr RPAREN
    (120) expr -> . STRING
    (130) expr -> . T_UNDEF expr
    (131) expr -> . IDENTIFIER
    (132) expr -> . WHILE expr THEN COMMA expr DOT
    (29) comp -> . expr EQUALS expr
    (30) comp -> . comp EQUALS expr
    (31) comp -> . expr GREATER_EQUALS expr
    (32) comp -> . comp GREATER_EQUALS expr
    (33) comp -> . expr UNEQUALS expr
    (34) comp -> . comp UNEQUALS expr
    (35) comp -> . expr GREATER_THAN expr
    (36) comp -> . comp GREATER_THAN expr
    (37) comp -> . expr SMALLER_THAN expr
    (38) comp -> . comp SMALLER_THAN expr
    (39) comp -> . expr SMALLER_EQUALS expr
    (40) comp -> . comp SMALLER_EQUALS expr
    (22) assign_expr -> . type IDENTIFIER ASSIGN expr
    (23) assign_expr -> . IDENTIFIER ASSIGN expr
    (121) type -> . T_INT
    (122) type -> . T_FLOAT
    (123) type -> . T_STRING
    (124) type -> . T_COMPLEX
    (125) type -> . LPAREN type_arg RPAREN ARROW type
    (126) type -> . type ARROW type
    (127) type -> . OPEN_BRACKETS CLOSED_BRACKETS type

    IDENTIFIER      shift and go to state 6
    NOT             shift and go to state 9
    PLUS            shift and go to state 4
    MINUS           shift and go to state 8
    BEGIN           shift and go to state 12
    LET             shift and go to state 13
    OPEN_BRACKETS   shift and go to state 3
    STRUCT          shift and go to state 14
    FLOAT           shift and go to state 15
    IF              shift and go to state 16
    IMPORT          shift and go to state 17
    CLOSED_BRACKETS shift and go to state 5
    LAMBDA          shift and go to state 18
    NULL            shift and go to state 20
    LPAREN          shift and go to state 7
    LOOP            shift and go to state 21
    MATCH           shift and go to state 22
    NUMBER          shift and go to state 23
    STRING          shift and go to state 24
    T_UNDEF         shift and go to state 25
    WHILE           shift and go to state 26
    T_INT           shift and go to state 27
    T_FLOAT         shift and go to state 28
    T_STRING        shift and go to state 29
    T_COMPLEX       shift and go to state 30

    expr                           shift and go to state 156
    comp                           shift and go to state 10
    assign_expr                    shift and go to state 11
    type                           shift and go to state 19

state 67

    (12) expr -> IDENTIFIER MOD_ASSIGN . expr
    (1) expr -> . expr ARROW expr
    (2) expr -> . expr OPEN_BRACKETS PLUS CLOSED_BRACKETS
    (3) expr -> . expr OPEN_BRACKETS expr CLOSED_BRACKETS
    (4) expr -> . IDENTIFIER PLUS_ASSIGN expr
    (5) expr -> . IDENTIFIER MINUS_ASSIGN expr
    (6) expr -> . IDENTIFIER SMALLER_EQUALS_ASSIGN expr
    (7) expr -> . IDENTIFIER GREATER_THAN_ASSIGN expr
    (8) expr -> . IDENTIFIER SMALLER_THAN_ASSIGN expr
    (9) expr -> . IDENTIFIER AND_ASSIGN expr
    (10) expr -> . IDENTIFIER OR_ASSIGN expr
    (11) expr -> . IDENTIFIER XOR_ASSIGN expr
    (12) expr -> . IDENTIFIER MOD_ASSIGN expr
    (13) expr -> . IDENTIFIER EXP_ASSIGN expr
    (14) expr -> . IDENTIFIER POWER_ASSIGN expr
    (15) expr -> . IDENTIFIER TIMES_ASSIGN expr
    (16) expr -> . IDENTIFIER DIVIDE_CEIL_ASSIGN expr
    (17) expr -> . IDENTIFIER DIVIDE_FLOOR_ASSIGN expr
    (18) expr -> . IDENTIFIER DIVIDE_ASSIGN expr
    (19) expr -> . IDENTIFIER EQUALS_ASSIGN expr
    (20) expr -> . IDENTIFIER UNEQUALS_ASSIGN expr
    (21) expr -> . IDENTIFIER GREATER_EQUALS_ASSIGN expr
    (26) expr -> . expr LPAREN para_expr RPAREN
    (41) expr -> . expr CONS expr
    (46) expr -> . expr PLUS expr
    (47) expr -> . expr MINUS expr
    (48) expr -> . expr EXP expr
    (49) expr -> . expr MOD expr
    (50) expr -> . NOT expr
    (51) expr -> . PLUS expr
    (52) expr -> . MINUS expr
    (53) expr -> . expr IMAG
    (54) expr -> . comp
    (55) expr -> . assign_expr
    (56) expr -> . BEGIN sequence END
    (57) expr -> . BEGIN END
    (58) expr -> . expr POWER expr
    (59) expr -> . LET letrec_assign IN expr DOT
    (60) expr -> . OPEN_BRACKETS param_list CLOSED_BRACKETS
    (61) expr -> . OPEN_BRACKETS expr CLOSED_BRACKETS
    (62) expr -> . OPEN_BRACKETS CLOSED_BRACKETS
    (63) expr -> . STRUCT BEGIN assign_list END
    (64) expr -> . STRUCT BEGIN END
    (65) expr -> . expr TIMES expr
    (66) expr -> . expr DIVIDE_CEIL expr
    (67) expr -> . expr DIVIDE_FLOOR expr
    (68) expr -> . expr DIVIDE expr
    (69) expr -> . expr AND expr
    (70) expr -> . expr XOR expr
    (71) expr -> . expr OR expr
    (73) expr -> . FLOAT
    (74) expr -> . IF expr THEN COMMA expr DOT
    (75) expr -> . IF expr THEN COMMA expr else_elif_body DOT
    (76) expr -> . IMPORT file
    (77) expr -> . OPEN_BRACKETS expr DOT DOT expr CLOSED_BRACKETS
    (78) expr -> . CLOSED_BRACKETS expr DOT DOT expr CLOSED_BRACKETS
    (79) expr -> . OPEN_BRACKETS expr DOT DOT expr OPEN_BRACKETS
    (80) expr -> . CLOSED_BRACKETS expr DOT DOT expr OPEN_BRACKETS
    (81) expr -> . LAMBDA para ARROW type COLON expr
    (82) expr -> . NULL
    (85) expr -> . LPAREN param_list RPAREN
    (86) expr -> . LOOP IDENTIFIER IN expr LOOPTHEN expr DOT
    (87) expr -> . MATCH expr WITH cases DOT
    (88) expr -> . NUMBER
    (115) expr -> . LPAREN expr RPAREN
    (120) expr -> . STRING
    (130) expr -> . T_UNDEF expr
    (131) expr -> . IDENTIFIER
    (132) expr -> . WHILE expr THEN COMMA expr DOT
    (29) comp -> . expr EQUALS expr
    (30) comp -> . comp EQUALS expr
    (31) comp -> . expr GREATER_EQUALS expr
    (32) comp -> . comp GREATER_EQUALS expr
    (33) comp -> . expr UNEQUALS expr
    (34) comp -> . comp UNEQUALS expr
    (35) comp -> . expr GREATER_THAN expr
    (36) comp -> . comp GREATER_THAN expr
    (37) comp -> . expr SMALLER_THAN expr
    (38) comp -> . comp SMALLER_THAN expr
    (39) comp -> . expr SMALLER_EQUALS expr
    (40) comp -> . comp SMALLER_EQUALS expr
    (22) assign_expr -> . type IDENTIFIER ASSIGN expr
    (23) assign_expr -> . IDENTIFIER ASSIGN expr
    (121) type -> . T_INT
    (122) type -> . T_FLOAT
    (123) type -> . T_STRING
    (124) type -> . T_COMPLEX
    (125) type -> . LPAREN type_arg RPAREN ARROW type
    (126) type -> . type ARROW type
    (127) type -> . OPEN_BRACKETS CLOSED_BRACKETS type

    IDENTIFIER      shift and go to state 6
    NOT             shift and go to state 9
    PLUS            shift and go to state 4
    MINUS           shift and go to state 8
    BEGIN           shift and go to state 12
    LET             shift and go to state 13
    OPEN_BRACKETS   shift and go to state 3
    STRUCT          shift and go to state 14
    FLOAT           shift and go to state 15
    IF              shift and go to state 16
    IMPORT          shift and go to state 17
    CLOSED_BRACKETS shift and go to state 5
    LAMBDA          shift and go to state 18
    NULL            shift and go to state 20
    LPAREN          shift and go to state 7
    LOOP            shift and go to state 21
    MATCH           shift and go to state 22
    NUMBER          shift and go to state 23
    STRING          shift and go to state 24
    T_UNDEF         shift and go to state 25
    WHILE           shift and go to state 26
    T_INT           shift and go to state 27
    T_FLOAT         shift and go to state 28
    T_STRING        shift and go to state 29
    T_COMPLEX       shift and go to state 30

    expr                           shift and go to state 157
    comp                           shift and go to state 10
    assign_expr                    shift and go to state 11
    type                           shift and go to state 19

state 68

    (13) expr -> IDENTIFIER EXP_ASSIGN . expr
    (1) expr -> . expr ARROW expr
    (2) expr -> . expr OPEN_BRACKETS PLUS CLOSED_BRACKETS
    (3) expr -> . expr OPEN_BRACKETS expr CLOSED_BRACKETS
    (4) expr -> . IDENTIFIER PLUS_ASSIGN expr
    (5) expr -> . IDENTIFIER MINUS_ASSIGN expr
    (6) expr -> . IDENTIFIER SMALLER_EQUALS_ASSIGN expr
    (7) expr -> . IDENTIFIER GREATER_THAN_ASSIGN expr
    (8) expr -> . IDENTIFIER SMALLER_THAN_ASSIGN expr
    (9) expr -> . IDENTIFIER AND_ASSIGN expr
    (10) expr -> . IDENTIFIER OR_ASSIGN expr
    (11) expr -> . IDENTIFIER XOR_ASSIGN expr
    (12) expr -> . IDENTIFIER MOD_ASSIGN expr
    (13) expr -> . IDENTIFIER EXP_ASSIGN expr
    (14) expr -> . IDENTIFIER POWER_ASSIGN expr
    (15) expr -> . IDENTIFIER TIMES_ASSIGN expr
    (16) expr -> . IDENTIFIER DIVIDE_CEIL_ASSIGN expr
    (17) expr -> . IDENTIFIER DIVIDE_FLOOR_ASSIGN expr
    (18) expr -> . IDENTIFIER DIVIDE_ASSIGN expr
    (19) expr -> . IDENTIFIER EQUALS_ASSIGN expr
    (20) expr -> . IDENTIFIER UNEQUALS_ASSIGN expr
    (21) expr -> . IDENTIFIER GREATER_EQUALS_ASSIGN expr
    (26) expr -> . expr LPAREN para_expr RPAREN
    (41) expr -> . expr CONS expr
    (46) expr -> . expr PLUS expr
    (47) expr -> . expr MINUS expr
    (48) expr -> . expr EXP expr
    (49) expr -> . expr MOD expr
    (50) expr -> . NOT expr
    (51) expr -> . PLUS expr
    (52) expr -> . MINUS expr
    (53) expr -> . expr IMAG
    (54) expr -> . comp
    (55) expr -> . assign_expr
    (56) expr -> . BEGIN sequence END
    (57) expr -> . BEGIN END
    (58) expr -> . expr POWER expr
    (59) expr -> . LET letrec_assign IN expr DOT
    (60) expr -> . OPEN_BRACKETS param_list CLOSED_BRACKETS
    (61) expr -> . OPEN_BRACKETS expr CLOSED_BRACKETS
    (62) expr -> . OPEN_BRACKETS CLOSED_BRACKETS
    (63) expr -> . STRUCT BEGIN assign_list END
    (64) expr -> . STRUCT BEGIN END
    (65) expr -> . expr TIMES expr
    (66) expr -> . expr DIVIDE_CEIL expr
    (67) expr -> . expr DIVIDE_FLOOR expr
    (68) expr -> . expr DIVIDE expr
    (69) expr -> . expr AND expr
    (70) expr -> . expr XOR expr
    (71) expr -> . expr OR expr
    (73) expr -> . FLOAT
    (74) expr -> . IF expr THEN COMMA expr DOT
    (75) expr -> . IF expr THEN COMMA expr else_elif_body DOT
    (76) expr -> . IMPORT file
    (77) expr -> . OPEN_BRACKETS expr DOT DOT expr CLOSED_BRACKETS
    (78) expr -> . CLOSED_BRACKETS expr DOT DOT expr CLOSED_BRACKETS
    (79) expr -> . OPEN_BRACKETS expr DOT DOT expr OPEN_BRACKETS
    (80) expr -> . CLOSED_BRACKETS expr DOT DOT expr OPEN_BRACKETS
    (81) expr -> . LAMBDA para ARROW type COLON expr
    (82) expr -> . NULL
    (85) expr -> . LPAREN param_list RPAREN
    (86) expr -> . LOOP IDENTIFIER IN expr LOOPTHEN expr DOT
    (87) expr -> . MATCH expr WITH cases DOT
    (88) expr -> . NUMBER
    (115) expr -> . LPAREN expr RPAREN
    (120) expr -> . STRING
    (130) expr -> . T_UNDEF expr
    (131) expr -> . IDENTIFIER
    (132) expr -> . WHILE expr THEN COMMA expr DOT
    (29) comp -> . expr EQUALS expr
    (30) comp -> . comp EQUALS expr
    (31) comp -> . expr GREATER_EQUALS expr
    (32) comp -> . comp GREATER_EQUALS expr
    (33) comp -> . expr UNEQUALS expr
    (34) comp -> . comp UNEQUALS expr
    (35) comp -> . expr GREATER_THAN expr
    (36) comp -> . comp GREATER_THAN expr
    (37) comp -> . expr SMALLER_THAN expr
    (38) comp -> . comp SMALLER_THAN expr
    (39) comp -> . expr SMALLER_EQUALS expr
    (40) comp -> . comp SMALLER_EQUALS expr
    (22) assign_expr -> . type IDENTIFIER ASSIGN expr
    (23) assign_expr -> . IDENTIFIER ASSIGN expr
    (121) type -> . T_INT
    (122) type -> . T_FLOAT
    (123) type -> . T_STRING
    (124) type -> . T_COMPLEX
    (125) type -> . LPAREN type_arg RPAREN ARROW type
    (126) type -> . type ARROW type
    (127) type -> . OPEN_BRACKETS CLOSED_BRACKETS type

    IDENTIFIER      shift and go to state 6
    NOT             shift and go to state 9
    PLUS            shift and go to state 4
    MINUS           shift and go to state 8
    BEGIN           shift and go to state 12
    LET             shift and go to state 13
    OPEN_BRACKETS   shift and go to state 3
    STRUCT          shift and go to state 14
    FLOAT           shift and go to state 15
    IF              shift and go to state 16
    IMPORT          shift and go to state 17
    CLOSED_BRACKETS shift and go to state 5
    LAMBDA          shift and go to state 18
    NULL            shift and go to state 20
    LPAREN          shift and go to state 7
    LOOP            shift and go to state 21
    MATCH           shift and go to state 22
    NUMBER          shift and go to state 23
    STRING          shift and go to state 24
    T_UNDEF         shift and go to state 25
    WHILE           shift and go to state 26
    T_INT           shift and go to state 27
    T_FLOAT         shift and go to state 28
    T_STRING        shift and go to state 29
    T_COMPLEX       shift and go to state 30

    expr                           shift and go to state 158
    comp                           shift and go to state 10
    assign_expr                    shift and go to state 11
    type                           shift and go to state 19

state 69

    (14) expr -> IDENTIFIER POWER_ASSIGN . expr
    (1) expr -> . expr ARROW expr
    (2) expr -> . expr OPEN_BRACKETS PLUS CLOSED_BRACKETS
    (3) expr -> . expr OPEN_BRACKETS expr CLOSED_BRACKETS
    (4) expr -> . IDENTIFIER PLUS_ASSIGN expr
    (5) expr -> . IDENTIFIER MINUS_ASSIGN expr
    (6) expr -> . IDENTIFIER SMALLER_EQUALS_ASSIGN expr
    (7) expr -> . IDENTIFIER GREATER_THAN_ASSIGN expr
    (8) expr -> . IDENTIFIER SMALLER_THAN_ASSIGN expr
    (9) expr -> . IDENTIFIER AND_ASSIGN expr
    (10) expr -> . IDENTIFIER OR_ASSIGN expr
    (11) expr -> . IDENTIFIER XOR_ASSIGN expr
    (12) expr -> . IDENTIFIER MOD_ASSIGN expr
    (13) expr -> . IDENTIFIER EXP_ASSIGN expr
    (14) expr -> . IDENTIFIER POWER_ASSIGN expr
    (15) expr -> . IDENTIFIER TIMES_ASSIGN expr
    (16) expr -> . IDENTIFIER DIVIDE_CEIL_ASSIGN expr
    (17) expr -> . IDENTIFIER DIVIDE_FLOOR_ASSIGN expr
    (18) expr -> . IDENTIFIER DIVIDE_ASSIGN expr
    (19) expr -> . IDENTIFIER EQUALS_ASSIGN expr
    (20) expr -> . IDENTIFIER UNEQUALS_ASSIGN expr
    (21) expr -> . IDENTIFIER GREATER_EQUALS_ASSIGN expr
    (26) expr -> . expr LPAREN para_expr RPAREN
    (41) expr -> . expr CONS expr
    (46) expr -> . expr PLUS expr
    (47) expr -> . expr MINUS expr
    (48) expr -> . expr EXP expr
    (49) expr -> . expr MOD expr
    (50) expr -> . NOT expr
    (51) expr -> . PLUS expr
    (52) expr -> . MINUS expr
    (53) expr -> . expr IMAG
    (54) expr -> . comp
    (55) expr -> . assign_expr
    (56) expr -> . BEGIN sequence END
    (57) expr -> . BEGIN END
    (58) expr -> . expr POWER expr
    (59) expr -> . LET letrec_assign IN expr DOT
    (60) expr -> . OPEN_BRACKETS param_list CLOSED_BRACKETS
    (61) expr -> . OPEN_BRACKETS expr CLOSED_BRACKETS
    (62) expr -> . OPEN_BRACKETS CLOSED_BRACKETS
    (63) expr -> . STRUCT BEGIN assign_list END
    (64) expr -> . STRUCT BEGIN END
    (65) expr -> . expr TIMES expr
    (66) expr -> . expr DIVIDE_CEIL expr
    (67) expr -> . expr DIVIDE_FLOOR expr
    (68) expr -> . expr DIVIDE expr
    (69) expr -> . expr AND expr
    (70) expr -> . expr XOR expr
    (71) expr -> . expr OR expr
    (73) expr -> . FLOAT
    (74) expr -> . IF expr THEN COMMA expr DOT
    (75) expr -> . IF expr THEN COMMA expr else_elif_body DOT
    (76) expr -> . IMPORT file
    (77) expr -> . OPEN_BRACKETS expr DOT DOT expr CLOSED_BRACKETS
    (78) expr -> . CLOSED_BRACKETS expr DOT DOT expr CLOSED_BRACKETS
    (79) expr -> . OPEN_BRACKETS expr DOT DOT expr OPEN_BRACKETS
    (80) expr -> . CLOSED_BRACKETS expr DOT DOT expr OPEN_BRACKETS
    (81) expr -> . LAMBDA para ARROW type COLON expr
    (82) expr -> . NULL
    (85) expr -> . LPAREN param_list RPAREN
    (86) expr -> . LOOP IDENTIFIER IN expr LOOPTHEN expr DOT
    (87) expr -> . MATCH expr WITH cases DOT
    (88) expr -> . NUMBER
    (115) expr -> . LPAREN expr RPAREN
    (120) expr -> . STRING
    (130) expr -> . T_UNDEF expr
    (131) expr -> . IDENTIFIER
    (132) expr -> . WHILE expr THEN COMMA expr DOT
    (29) comp -> . expr EQUALS expr
    (30) comp -> . comp EQUALS expr
    (31) comp -> . expr GREATER_EQUALS expr
    (32) comp -> . comp GREATER_EQUALS expr
    (33) comp -> . expr UNEQUALS expr
    (34) comp -> . comp UNEQUALS expr
    (35) comp -> . expr GREATER_THAN expr
    (36) comp -> . comp GREATER_THAN expr
    (37) comp -> . expr SMALLER_THAN expr
    (38) comp -> . comp SMALLER_THAN expr
    (39) comp -> . expr SMALLER_EQUALS expr
    (40) comp -> . comp SMALLER_EQUALS expr
    (22) assign_expr -> . type IDENTIFIER ASSIGN expr
    (23) assign_expr -> . IDENTIFIER ASSIGN expr
    (121) type -> . T_INT
    (122) type -> . T_FLOAT
    (123) type -> . T_STRING
    (124) type -> . T_COMPLEX
    (125) type -> . LPAREN type_arg RPAREN ARROW type
    (126) type -> . type ARROW type
    (127) type -> . OPEN_BRACKETS CLOSED_BRACKETS type

    IDENTIFIER      shift and go to state 6
    NOT             shift and go to state 9
    PLUS            shift and go to state 4
    MINUS           shift and go to state 8
    BEGIN           shift and go to state 12
    LET             shift and go to state 13
    OPEN_BRACKETS   shift and go to state 3
    STRUCT          shift and go to state 14
    FLOAT           shift and go to state 15
    IF              shift and go to state 16
    IMPORT          shift and go to state 17
    CLOSED_BRACKETS shift and go to state 5
    LAMBDA          shift and go to state 18
    NULL            shift and go to state 20
    LPAREN          shift and go to state 7
    LOOP            shift and go to state 21
    MATCH           shift and go to state 22
    NUMBER          shift and go to state 23
    STRING          shift and go to state 24
    T_UNDEF         shift and go to state 25
    WHILE           shift and go to state 26
    T_INT           shift and go to state 27
    T_FLOAT         shift and go to state 28
    T_STRING        shift and go to state 29
    T_COMPLEX       shift and go to state 30

    expr                           shift and go to state 159
    comp                           shift and go to state 10
    assign_expr                    shift and go to state 11
    type                           shift and go to state 19

state 70

    (15) expr -> IDENTIFIER TIMES_ASSIGN . expr
    (1) expr -> . expr ARROW expr
    (2) expr -> . expr OPEN_BRACKETS PLUS CLOSED_BRACKETS
    (3) expr -> . expr OPEN_BRACKETS expr CLOSED_BRACKETS
    (4) expr -> . IDENTIFIER PLUS_ASSIGN expr
    (5) expr -> . IDENTIFIER MINUS_ASSIGN expr
    (6) expr -> . IDENTIFIER SMALLER_EQUALS_ASSIGN expr
    (7) expr -> . IDENTIFIER GREATER_THAN_ASSIGN expr
    (8) expr -> . IDENTIFIER SMALLER_THAN_ASSIGN expr
    (9) expr -> . IDENTIFIER AND_ASSIGN expr
    (10) expr -> . IDENTIFIER OR_ASSIGN expr
    (11) expr -> . IDENTIFIER XOR_ASSIGN expr
    (12) expr -> . IDENTIFIER MOD_ASSIGN expr
    (13) expr -> . IDENTIFIER EXP_ASSIGN expr
    (14) expr -> . IDENTIFIER POWER_ASSIGN expr
    (15) expr -> . IDENTIFIER TIMES_ASSIGN expr
    (16) expr -> . IDENTIFIER DIVIDE_CEIL_ASSIGN expr
    (17) expr -> . IDENTIFIER DIVIDE_FLOOR_ASSIGN expr
    (18) expr -> . IDENTIFIER DIVIDE_ASSIGN expr
    (19) expr -> . IDENTIFIER EQUALS_ASSIGN expr
    (20) expr -> . IDENTIFIER UNEQUALS_ASSIGN expr
    (21) expr -> . IDENTIFIER GREATER_EQUALS_ASSIGN expr
    (26) expr -> . expr LPAREN para_expr RPAREN
    (41) expr -> . expr CONS expr
    (46) expr -> . expr PLUS expr
    (47) expr -> . expr MINUS expr
    (48) expr -> . expr EXP expr
    (49) expr -> . expr MOD expr
    (50) expr -> . NOT expr
    (51) expr -> . PLUS expr
    (52) expr -> . MINUS expr
    (53) expr -> . expr IMAG
    (54) expr -> . comp
    (55) expr -> . assign_expr
    (56) expr -> . BEGIN sequence END
    (57) expr -> . BEGIN END
    (58) expr -> . expr POWER expr
    (59) expr -> . LET letrec_assign IN expr DOT
    (60) expr -> . OPEN_BRACKETS param_list CLOSED_BRACKETS
    (61) expr -> . OPEN_BRACKETS expr CLOSED_BRACKETS
    (62) expr -> . OPEN_BRACKETS CLOSED_BRACKETS
    (63) expr -> . STRUCT BEGIN assign_list END
    (64) expr -> . STRUCT BEGIN END
    (65) expr -> . expr TIMES expr
    (66) expr -> . expr DIVIDE_CEIL expr
    (67) expr -> . expr DIVIDE_FLOOR expr
    (68) expr -> . expr DIVIDE expr
    (69) expr -> . expr AND expr
    (70) expr -> . expr XOR expr
    (71) expr -> . expr OR expr
    (73) expr -> . FLOAT
    (74) expr -> . IF expr THEN COMMA expr DOT
    (75) expr -> . IF expr THEN COMMA expr else_elif_body DOT
    (76) expr -> . IMPORT file
    (77) expr -> . OPEN_BRACKETS expr DOT DOT expr CLOSED_BRACKETS
    (78) expr -> . CLOSED_BRACKETS expr DOT DOT expr CLOSED_BRACKETS
    (79) expr -> . OPEN_BRACKETS expr DOT DOT expr OPEN_BRACKETS
    (80) expr -> . CLOSED_BRACKETS expr DOT DOT expr OPEN_BRACKETS
    (81) expr -> . LAMBDA para ARROW type COLON expr
    (82) expr -> . NULL
    (85) expr -> . LPAREN param_list RPAREN
    (86) expr -> . LOOP IDENTIFIER IN expr LOOPTHEN expr DOT
    (87) expr -> . MATCH expr WITH cases DOT
    (88) expr -> . NUMBER
    (115) expr -> . LPAREN expr RPAREN
    (120) expr -> . STRING
    (130) expr -> . T_UNDEF expr
    (131) expr -> . IDENTIFIER
    (132) expr -> . WHILE expr THEN COMMA expr DOT
    (29) comp -> . expr EQUALS expr
    (30) comp -> . comp EQUALS expr
    (31) comp -> . expr GREATER_EQUALS expr
    (32) comp -> . comp GREATER_EQUALS expr
    (33) comp -> . expr UNEQUALS expr
    (34) comp -> . comp UNEQUALS expr
    (35) comp -> . expr GREATER_THAN expr
    (36) comp -> . comp GREATER_THAN expr
    (37) comp -> . expr SMALLER_THAN expr
    (38) comp -> . comp SMALLER_THAN expr
    (39) comp -> . expr SMALLER_EQUALS expr
    (40) comp -> . comp SMALLER_EQUALS expr
    (22) assign_expr -> . type IDENTIFIER ASSIGN expr
    (23) assign_expr -> . IDENTIFIER ASSIGN expr
    (121) type -> . T_INT
    (122) type -> . T_FLOAT
    (123) type -> . T_STRING
    (124) type -> . T_COMPLEX
    (125) type -> . LPAREN type_arg RPAREN ARROW type
    (126) type -> . type ARROW type
    (127) type -> . OPEN_BRACKETS CLOSED_BRACKETS type

    IDENTIFIER      shift and go to state 6
    NOT             shift and go to state 9
    PLUS            shift and go to state 4
    MINUS           shift and go to state 8
    BEGIN           shift and go to state 12
    LET             shift and go to state 13
    OPEN_BRACKETS   shift and go to state 3
    STRUCT          shift and go to state 14
    FLOAT           shift and go to state 15
    IF              shift and go to state 16
    IMPORT          shift and go to state 17
    CLOSED_BRACKETS shift and go to state 5
    LAMBDA          shift and go to state 18
    NULL            shift and go to state 20
    LPAREN          shift and go to state 7
    LOOP            shift and go to state 21
    MATCH           shift and go to state 22
    NUMBER          shift and go to state 23
    STRING          shift and go to state 24
    T_UNDEF         shift and go to state 25
    WHILE           shift and go to state 26
    T_INT           shift and go to state 27
    T_FLOAT         shift and go to state 28
    T_STRING        shift and go to state 29
    T_COMPLEX       shift and go to state 30

    expr                           shift and go to state 160
    comp                           shift and go to state 10
    assign_expr                    shift and go to state 11
    type                           shift and go to state 19

state 71

    (16) expr -> IDENTIFIER DIVIDE_CEIL_ASSIGN . expr
    (1) expr -> . expr ARROW expr
    (2) expr -> . expr OPEN_BRACKETS PLUS CLOSED_BRACKETS
    (3) expr -> . expr OPEN_BRACKETS expr CLOSED_BRACKETS
    (4) expr -> . IDENTIFIER PLUS_ASSIGN expr
    (5) expr -> . IDENTIFIER MINUS_ASSIGN expr
    (6) expr -> . IDENTIFIER SMALLER_EQUALS_ASSIGN expr
    (7) expr -> . IDENTIFIER GREATER_THAN_ASSIGN expr
    (8) expr -> . IDENTIFIER SMALLER_THAN_ASSIGN expr
    (9) expr -> . IDENTIFIER AND_ASSIGN expr
    (10) expr -> . IDENTIFIER OR_ASSIGN expr
    (11) expr -> . IDENTIFIER XOR_ASSIGN expr
    (12) expr -> . IDENTIFIER MOD_ASSIGN expr
    (13) expr -> . IDENTIFIER EXP_ASSIGN expr
    (14) expr -> . IDENTIFIER POWER_ASSIGN expr
    (15) expr -> . IDENTIFIER TIMES_ASSIGN expr
    (16) expr -> . IDENTIFIER DIVIDE_CEIL_ASSIGN expr
    (17) expr -> . IDENTIFIER DIVIDE_FLOOR_ASSIGN expr
    (18) expr -> . IDENTIFIER DIVIDE_ASSIGN expr
    (19) expr -> . IDENTIFIER EQUALS_ASSIGN expr
    (20) expr -> . IDENTIFIER UNEQUALS_ASSIGN expr
    (21) expr -> . IDENTIFIER GREATER_EQUALS_ASSIGN expr
    (26) expr -> . expr LPAREN para_expr RPAREN
    (41) expr -> . expr CONS expr
    (46) expr -> . expr PLUS expr
    (47) expr -> . expr MINUS expr
    (48) expr -> . expr EXP expr
    (49) expr -> . expr MOD expr
    (50) expr -> . NOT expr
    (51) expr -> . PLUS expr
    (52) expr -> . MINUS expr
    (53) expr -> . expr IMAG
    (54) expr -> . comp
    (55) expr -> . assign_expr
    (56) expr -> . BEGIN sequence END
    (57) expr -> . BEGIN END
    (58) expr -> . expr POWER expr
    (59) expr -> . LET letrec_assign IN expr DOT
    (60) expr -> . OPEN_BRACKETS param_list CLOSED_BRACKETS
    (61) expr -> . OPEN_BRACKETS expr CLOSED_BRACKETS
    (62) expr -> . OPEN_BRACKETS CLOSED_BRACKETS
    (63) expr -> . STRUCT BEGIN assign_list END
    (64) expr -> . STRUCT BEGIN END
    (65) expr -> . expr TIMES expr
    (66) expr -> . expr DIVIDE_CEIL expr
    (67) expr -> . expr DIVIDE_FLOOR expr
    (68) expr -> . expr DIVIDE expr
    (69) expr -> . expr AND expr
    (70) expr -> . expr XOR expr
    (71) expr -> . expr OR expr
    (73) expr -> . FLOAT
    (74) expr -> . IF expr THEN COMMA expr DOT
    (75) expr -> . IF expr THEN COMMA expr else_elif_body DOT
    (76) expr -> . IMPORT file
    (77) expr -> . OPEN_BRACKETS expr DOT DOT expr CLOSED_BRACKETS
    (78) expr -> . CLOSED_BRACKETS expr DOT DOT expr CLOSED_BRACKETS
    (79) expr -> . OPEN_BRACKETS expr DOT DOT expr OPEN_BRACKETS
    (80) expr -> . CLOSED_BRACKETS expr DOT DOT expr OPEN_BRACKETS
    (81) expr -> . LAMBDA para ARROW type COLON expr
    (82) expr -> . NULL
    (85) expr -> . LPAREN param_list RPAREN
    (86) expr -> . LOOP IDENTIFIER IN expr LOOPTHEN expr DOT
    (87) expr -> . MATCH expr WITH cases DOT
    (88) expr -> . NUMBER
    (115) expr -> . LPAREN expr RPAREN
    (120) expr -> . STRING
    (130) expr -> . T_UNDEF expr
    (131) expr -> . IDENTIFIER
    (132) expr -> . WHILE expr THEN COMMA expr DOT
    (29) comp -> . expr EQUALS expr
    (30) comp -> . comp EQUALS expr
    (31) comp -> . expr GREATER_EQUALS expr
    (32) comp -> . comp GREATER_EQUALS expr
    (33) comp -> . expr UNEQUALS expr
    (34) comp -> . comp UNEQUALS expr
    (35) comp -> . expr GREATER_THAN expr
    (36) comp -> . comp GREATER_THAN expr
    (37) comp -> . expr SMALLER_THAN expr
    (38) comp -> . comp SMALLER_THAN expr
    (39) comp -> . expr SMALLER_EQUALS expr
    (40) comp -> . comp SMALLER_EQUALS expr
    (22) assign_expr -> . type IDENTIFIER ASSIGN expr
    (23) assign_expr -> . IDENTIFIER ASSIGN expr
    (121) type -> . T_INT
    (122) type -> . T_FLOAT
    (123) type -> . T_STRING
    (124) type -> . T_COMPLEX
    (125) type -> . LPAREN type_arg RPAREN ARROW type
    (126) type -> . type ARROW type
    (127) type -> . OPEN_BRACKETS CLOSED_BRACKETS type

    IDENTIFIER      shift and go to state 6
    NOT             shift and go to state 9
    PLUS            shift and go to state 4
    MINUS           shift and go to state 8
    BEGIN           shift and go to state 12
    LET             shift and go to state 13
    OPEN_BRACKETS   shift and go to state 3
    STRUCT          shift and go to state 14
    FLOAT           shift and go to state 15
    IF              shift and go to state 16
    IMPORT          shift and go to state 17
    CLOSED_BRACKETS shift and go to state 5
    LAMBDA          shift and go to state 18
    NULL            shift and go to state 20
    LPAREN          shift and go to state 7
    LOOP            shift and go to state 21
    MATCH           shift and go to state 22
    NUMBER          shift and go to state 23
    STRING          shift and go to state 24
    T_UNDEF         shift and go to state 25
    WHILE           shift and go to state 26
    T_INT           shift and go to state 27
    T_FLOAT         shift and go to state 28
    T_STRING        shift and go to state 29
    T_COMPLEX       shift and go to state 30

    expr                           shift and go to state 161
    comp                           shift and go to state 10
    assign_expr                    shift and go to state 11
    type                           shift and go to state 19

state 72

    (17) expr -> IDENTIFIER DIVIDE_FLOOR_ASSIGN . expr
    (1) expr -> . expr ARROW expr
    (2) expr -> . expr OPEN_BRACKETS PLUS CLOSED_BRACKETS
    (3) expr -> . expr OPEN_BRACKETS expr CLOSED_BRACKETS
    (4) expr -> . IDENTIFIER PLUS_ASSIGN expr
    (5) expr -> . IDENTIFIER MINUS_ASSIGN expr
    (6) expr -> . IDENTIFIER SMALLER_EQUALS_ASSIGN expr
    (7) expr -> . IDENTIFIER GREATER_THAN_ASSIGN expr
    (8) expr -> . IDENTIFIER SMALLER_THAN_ASSIGN expr
    (9) expr -> . IDENTIFIER AND_ASSIGN expr
    (10) expr -> . IDENTIFIER OR_ASSIGN expr
    (11) expr -> . IDENTIFIER XOR_ASSIGN expr
    (12) expr -> . IDENTIFIER MOD_ASSIGN expr
    (13) expr -> . IDENTIFIER EXP_ASSIGN expr
    (14) expr -> . IDENTIFIER POWER_ASSIGN expr
    (15) expr -> . IDENTIFIER TIMES_ASSIGN expr
    (16) expr -> . IDENTIFIER DIVIDE_CEIL_ASSIGN expr
    (17) expr -> . IDENTIFIER DIVIDE_FLOOR_ASSIGN expr
    (18) expr -> . IDENTIFIER DIVIDE_ASSIGN expr
    (19) expr -> . IDENTIFIER EQUALS_ASSIGN expr
    (20) expr -> . IDENTIFIER UNEQUALS_ASSIGN expr
    (21) expr -> . IDENTIFIER GREATER_EQUALS_ASSIGN expr
    (26) expr -> . expr LPAREN para_expr RPAREN
    (41) expr -> . expr CONS expr
    (46) expr -> . expr PLUS expr
    (47) expr -> . expr MINUS expr
    (48) expr -> . expr EXP expr
    (49) expr -> . expr MOD expr
    (50) expr -> . NOT expr
    (51) expr -> . PLUS expr
    (52) expr -> . MINUS expr
    (53) expr -> . expr IMAG
    (54) expr -> . comp
    (55) expr -> . assign_expr
    (56) expr -> . BEGIN sequence END
    (57) expr -> . BEGIN END
    (58) expr -> . expr POWER expr
    (59) expr -> . LET letrec_assign IN expr DOT
    (60) expr -> . OPEN_BRACKETS param_list CLOSED_BRACKETS
    (61) expr -> . OPEN_BRACKETS expr CLOSED_BRACKETS
    (62) expr -> . OPEN_BRACKETS CLOSED_BRACKETS
    (63) expr -> . STRUCT BEGIN assign_list END
    (64) expr -> . STRUCT BEGIN END
    (65) expr -> . expr TIMES expr
    (66) expr -> . expr DIVIDE_CEIL expr
    (67) expr -> . expr DIVIDE_FLOOR expr
    (68) expr -> . expr DIVIDE expr
    (69) expr -> . expr AND expr
    (70) expr -> . expr XOR expr
    (71) expr -> . expr OR expr
    (73) expr -> . FLOAT
    (74) expr -> . IF expr THEN COMMA expr DOT
    (75) expr -> . IF expr THEN COMMA expr else_elif_body DOT
    (76) expr -> . IMPORT file
    (77) expr -> . OPEN_BRACKETS expr DOT DOT expr CLOSED_BRACKETS
    (78) expr -> . CLOSED_BRACKETS expr DOT DOT expr CLOSED_BRACKETS
    (79) expr -> . OPEN_BRACKETS expr DOT DOT expr OPEN_BRACKETS
    (80) expr -> . CLOSED_BRACKETS expr DOT DOT expr OPEN_BRACKETS
    (81) expr -> . LAMBDA para ARROW type COLON expr
    (82) expr -> . NULL
    (85) expr -> . LPAREN param_list RPAREN
    (86) expr -> . LOOP IDENTIFIER IN expr LOOPTHEN expr DOT
    (87) expr -> . MATCH expr WITH cases DOT
    (88) expr -> . NUMBER
    (115) expr -> . LPAREN expr RPAREN
    (120) expr -> . STRING
    (130) expr -> . T_UNDEF expr
    (131) expr -> . IDENTIFIER
    (132) expr -> . WHILE expr THEN COMMA expr DOT
    (29) comp -> . expr EQUALS expr
    (30) comp -> . comp EQUALS expr
    (31) comp -> . expr GREATER_EQUALS expr
    (32) comp -> . comp GREATER_EQUALS expr
    (33) comp -> . expr UNEQUALS expr
    (34) comp -> . comp UNEQUALS expr
    (35) comp -> . expr GREATER_THAN expr
    (36) comp -> . comp GREATER_THAN expr
    (37) comp -> . expr SMALLER_THAN expr
    (38) comp -> . comp SMALLER_THAN expr
    (39) comp -> . expr SMALLER_EQUALS expr
    (40) comp -> . comp SMALLER_EQUALS expr
    (22) assign_expr -> . type IDENTIFIER ASSIGN expr
    (23) assign_expr -> . IDENTIFIER ASSIGN expr
    (121) type -> . T_INT
    (122) type -> . T_FLOAT
    (123) type -> . T_STRING
    (124) type -> . T_COMPLEX
    (125) type -> . LPAREN type_arg RPAREN ARROW type
    (126) type -> . type ARROW type
    (127) type -> . OPEN_BRACKETS CLOSED_BRACKETS type

    IDENTIFIER      shift and go to state 6
    NOT             shift and go to state 9
    PLUS            shift and go to state 4
    MINUS           shift and go to state 8
    BEGIN           shift and go to state 12
    LET             shift and go to state 13
    OPEN_BRACKETS   shift and go to state 3
    STRUCT          shift and go to state 14
    FLOAT           shift and go to state 15
    IF              shift and go to state 16
    IMPORT          shift and go to state 17
    CLOSED_BRACKETS shift and go to state 5
    LAMBDA          shift and go to state 18
    NULL            shift and go to state 20
    LPAREN          shift and go to state 7
    LOOP            shift and go to state 21
    MATCH           shift and go to state 22
    NUMBER          shift and go to state 23
    STRING          shift and go to state 24
    T_UNDEF         shift and go to state 25
    WHILE           shift and go to state 26
    T_INT           shift and go to state 27
    T_FLOAT         shift and go to state 28
    T_STRING        shift and go to state 29
    T_COMPLEX       shift and go to state 30

    expr                           shift and go to state 162
    comp                           shift and go to state 10
    assign_expr                    shift and go to state 11
    type                           shift and go to state 19

state 73

    (18) expr -> IDENTIFIER DIVIDE_ASSIGN . expr
    (1) expr -> . expr ARROW expr
    (2) expr -> . expr OPEN_BRACKETS PLUS CLOSED_BRACKETS
    (3) expr -> . expr OPEN_BRACKETS expr CLOSED_BRACKETS
    (4) expr -> . IDENTIFIER PLUS_ASSIGN expr
    (5) expr -> . IDENTIFIER MINUS_ASSIGN expr
    (6) expr -> . IDENTIFIER SMALLER_EQUALS_ASSIGN expr
    (7) expr -> . IDENTIFIER GREATER_THAN_ASSIGN expr
    (8) expr -> . IDENTIFIER SMALLER_THAN_ASSIGN expr
    (9) expr -> . IDENTIFIER AND_ASSIGN expr
    (10) expr -> . IDENTIFIER OR_ASSIGN expr
    (11) expr -> . IDENTIFIER XOR_ASSIGN expr
    (12) expr -> . IDENTIFIER MOD_ASSIGN expr
    (13) expr -> . IDENTIFIER EXP_ASSIGN expr
    (14) expr -> . IDENTIFIER POWER_ASSIGN expr
    (15) expr -> . IDENTIFIER TIMES_ASSIGN expr
    (16) expr -> . IDENTIFIER DIVIDE_CEIL_ASSIGN expr
    (17) expr -> . IDENTIFIER DIVIDE_FLOOR_ASSIGN expr
    (18) expr -> . IDENTIFIER DIVIDE_ASSIGN expr
    (19) expr -> . IDENTIFIER EQUALS_ASSIGN expr
    (20) expr -> . IDENTIFIER UNEQUALS_ASSIGN expr
    (21) expr -> . IDENTIFIER GREATER_EQUALS_ASSIGN expr
    (26) expr -> . expr LPAREN para_expr RPAREN
    (41) expr -> . expr CONS expr
    (46) expr -> . expr PLUS expr
    (47) expr -> . expr MINUS expr
    (48) expr -> . expr EXP expr
    (49) expr -> . expr MOD expr
    (50) expr -> . NOT expr
    (51) expr -> . PLUS expr
    (52) expr -> . MINUS expr
    (53) expr -> . expr IMAG
    (54) expr -> . comp
    (55) expr -> . assign_expr
    (56) expr -> . BEGIN sequence END
    (57) expr -> . BEGIN END
    (58) expr -> . expr POWER expr
    (59) expr -> . LET letrec_assign IN expr DOT
    (60) expr -> . OPEN_BRACKETS param_list CLOSED_BRACKETS
    (61) expr -> . OPEN_BRACKETS expr CLOSED_BRACKETS
    (62) expr -> . OPEN_BRACKETS CLOSED_BRACKETS
    (63) expr -> . STRUCT BEGIN assign_list END
    (64) expr -> . STRUCT BEGIN END
    (65) expr -> . expr TIMES expr
    (66) expr -> . expr DIVIDE_CEIL expr
    (67) expr -> . expr DIVIDE_FLOOR expr
    (68) expr -> . expr DIVIDE expr
    (69) expr -> . expr AND expr
    (70) expr -> . expr XOR expr
    (71) expr -> . expr OR expr
    (73) expr -> . FLOAT
    (74) expr -> . IF expr THEN COMMA expr DOT
    (75) expr -> . IF expr THEN COMMA expr else_elif_body DOT
    (76) expr -> . IMPORT file
    (77) expr -> . OPEN_BRACKETS expr DOT DOT expr CLOSED_BRACKETS
    (78) expr -> . CLOSED_BRACKETS expr DOT DOT expr CLOSED_BRACKETS
    (79) expr -> . OPEN_BRACKETS expr DOT DOT expr OPEN_BRACKETS
    (80) expr -> . CLOSED_BRACKETS expr DOT DOT expr OPEN_BRACKETS
    (81) expr -> . LAMBDA para ARROW type COLON expr
    (82) expr -> . NULL
    (85) expr -> . LPAREN param_list RPAREN
    (86) expr -> . LOOP IDENTIFIER IN expr LOOPTHEN expr DOT
    (87) expr -> . MATCH expr WITH cases DOT
    (88) expr -> . NUMBER
    (115) expr -> . LPAREN expr RPAREN
    (120) expr -> . STRING
    (130) expr -> . T_UNDEF expr
    (131) expr -> . IDENTIFIER
    (132) expr -> . WHILE expr THEN COMMA expr DOT
    (29) comp -> . expr EQUALS expr
    (30) comp -> . comp EQUALS expr
    (31) comp -> . expr GREATER_EQUALS expr
    (32) comp -> . comp GREATER_EQUALS expr
    (33) comp -> . expr UNEQUALS expr
    (34) comp -> . comp UNEQUALS expr
    (35) comp -> . expr GREATER_THAN expr
    (36) comp -> . comp GREATER_THAN expr
    (37) comp -> . expr SMALLER_THAN expr
    (38) comp -> . comp SMALLER_THAN expr
    (39) comp -> . expr SMALLER_EQUALS expr
    (40) comp -> . comp SMALLER_EQUALS expr
    (22) assign_expr -> . type IDENTIFIER ASSIGN expr
    (23) assign_expr -> . IDENTIFIER ASSIGN expr
    (121) type -> . T_INT
    (122) type -> . T_FLOAT
    (123) type -> . T_STRING
    (124) type -> . T_COMPLEX
    (125) type -> . LPAREN type_arg RPAREN ARROW type
    (126) type -> . type ARROW type
    (127) type -> . OPEN_BRACKETS CLOSED_BRACKETS type

    IDENTIFIER      shift and go to state 6
    NOT             shift and go to state 9
    PLUS            shift and go to state 4
    MINUS           shift and go to state 8
    BEGIN           shift and go to state 12
    LET             shift and go to state 13
    OPEN_BRACKETS   shift and go to state 3
    STRUCT          shift and go to state 14
    FLOAT           shift and go to state 15
    IF              shift and go to state 16
    IMPORT          shift and go to state 17
    CLOSED_BRACKETS shift and go to state 5
    LAMBDA          shift and go to state 18
    NULL            shift and go to state 20
    LPAREN          shift and go to state 7
    LOOP            shift and go to state 21
    MATCH           shift and go to state 22
    NUMBER          shift and go to state 23
    STRING          shift and go to state 24
    T_UNDEF         shift and go to state 25
    WHILE           shift and go to state 26
    T_INT           shift and go to state 27
    T_FLOAT         shift and go to state 28
    T_STRING        shift and go to state 29
    T_COMPLEX       shift and go to state 30

    expr                           shift and go to state 163
    comp                           shift and go to state 10
    assign_expr                    shift and go to state 11
    type                           shift and go to state 19

state 74

    (19) expr -> IDENTIFIER EQUALS_ASSIGN . expr
    (1) expr -> . expr ARROW expr
    (2) expr -> . expr OPEN_BRACKETS PLUS CLOSED_BRACKETS
    (3) expr -> . expr OPEN_BRACKETS expr CLOSED_BRACKETS
    (4) expr -> . IDENTIFIER PLUS_ASSIGN expr
    (5) expr -> . IDENTIFIER MINUS_ASSIGN expr
    (6) expr -> . IDENTIFIER SMALLER_EQUALS_ASSIGN expr
    (7) expr -> . IDENTIFIER GREATER_THAN_ASSIGN expr
    (8) expr -> . IDENTIFIER SMALLER_THAN_ASSIGN expr
    (9) expr -> . IDENTIFIER AND_ASSIGN expr
    (10) expr -> . IDENTIFIER OR_ASSIGN expr
    (11) expr -> . IDENTIFIER XOR_ASSIGN expr
    (12) expr -> . IDENTIFIER MOD_ASSIGN expr
    (13) expr -> . IDENTIFIER EXP_ASSIGN expr
    (14) expr -> . IDENTIFIER POWER_ASSIGN expr
    (15) expr -> . IDENTIFIER TIMES_ASSIGN expr
    (16) expr -> . IDENTIFIER DIVIDE_CEIL_ASSIGN expr
    (17) expr -> . IDENTIFIER DIVIDE_FLOOR_ASSIGN expr
    (18) expr -> . IDENTIFIER DIVIDE_ASSIGN expr
    (19) expr -> . IDENTIFIER EQUALS_ASSIGN expr
    (20) expr -> . IDENTIFIER UNEQUALS_ASSIGN expr
    (21) expr -> . IDENTIFIER GREATER_EQUALS_ASSIGN expr
    (26) expr -> . expr LPAREN para_expr RPAREN
    (41) expr -> . expr CONS expr
    (46) expr -> . expr PLUS expr
    (47) expr -> . expr MINUS expr
    (48) expr -> . expr EXP expr
    (49) expr -> . expr MOD expr
    (50) expr -> . NOT expr
    (51) expr -> . PLUS expr
    (52) expr -> . MINUS expr
    (53) expr -> . expr IMAG
    (54) expr -> . comp
    (55) expr -> . assign_expr
    (56) expr -> . BEGIN sequence END
    (57) expr -> . BEGIN END
    (58) expr -> . expr POWER expr
    (59) expr -> . LET letrec_assign IN expr DOT
    (60) expr -> . OPEN_BRACKETS param_list CLOSED_BRACKETS
    (61) expr -> . OPEN_BRACKETS expr CLOSED_BRACKETS
    (62) expr -> . OPEN_BRACKETS CLOSED_BRACKETS
    (63) expr -> . STRUCT BEGIN assign_list END
    (64) expr -> . STRUCT BEGIN END
    (65) expr -> . expr TIMES expr
    (66) expr -> . expr DIVIDE_CEIL expr
    (67) expr -> . expr DIVIDE_FLOOR expr
    (68) expr -> . expr DIVIDE expr
    (69) expr -> . expr AND expr
    (70) expr -> . expr XOR expr
    (71) expr -> . expr OR expr
    (73) expr -> . FLOAT
    (74) expr -> . IF expr THEN COMMA expr DOT
    (75) expr -> . IF expr THEN COMMA expr else_elif_body DOT
    (76) expr -> . IMPORT file
    (77) expr -> . OPEN_BRACKETS expr DOT DOT expr CLOSED_BRACKETS
    (78) expr -> . CLOSED_BRACKETS expr DOT DOT expr CLOSED_BRACKETS
    (79) expr -> . OPEN_BRACKETS expr DOT DOT expr OPEN_BRACKETS
    (80) expr -> . CLOSED_BRACKETS expr DOT DOT expr OPEN_BRACKETS
    (81) expr -> . LAMBDA para ARROW type COLON expr
    (82) expr -> . NULL
    (85) expr -> . LPAREN param_list RPAREN
    (86) expr -> . LOOP IDENTIFIER IN expr LOOPTHEN expr DOT
    (87) expr -> . MATCH expr WITH cases DOT
    (88) expr -> . NUMBER
    (115) expr -> . LPAREN expr RPAREN
    (120) expr -> . STRING
    (130) expr -> . T_UNDEF expr
    (131) expr -> . IDENTIFIER
    (132) expr -> . WHILE expr THEN COMMA expr DOT
    (29) comp -> . expr EQUALS expr
    (30) comp -> . comp EQUALS expr
    (31) comp -> . expr GREATER_EQUALS expr
    (32) comp -> . comp GREATER_EQUALS expr
    (33) comp -> . expr UNEQUALS expr
    (34) comp -> . comp UNEQUALS expr
    (35) comp -> . expr GREATER_THAN expr
    (36) comp -> . comp GREATER_THAN expr
    (37) comp -> . expr SMALLER_THAN expr
    (38) comp -> . comp SMALLER_THAN expr
    (39) comp -> . expr SMALLER_EQUALS expr
    (40) comp -> . comp SMALLER_EQUALS expr
    (22) assign_expr -> . type IDENTIFIER ASSIGN expr
    (23) assign_expr -> . IDENTIFIER ASSIGN expr
    (121) type -> . T_INT
    (122) type -> . T_FLOAT
    (123) type -> . T_STRING
    (124) type -> . T_COMPLEX
    (125) type -> . LPAREN type_arg RPAREN ARROW type
    (126) type -> . type ARROW type
    (127) type -> . OPEN_BRACKETS CLOSED_BRACKETS type

    IDENTIFIER      shift and go to state 6
    NOT             shift and go to state 9
    PLUS            shift and go to state 4
    MINUS           shift and go to state 8
    BEGIN           shift and go to state 12
    LET             shift and go to state 13
    OPEN_BRACKETS   shift and go to state 3
    STRUCT          shift and go to state 14
    FLOAT           shift and go to state 15
    IF              shift and go to state 16
    IMPORT          shift and go to state 17
    CLOSED_BRACKETS shift and go to state 5
    LAMBDA          shift and go to state 18
    NULL            shift and go to state 20
    LPAREN          shift and go to state 7
    LOOP            shift and go to state 21
    MATCH           shift and go to state 22
    NUMBER          shift and go to state 23
    STRING          shift and go to state 24
    T_UNDEF         shift and go to state 25
    WHILE           shift and go to state 26
    T_INT           shift and go to state 27
    T_FLOAT         shift and go to state 28
    T_STRING        shift and go to state 29
    T_COMPLEX       shift and go to state 30

    expr                           shift and go to state 164
    comp                           shift and go to state 10
    assign_expr                    shift and go to state 11
    type                           shift and go to state 19

state 75

    (20) expr -> IDENTIFIER UNEQUALS_ASSIGN . expr
    (1) expr -> . expr ARROW expr
    (2) expr -> . expr OPEN_BRACKETS PLUS CLOSED_BRACKETS
    (3) expr -> . expr OPEN_BRACKETS expr CLOSED_BRACKETS
    (4) expr -> . IDENTIFIER PLUS_ASSIGN expr
    (5) expr -> . IDENTIFIER MINUS_ASSIGN expr
    (6) expr -> . IDENTIFIER SMALLER_EQUALS_ASSIGN expr
    (7) expr -> . IDENTIFIER GREATER_THAN_ASSIGN expr
    (8) expr -> . IDENTIFIER SMALLER_THAN_ASSIGN expr
    (9) expr -> . IDENTIFIER AND_ASSIGN expr
    (10) expr -> . IDENTIFIER OR_ASSIGN expr
    (11) expr -> . IDENTIFIER XOR_ASSIGN expr
    (12) expr -> . IDENTIFIER MOD_ASSIGN expr
    (13) expr -> . IDENTIFIER EXP_ASSIGN expr
    (14) expr -> . IDENTIFIER POWER_ASSIGN expr
    (15) expr -> . IDENTIFIER TIMES_ASSIGN expr
    (16) expr -> . IDENTIFIER DIVIDE_CEIL_ASSIGN expr
    (17) expr -> . IDENTIFIER DIVIDE_FLOOR_ASSIGN expr
    (18) expr -> . IDENTIFIER DIVIDE_ASSIGN expr
    (19) expr -> . IDENTIFIER EQUALS_ASSIGN expr
    (20) expr -> . IDENTIFIER UNEQUALS_ASSIGN expr
    (21) expr -> . IDENTIFIER GREATER_EQUALS_ASSIGN expr
    (26) expr -> . expr LPAREN para_expr RPAREN
    (41) expr -> . expr CONS expr
    (46) expr -> . expr PLUS expr
    (47) expr -> . expr MINUS expr
    (48) expr -> . expr EXP expr
    (49) expr -> . expr MOD expr
    (50) expr -> . NOT expr
    (51) expr -> . PLUS expr
    (52) expr -> . MINUS expr
    (53) expr -> . expr IMAG
    (54) expr -> . comp
    (55) expr -> . assign_expr
    (56) expr -> . BEGIN sequence END
    (57) expr -> . BEGIN END
    (58) expr -> . expr POWER expr
    (59) expr -> . LET letrec_assign IN expr DOT
    (60) expr -> . OPEN_BRACKETS param_list CLOSED_BRACKETS
    (61) expr -> . OPEN_BRACKETS expr CLOSED_BRACKETS
    (62) expr -> . OPEN_BRACKETS CLOSED_BRACKETS
    (63) expr -> . STRUCT BEGIN assign_list END
    (64) expr -> . STRUCT BEGIN END
    (65) expr -> . expr TIMES expr
    (66) expr -> . expr DIVIDE_CEIL expr
    (67) expr -> . expr DIVIDE_FLOOR expr
    (68) expr -> . expr DIVIDE expr
    (69) expr -> . expr AND expr
    (70) expr -> . expr XOR expr
    (71) expr -> . expr OR expr
    (73) expr -> . FLOAT
    (74) expr -> . IF expr THEN COMMA expr DOT
    (75) expr -> . IF expr THEN COMMA expr else_elif_body DOT
    (76) expr -> . IMPORT file
    (77) expr -> . OPEN_BRACKETS expr DOT DOT expr CLOSED_BRACKETS
    (78) expr -> . CLOSED_BRACKETS expr DOT DOT expr CLOSED_BRACKETS
    (79) expr -> . OPEN_BRACKETS expr DOT DOT expr OPEN_BRACKETS
    (80) expr -> . CLOSED_BRACKETS expr DOT DOT expr OPEN_BRACKETS
    (81) expr -> . LAMBDA para ARROW type COLON expr
    (82) expr -> . NULL
    (85) expr -> . LPAREN param_list RPAREN
    (86) expr -> . LOOP IDENTIFIER IN expr LOOPTHEN expr DOT
    (87) expr -> . MATCH expr WITH cases DOT
    (88) expr -> . NUMBER
    (115) expr -> . LPAREN expr RPAREN
    (120) expr -> . STRING
    (130) expr -> . T_UNDEF expr
    (131) expr -> . IDENTIFIER
    (132) expr -> . WHILE expr THEN COMMA expr DOT
    (29) comp -> . expr EQUALS expr
    (30) comp -> . comp EQUALS expr
    (31) comp -> . expr GREATER_EQUALS expr
    (32) comp -> . comp GREATER_EQUALS expr
    (33) comp -> . expr UNEQUALS expr
    (34) comp -> . comp UNEQUALS expr
    (35) comp -> . expr GREATER_THAN expr
    (36) comp -> . comp GREATER_THAN expr
    (37) comp -> . expr SMALLER_THAN expr
    (38) comp -> . comp SMALLER_THAN expr
    (39) comp -> . expr SMALLER_EQUALS expr
    (40) comp -> . comp SMALLER_EQUALS expr
    (22) assign_expr -> . type IDENTIFIER ASSIGN expr
    (23) assign_expr -> . IDENTIFIER ASSIGN expr
    (121) type -> . T_INT
    (122) type -> . T_FLOAT
    (123) type -> . T_STRING
    (124) type -> . T_COMPLEX
    (125) type -> . LPAREN type_arg RPAREN ARROW type
    (126) type -> . type ARROW type
    (127) type -> . OPEN_BRACKETS CLOSED_BRACKETS type

    IDENTIFIER      shift and go to state 6
    NOT             shift and go to state 9
    PLUS            shift and go to state 4
    MINUS           shift and go to state 8
    BEGIN           shift and go to state 12
    LET             shift and go to state 13
    OPEN_BRACKETS   shift and go to state 3
    STRUCT          shift and go to state 14
    FLOAT           shift and go to state 15
    IF              shift and go to state 16
    IMPORT          shift and go to state 17
    CLOSED_BRACKETS shift and go to state 5
    LAMBDA          shift and go to state 18
    NULL            shift and go to state 20
    LPAREN          shift and go to state 7
    LOOP            shift and go to state 21
    MATCH           shift and go to state 22
    NUMBER          shift and go to state 23
    STRING          shift and go to state 24
    T_UNDEF         shift and go to state 25
    WHILE           shift and go to state 26
    T_INT           shift and go to state 27
    T_FLOAT         shift and go to state 28
    T_STRING        shift and go to state 29
    T_COMPLEX       shift and go to state 30

    expr                           shift and go to state 165
    comp                           shift and go to state 10
    assign_expr                    shift and go to state 11
    type                           shift and go to state 19

state 76

    (21) expr -> IDENTIFIER GREATER_EQUALS_ASSIGN . expr
    (1) expr -> . expr ARROW expr
    (2) expr -> . expr OPEN_BRACKETS PLUS CLOSED_BRACKETS
    (3) expr -> . expr OPEN_BRACKETS expr CLOSED_BRACKETS
    (4) expr -> . IDENTIFIER PLUS_ASSIGN expr
    (5) expr -> . IDENTIFIER MINUS_ASSIGN expr
    (6) expr -> . IDENTIFIER SMALLER_EQUALS_ASSIGN expr
    (7) expr -> . IDENTIFIER GREATER_THAN_ASSIGN expr
    (8) expr -> . IDENTIFIER SMALLER_THAN_ASSIGN expr
    (9) expr -> . IDENTIFIER AND_ASSIGN expr
    (10) expr -> . IDENTIFIER OR_ASSIGN expr
    (11) expr -> . IDENTIFIER XOR_ASSIGN expr
    (12) expr -> . IDENTIFIER MOD_ASSIGN expr
    (13) expr -> . IDENTIFIER EXP_ASSIGN expr
    (14) expr -> . IDENTIFIER POWER_ASSIGN expr
    (15) expr -> . IDENTIFIER TIMES_ASSIGN expr
    (16) expr -> . IDENTIFIER DIVIDE_CEIL_ASSIGN expr
    (17) expr -> . IDENTIFIER DIVIDE_FLOOR_ASSIGN expr
    (18) expr -> . IDENTIFIER DIVIDE_ASSIGN expr
    (19) expr -> . IDENTIFIER EQUALS_ASSIGN expr
    (20) expr -> . IDENTIFIER UNEQUALS_ASSIGN expr
    (21) expr -> . IDENTIFIER GREATER_EQUALS_ASSIGN expr
    (26) expr -> . expr LPAREN para_expr RPAREN
    (41) expr -> . expr CONS expr
    (46) expr -> . expr PLUS expr
    (47) expr -> . expr MINUS expr
    (48) expr -> . expr EXP expr
    (49) expr -> . expr MOD expr
    (50) expr -> . NOT expr
    (51) expr -> . PLUS expr
    (52) expr -> . MINUS expr
    (53) expr -> . expr IMAG
    (54) expr -> . comp
    (55) expr -> . assign_expr
    (56) expr -> . BEGIN sequence END
    (57) expr -> . BEGIN END
    (58) expr -> . expr POWER expr
    (59) expr -> . LET letrec_assign IN expr DOT
    (60) expr -> . OPEN_BRACKETS param_list CLOSED_BRACKETS
    (61) expr -> . OPEN_BRACKETS expr CLOSED_BRACKETS
    (62) expr -> . OPEN_BRACKETS CLOSED_BRACKETS
    (63) expr -> . STRUCT BEGIN assign_list END
    (64) expr -> . STRUCT BEGIN END
    (65) expr -> . expr TIMES expr
    (66) expr -> . expr DIVIDE_CEIL expr
    (67) expr -> . expr DIVIDE_FLOOR expr
    (68) expr -> . expr DIVIDE expr
    (69) expr -> . expr AND expr
    (70) expr -> . expr XOR expr
    (71) expr -> . expr OR expr
    (73) expr -> . FLOAT
    (74) expr -> . IF expr THEN COMMA expr DOT
    (75) expr -> . IF expr THEN COMMA expr else_elif_body DOT
    (76) expr -> . IMPORT file
    (77) expr -> . OPEN_BRACKETS expr DOT DOT expr CLOSED_BRACKETS
    (78) expr -> . CLOSED_BRACKETS expr DOT DOT expr CLOSED_BRACKETS
    (79) expr -> . OPEN_BRACKETS expr DOT DOT expr OPEN_BRACKETS
    (80) expr -> . CLOSED_BRACKETS expr DOT DOT expr OPEN_BRACKETS
    (81) expr -> . LAMBDA para ARROW type COLON expr
    (82) expr -> . NULL
    (85) expr -> . LPAREN param_list RPAREN
    (86) expr -> . LOOP IDENTIFIER IN expr LOOPTHEN expr DOT
    (87) expr -> . MATCH expr WITH cases DOT
    (88) expr -> . NUMBER
    (115) expr -> . LPAREN expr RPAREN
    (120) expr -> . STRING
    (130) expr -> . T_UNDEF expr
    (131) expr -> . IDENTIFIER
    (132) expr -> . WHILE expr THEN COMMA expr DOT
    (29) comp -> . expr EQUALS expr
    (30) comp -> . comp EQUALS expr
    (31) comp -> . expr GREATER_EQUALS expr
    (32) comp -> . comp GREATER_EQUALS expr
    (33) comp -> . expr UNEQUALS expr
    (34) comp -> . comp UNEQUALS expr
    (35) comp -> . expr GREATER_THAN expr
    (36) comp -> . comp GREATER_THAN expr
    (37) comp -> . expr SMALLER_THAN expr
    (38) comp -> . comp SMALLER_THAN expr
    (39) comp -> . expr SMALLER_EQUALS expr
    (40) comp -> . comp SMALLER_EQUALS expr
    (22) assign_expr -> . type IDENTIFIER ASSIGN expr
    (23) assign_expr -> . IDENTIFIER ASSIGN expr
    (121) type -> . T_INT
    (122) type -> . T_FLOAT
    (123) type -> . T_STRING
    (124) type -> . T_COMPLEX
    (125) type -> . LPAREN type_arg RPAREN ARROW type
    (126) type -> . type ARROW type
    (127) type -> . OPEN_BRACKETS CLOSED_BRACKETS type

    IDENTIFIER      shift and go to state 6
    NOT             shift and go to state 9
    PLUS            shift and go to state 4
    MINUS           shift and go to state 8
    BEGIN           shift and go to state 12
    LET             shift and go to state 13
    OPEN_BRACKETS   shift and go to state 3
    STRUCT          shift and go to state 14
    FLOAT           shift and go to state 15
    IF              shift and go to state 16
    IMPORT          shift and go to state 17
    CLOSED_BRACKETS shift and go to state 5
    LAMBDA          shift and go to state 18
    NULL            shift and go to state 20
    LPAREN          shift and go to state 7
    LOOP            shift and go to state 21
    MATCH           shift and go to state 22
    NUMBER          shift and go to state 23
    STRING          shift and go to state 24
    T_UNDEF         shift and go to state 25
    WHILE           shift and go to state 26
    T_INT           shift and go to state 27
    T_FLOAT         shift and go to state 28
    T_STRING        shift and go to state 29
    T_COMPLEX       shift and go to state 30

    expr                           shift and go to state 166
    comp                           shift and go to state 10
    assign_expr                    shift and go to state 11
    type                           shift and go to state 19

state 77

    (23) assign_expr -> IDENTIFIER ASSIGN . expr
    (1) expr -> . expr ARROW expr
    (2) expr -> . expr OPEN_BRACKETS PLUS CLOSED_BRACKETS
    (3) expr -> . expr OPEN_BRACKETS expr CLOSED_BRACKETS
    (4) expr -> . IDENTIFIER PLUS_ASSIGN expr
    (5) expr -> . IDENTIFIER MINUS_ASSIGN expr
    (6) expr -> . IDENTIFIER SMALLER_EQUALS_ASSIGN expr
    (7) expr -> . IDENTIFIER GREATER_THAN_ASSIGN expr
    (8) expr -> . IDENTIFIER SMALLER_THAN_ASSIGN expr
    (9) expr -> . IDENTIFIER AND_ASSIGN expr
    (10) expr -> . IDENTIFIER OR_ASSIGN expr
    (11) expr -> . IDENTIFIER XOR_ASSIGN expr
    (12) expr -> . IDENTIFIER MOD_ASSIGN expr
    (13) expr -> . IDENTIFIER EXP_ASSIGN expr
    (14) expr -> . IDENTIFIER POWER_ASSIGN expr
    (15) expr -> . IDENTIFIER TIMES_ASSIGN expr
    (16) expr -> . IDENTIFIER DIVIDE_CEIL_ASSIGN expr
    (17) expr -> . IDENTIFIER DIVIDE_FLOOR_ASSIGN expr
    (18) expr -> . IDENTIFIER DIVIDE_ASSIGN expr
    (19) expr -> . IDENTIFIER EQUALS_ASSIGN expr
    (20) expr -> . IDENTIFIER UNEQUALS_ASSIGN expr
    (21) expr -> . IDENTIFIER GREATER_EQUALS_ASSIGN expr
    (26) expr -> . expr LPAREN para_expr RPAREN
    (41) expr -> . expr CONS expr
    (46) expr -> . expr PLUS expr
    (47) expr -> . expr MINUS expr
    (48) expr -> . expr EXP expr
    (49) expr -> . expr MOD expr
    (50) expr -> . NOT expr
    (51) expr -> . PLUS expr
    (52) expr -> . MINUS expr
    (53) expr -> . expr IMAG
    (54) expr -> . comp
    (55) expr -> . assign_expr
    (56) expr -> . BEGIN sequence END
    (57) expr -> . BEGIN END
    (58) expr -> . expr POWER expr
    (59) expr -> . LET letrec_assign IN expr DOT
    (60) expr -> . OPEN_BRACKETS param_list CLOSED_BRACKETS
    (61) expr -> . OPEN_BRACKETS expr CLOSED_BRACKETS
    (62) expr -> . OPEN_BRACKETS CLOSED_BRACKETS
    (63) expr -> . STRUCT BEGIN assign_list END
    (64) expr -> . STRUCT BEGIN END
    (65) expr -> . expr TIMES expr
    (66) expr -> . expr DIVIDE_CEIL expr
    (67) expr -> . expr DIVIDE_FLOOR expr
    (68) expr -> . expr DIVIDE expr
    (69) expr -> . expr AND expr
    (70) expr -> . expr XOR expr
    (71) expr -> . expr OR expr
    (73) expr -> . FLOAT
    (74) expr -> . IF expr THEN COMMA expr DOT
    (75) expr -> . IF expr THEN COMMA expr else_elif_body DOT
    (76) expr -> . IMPORT file
    (77) expr -> . OPEN_BRACKETS expr DOT DOT expr CLOSED_BRACKETS
    (78) expr -> . CLOSED_BRACKETS expr DOT DOT expr CLOSED_BRACKETS
    (79) expr -> . OPEN_BRACKETS expr DOT DOT expr OPEN_BRACKETS
    (80) expr -> . CLOSED_BRACKETS expr DOT DOT expr OPEN_BRACKETS
    (81) expr -> . LAMBDA para ARROW type COLON expr
    (82) expr -> . NULL
    (85) expr -> . LPAREN param_list RPAREN
    (86) expr -> . LOOP IDENTIFIER IN expr LOOPTHEN expr DOT
    (87) expr -> . MATCH expr WITH cases DOT
    (88) expr -> . NUMBER
    (115) expr -> . LPAREN expr RPAREN
    (120) expr -> . STRING
    (130) expr -> . T_UNDEF expr
    (131) expr -> . IDENTIFIER
    (132) expr -> . WHILE expr THEN COMMA expr DOT
    (29) comp -> . expr EQUALS expr
    (30) comp -> . comp EQUALS expr
    (31) comp -> . expr GREATER_EQUALS expr
    (32) comp -> . comp GREATER_EQUALS expr
    (33) comp -> . expr UNEQUALS expr
    (34) comp -> . comp UNEQUALS expr
    (35) comp -> . expr GREATER_THAN expr
    (36) comp -> . comp GREATER_THAN expr
    (37) comp -> . expr SMALLER_THAN expr
    (38) comp -> . comp SMALLER_THAN expr
    (39) comp -> . expr SMALLER_EQUALS expr
    (40) comp -> . comp SMALLER_EQUALS expr
    (22) assign_expr -> . type IDENTIFIER ASSIGN expr
    (23) assign_expr -> . IDENTIFIER ASSIGN expr
    (121) type -> . T_INT
    (122) type -> . T_FLOAT
    (123) type -> . T_STRING
    (124) type -> . T_COMPLEX
    (125) type -> . LPAREN type_arg RPAREN ARROW type
    (126) type -> . type ARROW type
    (127) type -> . OPEN_BRACKETS CLOSED_BRACKETS type

    IDENTIFIER      shift and go to state 6
    NOT             shift and go to state 9
    PLUS            shift and go to state 4
    MINUS           shift and go to state 8
    BEGIN           shift and go to state 12
    LET             shift and go to state 13
    OPEN_BRACKETS   shift and go to state 3
    STRUCT          shift and go to state 14
    FLOAT           shift and go to state 15
    IF              shift and go to state 16
    IMPORT          shift and go to state 17
    CLOSED_BRACKETS shift and go to state 5
    LAMBDA          shift and go to state 18
    NULL            shift and go to state 20
    LPAREN          shift and go to state 7
    LOOP            shift and go to state 21
    MATCH           shift and go to state 22
    NUMBER          shift and go to state 23
    STRING          shift and go to state 24
    T_UNDEF         shift and go to state 25
    WHILE           shift and go to state 26
    T_INT           shift and go to state 27
    T_FLOAT         shift and go to state 28
    T_STRING        shift and go to state 29
    T_COMPLEX       shift and go to state 30

    expr                           shift and go to state 167
    comp                           shift and go to state 10
    assign_expr                    shift and go to state 11
    type                           shift and go to state 19

state 78

    (85) expr -> LPAREN param_list . RPAREN
    (104) param_list -> param_list . COMMA expr

    RPAREN          shift and go to state 168
    COMMA           shift and go to state 141


state 79

    (115) expr -> LPAREN expr . RPAREN
    (105) param_list -> expr . COMMA expr
    (1) expr -> expr . ARROW expr
    (2) expr -> expr . OPEN_BRACKETS PLUS CLOSED_BRACKETS
    (3) expr -> expr . OPEN_BRACKETS expr CLOSED_BRACKETS
    (26) expr -> expr . LPAREN para_expr RPAREN
    (41) expr -> expr . CONS expr
    (46) expr -> expr . PLUS expr
    (47) expr -> expr . MINUS expr
    (48) expr -> expr . EXP expr
    (49) expr -> expr . MOD expr
    (53) expr -> expr . IMAG
    (58) expr -> expr . POWER expr
    (65) expr -> expr . TIMES expr
    (66) expr -> expr . DIVIDE_CEIL expr
    (67) expr -> expr . DIVIDE_FLOOR expr
    (68) expr -> expr . DIVIDE expr
    (69) expr -> expr . AND expr
    (70) expr -> expr . XOR expr
    (71) expr -> expr . OR expr
    (29) comp -> expr . EQUALS expr
    (31) comp -> expr . GREATER_EQUALS expr
    (33) comp -> expr . UNEQUALS expr
    (35) comp -> expr . GREATER_THAN expr
    (37) comp -> expr . SMALLER_THAN expr
    (39) comp -> expr . SMALLER_EQUALS expr

    RPAREN          shift and go to state 169
    COMMA           shift and go to state 147
    ARROW           shift and go to state 31
    OPEN_BRACKETS   shift and go to state 32
    LPAREN          shift and go to state 34
    CONS            shift and go to state 35
    PLUS            shift and go to state 33
    MINUS           shift and go to state 36
    EXP             shift and go to state 37
    MOD             shift and go to state 38
    IMAG            shift and go to state 39
    POWER           shift and go to state 40
    TIMES           shift and go to state 41
    DIVIDE_CEIL     shift and go to state 42
    DIVIDE_FLOOR    shift and go to state 43
    DIVIDE          shift and go to state 44
    AND             shift and go to state 45
    XOR             shift and go to state 46
    OR              shift and go to state 47
    EQUALS          shift and go to state 48
    GREATER_EQUALS  shift and go to state 49
    UNEQUALS        shift and go to state 50
    GREATER_THAN    shift and go to state 51
    SMALLER_THAN    shift and go to state 52
    SMALLER_EQUALS  shift and go to state 53


state 80

    (125) type -> LPAREN type_arg . RPAREN ARROW type

    RPAREN          shift and go to state 170


state 81

    (128) type_arg -> type . COMMA type_arg
    (129) type_arg -> type .
    (22) assign_expr -> type . IDENTIFIER ASSIGN expr
    (126) type -> type . ARROW type

    COMMA           shift and go to state 171
    RPAREN          reduce using rule 129 (type_arg -> type .)
    IDENTIFIER      shift and go to state 107
    ARROW           shift and go to state 108


state 82

    (52) expr -> MINUS expr .
    (1) expr -> expr . ARROW expr
    (2) expr -> expr . OPEN_BRACKETS PLUS CLOSED_BRACKETS
    (3) expr -> expr . OPEN_BRACKETS expr CLOSED_BRACKETS
    (26) expr -> expr . LPAREN para_expr RPAREN
    (41) expr -> expr . CONS expr
    (46) expr -> expr . PLUS expr
    (47) expr -> expr . MINUS expr
    (48) expr -> expr . EXP expr
    (49) expr -> expr . MOD expr
    (53) expr -> expr . IMAG
    (58) expr -> expr . POWER expr
    (65) expr -> expr . TIMES expr
    (66) expr -> expr . DIVIDE_CEIL expr
    (67) expr -> expr . DIVIDE_FLOOR expr
    (68) expr -> expr . DIVIDE expr
    (69) expr -> expr . AND expr
    (70) expr -> expr . XOR expr
    (71) expr -> expr . OR expr
    (29) comp -> expr . EQUALS expr
    (31) comp -> expr . GREATER_EQUALS expr
    (33) comp -> expr . UNEQUALS expr
    (35) comp -> expr . GREATER_THAN expr
    (37) comp -> expr . SMALLER_THAN expr
    (39) comp -> expr . SMALLER_EQUALS expr

    PLUS            reduce using rule 52 (expr -> MINUS expr .)
    MINUS           reduce using rule 52 (expr -> MINUS expr .)
    EXP             reduce using rule 52 (expr -> MINUS expr .)
    MOD             reduce using rule 52 (expr -> MINUS expr .)
    IMAG            reduce using rule 52 (expr -> MINUS expr .)
    POWER           reduce using rule 52 (expr -> MINUS expr .)
    TIMES           reduce using rule 52 (expr -> MINUS expr .)
    DIVIDE_CEIL     reduce using rule 52 (expr -> MINUS expr .)
    DIVIDE_FLOOR    reduce using rule 52 (expr -> MINUS expr .)
    DIVIDE          reduce using rule 52 (expr -> MINUS expr .)
    AND             reduce using rule 52 (expr -> MINUS expr .)
    XOR             reduce using rule 52 (expr -> MINUS expr .)
    OR              reduce using rule 52 (expr -> MINUS expr .)
    EQUALS          reduce using rule 52 (expr -> MINUS expr .)
    GREATER_EQUALS  reduce using rule 52 (expr -> MINUS expr .)
    UNEQUALS        reduce using rule 52 (expr -> MINUS expr .)
    GREATER_THAN    reduce using rule 52 (expr -> MINUS expr .)
    SMALLER_THAN    reduce using rule 52 (expr -> MINUS expr .)
    SMALLER_EQUALS  reduce using rule 52 (expr -> MINUS expr .)
    $end            reduce using rule 52 (expr -> MINUS expr .)
    CLOSED_BRACKETS reduce using rule 52 (expr -> MINUS expr .)
    DOT             reduce using rule 52 (expr -> MINUS expr .)
    COMMA           reduce using rule 52 (expr -> MINUS expr .)
    RPAREN          reduce using rule 52 (expr -> MINUS expr .)
    SEMICOLON       reduce using rule 52 (expr -> MINUS expr .)
    END             reduce using rule 52 (expr -> MINUS expr .)
    THEN            reduce using rule 52 (expr -> MINUS expr .)
    WITH            reduce using rule 52 (expr -> MINUS expr .)
    COLON           reduce using rule 52 (expr -> MINUS expr .)
    IN              reduce using rule 52 (expr -> MINUS expr .)
    LOOPTHEN        reduce using rule 52 (expr -> MINUS expr .)
    ELSE            reduce using rule 52 (expr -> MINUS expr .)
    ARROW           shift and go to state 31
    OPEN_BRACKETS   shift and go to state 32
    LPAREN          shift and go to state 34
    CONS            shift and go to state 35

  ! ARROW           [ reduce using rule 52 (expr -> MINUS expr .) ]
  ! OPEN_BRACKETS   [ reduce using rule 52 (expr -> MINUS expr .) ]
  ! LPAREN          [ reduce using rule 52 (expr -> MINUS expr .) ]
  ! CONS            [ reduce using rule 52 (expr -> MINUS expr .) ]
  ! PLUS            [ shift and go to state 33 ]
  ! MINUS           [ shift and go to state 36 ]
  ! EXP             [ shift and go to state 37 ]
  ! MOD             [ shift and go to state 38 ]
  ! IMAG            [ shift and go to state 39 ]
  ! POWER           [ shift and go to state 40 ]
  ! TIMES           [ shift and go to state 41 ]
  ! DIVIDE_CEIL     [ shift and go to state 42 ]
  ! DIVIDE_FLOOR    [ shift and go to state 43 ]
  ! DIVIDE          [ shift and go to state 44 ]
  ! AND             [ shift and go to state 45 ]
  ! XOR             [ shift and go to state 46 ]
  ! OR              [ shift and go to state 47 ]
  ! EQUALS          [ shift and go to state 48 ]
  ! GREATER_EQUALS  [ shift and go to state 49 ]
  ! UNEQUALS        [ shift and go to state 50 ]
  ! GREATER_THAN    [ shift and go to state 51 ]
  ! SMALLER_THAN    [ shift and go to state 52 ]
  ! SMALLER_EQUALS  [ shift and go to state 53 ]


state 83

    (50) expr -> NOT expr .
    (1) expr -> expr . ARROW expr
    (2) expr -> expr . OPEN_BRACKETS PLUS CLOSED_BRACKETS
    (3) expr -> expr . OPEN_BRACKETS expr CLOSED_BRACKETS
    (26) expr -> expr . LPAREN para_expr RPAREN
    (41) expr -> expr . CONS expr
    (46) expr -> expr . PLUS expr
    (47) expr -> expr . MINUS expr
    (48) expr -> expr . EXP expr
    (49) expr -> expr . MOD expr
    (53) expr -> expr . IMAG
    (58) expr -> expr . POWER expr
    (65) expr -> expr . TIMES expr
    (66) expr -> expr . DIVIDE_CEIL expr
    (67) expr -> expr . DIVIDE_FLOOR expr
    (68) expr -> expr . DIVIDE expr
    (69) expr -> expr . AND expr
    (70) expr -> expr . XOR expr
    (71) expr -> expr . OR expr
    (29) comp -> expr . EQUALS expr
    (31) comp -> expr . GREATER_EQUALS expr
    (33) comp -> expr . UNEQUALS expr
    (35) comp -> expr . GREATER_THAN expr
    (37) comp -> expr . SMALLER_THAN expr
    (39) comp -> expr . SMALLER_EQUALS expr

    PLUS            reduce using rule 50 (expr -> NOT expr .)
    MINUS           reduce using rule 50 (expr -> NOT expr .)
    EXP             reduce using rule 50 (expr -> NOT expr .)
    MOD             reduce using rule 50 (expr -> NOT expr .)
    IMAG            reduce using rule 50 (expr -> NOT expr .)
    POWER           reduce using rule 50 (expr -> NOT expr .)
    TIMES           reduce using rule 50 (expr -> NOT expr .)
    DIVIDE_CEIL     reduce using rule 50 (expr -> NOT expr .)
    DIVIDE_FLOOR    reduce using rule 50 (expr -> NOT expr .)
    DIVIDE          reduce using rule 50 (expr -> NOT expr .)
    AND             reduce using rule 50 (expr -> NOT expr .)
    XOR             reduce using rule 50 (expr -> NOT expr .)
    OR              reduce using rule 50 (expr -> NOT expr .)
    EQUALS          reduce using rule 50 (expr -> NOT expr .)
    GREATER_EQUALS  reduce using rule 50 (expr -> NOT expr .)
    UNEQUALS        reduce using rule 50 (expr -> NOT expr .)
    GREATER_THAN    reduce using rule 50 (expr -> NOT expr .)
    SMALLER_THAN    reduce using rule 50 (expr -> NOT expr .)
    SMALLER_EQUALS  reduce using rule 50 (expr -> NOT expr .)
    $end            reduce using rule 50 (expr -> NOT expr .)
    CLOSED_BRACKETS reduce using rule 50 (expr -> NOT expr .)
    DOT             reduce using rule 50 (expr -> NOT expr .)
    COMMA           reduce using rule 50 (expr -> NOT expr .)
    RPAREN          reduce using rule 50 (expr -> NOT expr .)
    SEMICOLON       reduce using rule 50 (expr -> NOT expr .)
    END             reduce using rule 50 (expr -> NOT expr .)
    THEN            reduce using rule 50 (expr -> NOT expr .)
    WITH            reduce using rule 50 (expr -> NOT expr .)
    COLON           reduce using rule 50 (expr -> NOT expr .)
    IN              reduce using rule 50 (expr -> NOT expr .)
    LOOPTHEN        reduce using rule 50 (expr -> NOT expr .)
    ELSE            reduce using rule 50 (expr -> NOT expr .)
    ARROW           shift and go to state 31
    OPEN_BRACKETS   shift and go to state 32
    LPAREN          shift and go to state 34
    CONS            shift and go to state 35

  ! ARROW           [ reduce using rule 50 (expr -> NOT expr .) ]
  ! OPEN_BRACKETS   [ reduce using rule 50 (expr -> NOT expr .) ]
  ! LPAREN          [ reduce using rule 50 (expr -> NOT expr .) ]
  ! CONS            [ reduce using rule 50 (expr -> NOT expr .) ]
  ! PLUS            [ shift and go to state 33 ]
  ! MINUS           [ shift and go to state 36 ]
  ! EXP             [ shift and go to state 37 ]
  ! MOD             [ shift and go to state 38 ]
  ! IMAG            [ shift and go to state 39 ]
  ! POWER           [ shift and go to state 40 ]
  ! TIMES           [ shift and go to state 41 ]
  ! DIVIDE_CEIL     [ shift and go to state 42 ]
  ! DIVIDE_FLOOR    [ shift and go to state 43 ]
  ! DIVIDE          [ shift and go to state 44 ]
  ! AND             [ shift and go to state 45 ]
  ! XOR             [ shift and go to state 46 ]
  ! OR              [ shift and go to state 47 ]
  ! EQUALS          [ shift and go to state 48 ]
  ! GREATER_EQUALS  [ shift and go to state 49 ]
  ! UNEQUALS        [ shift and go to state 50 ]
  ! GREATER_THAN    [ shift and go to state 51 ]
  ! SMALLER_THAN    [ shift and go to state 52 ]
  ! SMALLER_EQUALS  [ shift and go to state 53 ]


state 84

    (30) comp -> comp EQUALS . expr
    (1) expr -> . expr ARROW expr
    (2) expr -> . expr OPEN_BRACKETS PLUS CLOSED_BRACKETS
    (3) expr -> . expr OPEN_BRACKETS expr CLOSED_BRACKETS
    (4) expr -> . IDENTIFIER PLUS_ASSIGN expr
    (5) expr -> . IDENTIFIER MINUS_ASSIGN expr
    (6) expr -> . IDENTIFIER SMALLER_EQUALS_ASSIGN expr
    (7) expr -> . IDENTIFIER GREATER_THAN_ASSIGN expr
    (8) expr -> . IDENTIFIER SMALLER_THAN_ASSIGN expr
    (9) expr -> . IDENTIFIER AND_ASSIGN expr
    (10) expr -> . IDENTIFIER OR_ASSIGN expr
    (11) expr -> . IDENTIFIER XOR_ASSIGN expr
    (12) expr -> . IDENTIFIER MOD_ASSIGN expr
    (13) expr -> . IDENTIFIER EXP_ASSIGN expr
    (14) expr -> . IDENTIFIER POWER_ASSIGN expr
    (15) expr -> . IDENTIFIER TIMES_ASSIGN expr
    (16) expr -> . IDENTIFIER DIVIDE_CEIL_ASSIGN expr
    (17) expr -> . IDENTIFIER DIVIDE_FLOOR_ASSIGN expr
    (18) expr -> . IDENTIFIER DIVIDE_ASSIGN expr
    (19) expr -> . IDENTIFIER EQUALS_ASSIGN expr
    (20) expr -> . IDENTIFIER UNEQUALS_ASSIGN expr
    (21) expr -> . IDENTIFIER GREATER_EQUALS_ASSIGN expr
    (26) expr -> . expr LPAREN para_expr RPAREN
    (41) expr -> . expr CONS expr
    (46) expr -> . expr PLUS expr
    (47) expr -> . expr MINUS expr
    (48) expr -> . expr EXP expr
    (49) expr -> . expr MOD expr
    (50) expr -> . NOT expr
    (51) expr -> . PLUS expr
    (52) expr -> . MINUS expr
    (53) expr -> . expr IMAG
    (54) expr -> . comp
    (55) expr -> . assign_expr
    (56) expr -> . BEGIN sequence END
    (57) expr -> . BEGIN END
    (58) expr -> . expr POWER expr
    (59) expr -> . LET letrec_assign IN expr DOT
    (60) expr -> . OPEN_BRACKETS param_list CLOSED_BRACKETS
    (61) expr -> . OPEN_BRACKETS expr CLOSED_BRACKETS
    (62) expr -> . OPEN_BRACKETS CLOSED_BRACKETS
    (63) expr -> . STRUCT BEGIN assign_list END
    (64) expr -> . STRUCT BEGIN END
    (65) expr -> . expr TIMES expr
    (66) expr -> . expr DIVIDE_CEIL expr
    (67) expr -> . expr DIVIDE_FLOOR expr
    (68) expr -> . expr DIVIDE expr
    (69) expr -> . expr AND expr
    (70) expr -> . expr XOR expr
    (71) expr -> . expr OR expr
    (73) expr -> . FLOAT
    (74) expr -> . IF expr THEN COMMA expr DOT
    (75) expr -> . IF expr THEN COMMA expr else_elif_body DOT
    (76) expr -> . IMPORT file
    (77) expr -> . OPEN_BRACKETS expr DOT DOT expr CLOSED_BRACKETS
    (78) expr -> . CLOSED_BRACKETS expr DOT DOT expr CLOSED_BRACKETS
    (79) expr -> . OPEN_BRACKETS expr DOT DOT expr OPEN_BRACKETS
    (80) expr -> . CLOSED_BRACKETS expr DOT DOT expr OPEN_BRACKETS
    (81) expr -> . LAMBDA para ARROW type COLON expr
    (82) expr -> . NULL
    (85) expr -> . LPAREN param_list RPAREN
    (86) expr -> . LOOP IDENTIFIER IN expr LOOPTHEN expr DOT
    (87) expr -> . MATCH expr WITH cases DOT
    (88) expr -> . NUMBER
    (115) expr -> . LPAREN expr RPAREN
    (120) expr -> . STRING
    (130) expr -> . T_UNDEF expr
    (131) expr -> . IDENTIFIER
    (132) expr -> . WHILE expr THEN COMMA expr DOT
    (29) comp -> . expr EQUALS expr
    (30) comp -> . comp EQUALS expr
    (31) comp -> . expr GREATER_EQUALS expr
    (32) comp -> . comp GREATER_EQUALS expr
    (33) comp -> . expr UNEQUALS expr
    (34) comp -> . comp UNEQUALS expr
    (35) comp -> . expr GREATER_THAN expr
    (36) comp -> . comp GREATER_THAN expr
    (37) comp -> . expr SMALLER_THAN expr
    (38) comp -> . comp SMALLER_THAN expr
    (39) comp -> . expr SMALLER_EQUALS expr
    (40) comp -> . comp SMALLER_EQUALS expr
    (22) assign_expr -> . type IDENTIFIER ASSIGN expr
    (23) assign_expr -> . IDENTIFIER ASSIGN expr
    (121) type -> . T_INT
    (122) type -> . T_FLOAT
    (123) type -> . T_STRING
    (124) type -> . T_COMPLEX
    (125) type -> . LPAREN type_arg RPAREN ARROW type
    (126) type -> . type ARROW type
    (127) type -> . OPEN_BRACKETS CLOSED_BRACKETS type

    IDENTIFIER      shift and go to state 6
    NOT             shift and go to state 9
    PLUS            shift and go to state 4
    MINUS           shift and go to state 8
    BEGIN           shift and go to state 12
    LET             shift and go to state 13
    OPEN_BRACKETS   shift and go to state 3
    STRUCT          shift and go to state 14
    FLOAT           shift and go to state 15
    IF              shift and go to state 16
    IMPORT          shift and go to state 17
    CLOSED_BRACKETS shift and go to state 5
    LAMBDA          shift and go to state 18
    NULL            shift and go to state 20
    LPAREN          shift and go to state 7
    LOOP            shift and go to state 21
    MATCH           shift and go to state 22
    NUMBER          shift and go to state 23
    STRING          shift and go to state 24
    T_UNDEF         shift and go to state 25
    WHILE           shift and go to state 26
    T_INT           shift and go to state 27
    T_FLOAT         shift and go to state 28
    T_STRING        shift and go to state 29
    T_COMPLEX       shift and go to state 30

    comp                           shift and go to state 10
    expr                           shift and go to state 172
    assign_expr                    shift and go to state 11
    type                           shift and go to state 19

state 85

    (32) comp -> comp GREATER_EQUALS . expr
    (1) expr -> . expr ARROW expr
    (2) expr -> . expr OPEN_BRACKETS PLUS CLOSED_BRACKETS
    (3) expr -> . expr OPEN_BRACKETS expr CLOSED_BRACKETS
    (4) expr -> . IDENTIFIER PLUS_ASSIGN expr
    (5) expr -> . IDENTIFIER MINUS_ASSIGN expr
    (6) expr -> . IDENTIFIER SMALLER_EQUALS_ASSIGN expr
    (7) expr -> . IDENTIFIER GREATER_THAN_ASSIGN expr
    (8) expr -> . IDENTIFIER SMALLER_THAN_ASSIGN expr
    (9) expr -> . IDENTIFIER AND_ASSIGN expr
    (10) expr -> . IDENTIFIER OR_ASSIGN expr
    (11) expr -> . IDENTIFIER XOR_ASSIGN expr
    (12) expr -> . IDENTIFIER MOD_ASSIGN expr
    (13) expr -> . IDENTIFIER EXP_ASSIGN expr
    (14) expr -> . IDENTIFIER POWER_ASSIGN expr
    (15) expr -> . IDENTIFIER TIMES_ASSIGN expr
    (16) expr -> . IDENTIFIER DIVIDE_CEIL_ASSIGN expr
    (17) expr -> . IDENTIFIER DIVIDE_FLOOR_ASSIGN expr
    (18) expr -> . IDENTIFIER DIVIDE_ASSIGN expr
    (19) expr -> . IDENTIFIER EQUALS_ASSIGN expr
    (20) expr -> . IDENTIFIER UNEQUALS_ASSIGN expr
    (21) expr -> . IDENTIFIER GREATER_EQUALS_ASSIGN expr
    (26) expr -> . expr LPAREN para_expr RPAREN
    (41) expr -> . expr CONS expr
    (46) expr -> . expr PLUS expr
    (47) expr -> . expr MINUS expr
    (48) expr -> . expr EXP expr
    (49) expr -> . expr MOD expr
    (50) expr -> . NOT expr
    (51) expr -> . PLUS expr
    (52) expr -> . MINUS expr
    (53) expr -> . expr IMAG
    (54) expr -> . comp
    (55) expr -> . assign_expr
    (56) expr -> . BEGIN sequence END
    (57) expr -> . BEGIN END
    (58) expr -> . expr POWER expr
    (59) expr -> . LET letrec_assign IN expr DOT
    (60) expr -> . OPEN_BRACKETS param_list CLOSED_BRACKETS
    (61) expr -> . OPEN_BRACKETS expr CLOSED_BRACKETS
    (62) expr -> . OPEN_BRACKETS CLOSED_BRACKETS
    (63) expr -> . STRUCT BEGIN assign_list END
    (64) expr -> . STRUCT BEGIN END
    (65) expr -> . expr TIMES expr
    (66) expr -> . expr DIVIDE_CEIL expr
    (67) expr -> . expr DIVIDE_FLOOR expr
    (68) expr -> . expr DIVIDE expr
    (69) expr -> . expr AND expr
    (70) expr -> . expr XOR expr
    (71) expr -> . expr OR expr
    (73) expr -> . FLOAT
    (74) expr -> . IF expr THEN COMMA expr DOT
    (75) expr -> . IF expr THEN COMMA expr else_elif_body DOT
    (76) expr -> . IMPORT file
    (77) expr -> . OPEN_BRACKETS expr DOT DOT expr CLOSED_BRACKETS
    (78) expr -> . CLOSED_BRACKETS expr DOT DOT expr CLOSED_BRACKETS
    (79) expr -> . OPEN_BRACKETS expr DOT DOT expr OPEN_BRACKETS
    (80) expr -> . CLOSED_BRACKETS expr DOT DOT expr OPEN_BRACKETS
    (81) expr -> . LAMBDA para ARROW type COLON expr
    (82) expr -> . NULL
    (85) expr -> . LPAREN param_list RPAREN
    (86) expr -> . LOOP IDENTIFIER IN expr LOOPTHEN expr DOT
    (87) expr -> . MATCH expr WITH cases DOT
    (88) expr -> . NUMBER
    (115) expr -> . LPAREN expr RPAREN
    (120) expr -> . STRING
    (130) expr -> . T_UNDEF expr
    (131) expr -> . IDENTIFIER
    (132) expr -> . WHILE expr THEN COMMA expr DOT
    (29) comp -> . expr EQUALS expr
    (30) comp -> . comp EQUALS expr
    (31) comp -> . expr GREATER_EQUALS expr
    (32) comp -> . comp GREATER_EQUALS expr
    (33) comp -> . expr UNEQUALS expr
    (34) comp -> . comp UNEQUALS expr
    (35) comp -> . expr GREATER_THAN expr
    (36) comp -> . comp GREATER_THAN expr
    (37) comp -> . expr SMALLER_THAN expr
    (38) comp -> . comp SMALLER_THAN expr
    (39) comp -> . expr SMALLER_EQUALS expr
    (40) comp -> . comp SMALLER_EQUALS expr
    (22) assign_expr -> . type IDENTIFIER ASSIGN expr
    (23) assign_expr -> . IDENTIFIER ASSIGN expr
    (121) type -> . T_INT
    (122) type -> . T_FLOAT
    (123) type -> . T_STRING
    (124) type -> . T_COMPLEX
    (125) type -> . LPAREN type_arg RPAREN ARROW type
    (126) type -> . type ARROW type
    (127) type -> . OPEN_BRACKETS CLOSED_BRACKETS type

    IDENTIFIER      shift and go to state 6
    NOT             shift and go to state 9
    PLUS            shift and go to state 4
    MINUS           shift and go to state 8
    BEGIN           shift and go to state 12
    LET             shift and go to state 13
    OPEN_BRACKETS   shift and go to state 3
    STRUCT          shift and go to state 14
    FLOAT           shift and go to state 15
    IF              shift and go to state 16
    IMPORT          shift and go to state 17
    CLOSED_BRACKETS shift and go to state 5
    LAMBDA          shift and go to state 18
    NULL            shift and go to state 20
    LPAREN          shift and go to state 7
    LOOP            shift and go to state 21
    MATCH           shift and go to state 22
    NUMBER          shift and go to state 23
    STRING          shift and go to state 24
    T_UNDEF         shift and go to state 25
    WHILE           shift and go to state 26
    T_INT           shift and go to state 27
    T_FLOAT         shift and go to state 28
    T_STRING        shift and go to state 29
    T_COMPLEX       shift and go to state 30

    comp                           shift and go to state 10
    expr                           shift and go to state 173
    assign_expr                    shift and go to state 11
    type                           shift and go to state 19

state 86

    (34) comp -> comp UNEQUALS . expr
    (1) expr -> . expr ARROW expr
    (2) expr -> . expr OPEN_BRACKETS PLUS CLOSED_BRACKETS
    (3) expr -> . expr OPEN_BRACKETS expr CLOSED_BRACKETS
    (4) expr -> . IDENTIFIER PLUS_ASSIGN expr
    (5) expr -> . IDENTIFIER MINUS_ASSIGN expr
    (6) expr -> . IDENTIFIER SMALLER_EQUALS_ASSIGN expr
    (7) expr -> . IDENTIFIER GREATER_THAN_ASSIGN expr
    (8) expr -> . IDENTIFIER SMALLER_THAN_ASSIGN expr
    (9) expr -> . IDENTIFIER AND_ASSIGN expr
    (10) expr -> . IDENTIFIER OR_ASSIGN expr
    (11) expr -> . IDENTIFIER XOR_ASSIGN expr
    (12) expr -> . IDENTIFIER MOD_ASSIGN expr
    (13) expr -> . IDENTIFIER EXP_ASSIGN expr
    (14) expr -> . IDENTIFIER POWER_ASSIGN expr
    (15) expr -> . IDENTIFIER TIMES_ASSIGN expr
    (16) expr -> . IDENTIFIER DIVIDE_CEIL_ASSIGN expr
    (17) expr -> . IDENTIFIER DIVIDE_FLOOR_ASSIGN expr
    (18) expr -> . IDENTIFIER DIVIDE_ASSIGN expr
    (19) expr -> . IDENTIFIER EQUALS_ASSIGN expr
    (20) expr -> . IDENTIFIER UNEQUALS_ASSIGN expr
    (21) expr -> . IDENTIFIER GREATER_EQUALS_ASSIGN expr
    (26) expr -> . expr LPAREN para_expr RPAREN
    (41) expr -> . expr CONS expr
    (46) expr -> . expr PLUS expr
    (47) expr -> . expr MINUS expr
    (48) expr -> . expr EXP expr
    (49) expr -> . expr MOD expr
    (50) expr -> . NOT expr
    (51) expr -> . PLUS expr
    (52) expr -> . MINUS expr
    (53) expr -> . expr IMAG
    (54) expr -> . comp
    (55) expr -> . assign_expr
    (56) expr -> . BEGIN sequence END
    (57) expr -> . BEGIN END
    (58) expr -> . expr POWER expr
    (59) expr -> . LET letrec_assign IN expr DOT
    (60) expr -> . OPEN_BRACKETS param_list CLOSED_BRACKETS
    (61) expr -> . OPEN_BRACKETS expr CLOSED_BRACKETS
    (62) expr -> . OPEN_BRACKETS CLOSED_BRACKETS
    (63) expr -> . STRUCT BEGIN assign_list END
    (64) expr -> . STRUCT BEGIN END
    (65) expr -> . expr TIMES expr
    (66) expr -> . expr DIVIDE_CEIL expr
    (67) expr -> . expr DIVIDE_FLOOR expr
    (68) expr -> . expr DIVIDE expr
    (69) expr -> . expr AND expr
    (70) expr -> . expr XOR expr
    (71) expr -> . expr OR expr
    (73) expr -> . FLOAT
    (74) expr -> . IF expr THEN COMMA expr DOT
    (75) expr -> . IF expr THEN COMMA expr else_elif_body DOT
    (76) expr -> . IMPORT file
    (77) expr -> . OPEN_BRACKETS expr DOT DOT expr CLOSED_BRACKETS
    (78) expr -> . CLOSED_BRACKETS expr DOT DOT expr CLOSED_BRACKETS
    (79) expr -> . OPEN_BRACKETS expr DOT DOT expr OPEN_BRACKETS
    (80) expr -> . CLOSED_BRACKETS expr DOT DOT expr OPEN_BRACKETS
    (81) expr -> . LAMBDA para ARROW type COLON expr
    (82) expr -> . NULL
    (85) expr -> . LPAREN param_list RPAREN
    (86) expr -> . LOOP IDENTIFIER IN expr LOOPTHEN expr DOT
    (87) expr -> . MATCH expr WITH cases DOT
    (88) expr -> . NUMBER
    (115) expr -> . LPAREN expr RPAREN
    (120) expr -> . STRING
    (130) expr -> . T_UNDEF expr
    (131) expr -> . IDENTIFIER
    (132) expr -> . WHILE expr THEN COMMA expr DOT
    (29) comp -> . expr EQUALS expr
    (30) comp -> . comp EQUALS expr
    (31) comp -> . expr GREATER_EQUALS expr
    (32) comp -> . comp GREATER_EQUALS expr
    (33) comp -> . expr UNEQUALS expr
    (34) comp -> . comp UNEQUALS expr
    (35) comp -> . expr GREATER_THAN expr
    (36) comp -> . comp GREATER_THAN expr
    (37) comp -> . expr SMALLER_THAN expr
    (38) comp -> . comp SMALLER_THAN expr
    (39) comp -> . expr SMALLER_EQUALS expr
    (40) comp -> . comp SMALLER_EQUALS expr
    (22) assign_expr -> . type IDENTIFIER ASSIGN expr
    (23) assign_expr -> . IDENTIFIER ASSIGN expr
    (121) type -> . T_INT
    (122) type -> . T_FLOAT
    (123) type -> . T_STRING
    (124) type -> . T_COMPLEX
    (125) type -> . LPAREN type_arg RPAREN ARROW type
    (126) type -> . type ARROW type
    (127) type -> . OPEN_BRACKETS CLOSED_BRACKETS type

    IDENTIFIER      shift and go to state 6
    NOT             shift and go to state 9
    PLUS            shift and go to state 4
    MINUS           shift and go to state 8
    BEGIN           shift and go to state 12
    LET             shift and go to state 13
    OPEN_BRACKETS   shift and go to state 3
    STRUCT          shift and go to state 14
    FLOAT           shift and go to state 15
    IF              shift and go to state 16
    IMPORT          shift and go to state 17
    CLOSED_BRACKETS shift and go to state 5
    LAMBDA          shift and go to state 18
    NULL            shift and go to state 20
    LPAREN          shift and go to state 7
    LOOP            shift and go to state 21
    MATCH           shift and go to state 22
    NUMBER          shift and go to state 23
    STRING          shift and go to state 24
    T_UNDEF         shift and go to state 25
    WHILE           shift and go to state 26
    T_INT           shift and go to state 27
    T_FLOAT         shift and go to state 28
    T_STRING        shift and go to state 29
    T_COMPLEX       shift and go to state 30

    comp                           shift and go to state 10
    expr                           shift and go to state 174
    assign_expr                    shift and go to state 11
    type                           shift and go to state 19

state 87

    (36) comp -> comp GREATER_THAN . expr
    (1) expr -> . expr ARROW expr
    (2) expr -> . expr OPEN_BRACKETS PLUS CLOSED_BRACKETS
    (3) expr -> . expr OPEN_BRACKETS expr CLOSED_BRACKETS
    (4) expr -> . IDENTIFIER PLUS_ASSIGN expr
    (5) expr -> . IDENTIFIER MINUS_ASSIGN expr
    (6) expr -> . IDENTIFIER SMALLER_EQUALS_ASSIGN expr
    (7) expr -> . IDENTIFIER GREATER_THAN_ASSIGN expr
    (8) expr -> . IDENTIFIER SMALLER_THAN_ASSIGN expr
    (9) expr -> . IDENTIFIER AND_ASSIGN expr
    (10) expr -> . IDENTIFIER OR_ASSIGN expr
    (11) expr -> . IDENTIFIER XOR_ASSIGN expr
    (12) expr -> . IDENTIFIER MOD_ASSIGN expr
    (13) expr -> . IDENTIFIER EXP_ASSIGN expr
    (14) expr -> . IDENTIFIER POWER_ASSIGN expr
    (15) expr -> . IDENTIFIER TIMES_ASSIGN expr
    (16) expr -> . IDENTIFIER DIVIDE_CEIL_ASSIGN expr
    (17) expr -> . IDENTIFIER DIVIDE_FLOOR_ASSIGN expr
    (18) expr -> . IDENTIFIER DIVIDE_ASSIGN expr
    (19) expr -> . IDENTIFIER EQUALS_ASSIGN expr
    (20) expr -> . IDENTIFIER UNEQUALS_ASSIGN expr
    (21) expr -> . IDENTIFIER GREATER_EQUALS_ASSIGN expr
    (26) expr -> . expr LPAREN para_expr RPAREN
    (41) expr -> . expr CONS expr
    (46) expr -> . expr PLUS expr
    (47) expr -> . expr MINUS expr
    (48) expr -> . expr EXP expr
    (49) expr -> . expr MOD expr
    (50) expr -> . NOT expr
    (51) expr -> . PLUS expr
    (52) expr -> . MINUS expr
    (53) expr -> . expr IMAG
    (54) expr -> . comp
    (55) expr -> . assign_expr
    (56) expr -> . BEGIN sequence END
    (57) expr -> . BEGIN END
    (58) expr -> . expr POWER expr
    (59) expr -> . LET letrec_assign IN expr DOT
    (60) expr -> . OPEN_BRACKETS param_list CLOSED_BRACKETS
    (61) expr -> . OPEN_BRACKETS expr CLOSED_BRACKETS
    (62) expr -> . OPEN_BRACKETS CLOSED_BRACKETS
    (63) expr -> . STRUCT BEGIN assign_list END
    (64) expr -> . STRUCT BEGIN END
    (65) expr -> . expr TIMES expr
    (66) expr -> . expr DIVIDE_CEIL expr
    (67) expr -> . expr DIVIDE_FLOOR expr
    (68) expr -> . expr DIVIDE expr
    (69) expr -> . expr AND expr
    (70) expr -> . expr XOR expr
    (71) expr -> . expr OR expr
    (73) expr -> . FLOAT
    (74) expr -> . IF expr THEN COMMA expr DOT
    (75) expr -> . IF expr THEN COMMA expr else_elif_body DOT
    (76) expr -> . IMPORT file
    (77) expr -> . OPEN_BRACKETS expr DOT DOT expr CLOSED_BRACKETS
    (78) expr -> . CLOSED_BRACKETS expr DOT DOT expr CLOSED_BRACKETS
    (79) expr -> . OPEN_BRACKETS expr DOT DOT expr OPEN_BRACKETS
    (80) expr -> . CLOSED_BRACKETS expr DOT DOT expr OPEN_BRACKETS
    (81) expr -> . LAMBDA para ARROW type COLON expr
    (82) expr -> . NULL
    (85) expr -> . LPAREN param_list RPAREN
    (86) expr -> . LOOP IDENTIFIER IN expr LOOPTHEN expr DOT
    (87) expr -> . MATCH expr WITH cases DOT
    (88) expr -> . NUMBER
    (115) expr -> . LPAREN expr RPAREN
    (120) expr -> . STRING
    (130) expr -> . T_UNDEF expr
    (131) expr -> . IDENTIFIER
    (132) expr -> . WHILE expr THEN COMMA expr DOT
    (29) comp -> . expr EQUALS expr
    (30) comp -> . comp EQUALS expr
    (31) comp -> . expr GREATER_EQUALS expr
    (32) comp -> . comp GREATER_EQUALS expr
    (33) comp -> . expr UNEQUALS expr
    (34) comp -> . comp UNEQUALS expr
    (35) comp -> . expr GREATER_THAN expr
    (36) comp -> . comp GREATER_THAN expr
    (37) comp -> . expr SMALLER_THAN expr
    (38) comp -> . comp SMALLER_THAN expr
    (39) comp -> . expr SMALLER_EQUALS expr
    (40) comp -> . comp SMALLER_EQUALS expr
    (22) assign_expr -> . type IDENTIFIER ASSIGN expr
    (23) assign_expr -> . IDENTIFIER ASSIGN expr
    (121) type -> . T_INT
    (122) type -> . T_FLOAT
    (123) type -> . T_STRING
    (124) type -> . T_COMPLEX
    (125) type -> . LPAREN type_arg RPAREN ARROW type
    (126) type -> . type ARROW type
    (127) type -> . OPEN_BRACKETS CLOSED_BRACKETS type

    IDENTIFIER      shift and go to state 6
    NOT             shift and go to state 9
    PLUS            shift and go to state 4
    MINUS           shift and go to state 8
    BEGIN           shift and go to state 12
    LET             shift and go to state 13
    OPEN_BRACKETS   shift and go to state 3
    STRUCT          shift and go to state 14
    FLOAT           shift and go to state 15
    IF              shift and go to state 16
    IMPORT          shift and go to state 17
    CLOSED_BRACKETS shift and go to state 5
    LAMBDA          shift and go to state 18
    NULL            shift and go to state 20
    LPAREN          shift and go to state 7
    LOOP            shift and go to state 21
    MATCH           shift and go to state 22
    NUMBER          shift and go to state 23
    STRING          shift and go to state 24
    T_UNDEF         shift and go to state 25
    WHILE           shift and go to state 26
    T_INT           shift and go to state 27
    T_FLOAT         shift and go to state 28
    T_STRING        shift and go to state 29
    T_COMPLEX       shift and go to state 30

    comp                           shift and go to state 10
    expr                           shift and go to state 175
    assign_expr                    shift and go to state 11
    type                           shift and go to state 19

state 88

    (38) comp -> comp SMALLER_THAN . expr
    (1) expr -> . expr ARROW expr
    (2) expr -> . expr OPEN_BRACKETS PLUS CLOSED_BRACKETS
    (3) expr -> . expr OPEN_BRACKETS expr CLOSED_BRACKETS
    (4) expr -> . IDENTIFIER PLUS_ASSIGN expr
    (5) expr -> . IDENTIFIER MINUS_ASSIGN expr
    (6) expr -> . IDENTIFIER SMALLER_EQUALS_ASSIGN expr
    (7) expr -> . IDENTIFIER GREATER_THAN_ASSIGN expr
    (8) expr -> . IDENTIFIER SMALLER_THAN_ASSIGN expr
    (9) expr -> . IDENTIFIER AND_ASSIGN expr
    (10) expr -> . IDENTIFIER OR_ASSIGN expr
    (11) expr -> . IDENTIFIER XOR_ASSIGN expr
    (12) expr -> . IDENTIFIER MOD_ASSIGN expr
    (13) expr -> . IDENTIFIER EXP_ASSIGN expr
    (14) expr -> . IDENTIFIER POWER_ASSIGN expr
    (15) expr -> . IDENTIFIER TIMES_ASSIGN expr
    (16) expr -> . IDENTIFIER DIVIDE_CEIL_ASSIGN expr
    (17) expr -> . IDENTIFIER DIVIDE_FLOOR_ASSIGN expr
    (18) expr -> . IDENTIFIER DIVIDE_ASSIGN expr
    (19) expr -> . IDENTIFIER EQUALS_ASSIGN expr
    (20) expr -> . IDENTIFIER UNEQUALS_ASSIGN expr
    (21) expr -> . IDENTIFIER GREATER_EQUALS_ASSIGN expr
    (26) expr -> . expr LPAREN para_expr RPAREN
    (41) expr -> . expr CONS expr
    (46) expr -> . expr PLUS expr
    (47) expr -> . expr MINUS expr
    (48) expr -> . expr EXP expr
    (49) expr -> . expr MOD expr
    (50) expr -> . NOT expr
    (51) expr -> . PLUS expr
    (52) expr -> . MINUS expr
    (53) expr -> . expr IMAG
    (54) expr -> . comp
    (55) expr -> . assign_expr
    (56) expr -> . BEGIN sequence END
    (57) expr -> . BEGIN END
    (58) expr -> . expr POWER expr
    (59) expr -> . LET letrec_assign IN expr DOT
    (60) expr -> . OPEN_BRACKETS param_list CLOSED_BRACKETS
    (61) expr -> . OPEN_BRACKETS expr CLOSED_BRACKETS
    (62) expr -> . OPEN_BRACKETS CLOSED_BRACKETS
    (63) expr -> . STRUCT BEGIN assign_list END
    (64) expr -> . STRUCT BEGIN END
    (65) expr -> . expr TIMES expr
    (66) expr -> . expr DIVIDE_CEIL expr
    (67) expr -> . expr DIVIDE_FLOOR expr
    (68) expr -> . expr DIVIDE expr
    (69) expr -> . expr AND expr
    (70) expr -> . expr XOR expr
    (71) expr -> . expr OR expr
    (73) expr -> . FLOAT
    (74) expr -> . IF expr THEN COMMA expr DOT
    (75) expr -> . IF expr THEN COMMA expr else_elif_body DOT
    (76) expr -> . IMPORT file
    (77) expr -> . OPEN_BRACKETS expr DOT DOT expr CLOSED_BRACKETS
    (78) expr -> . CLOSED_BRACKETS expr DOT DOT expr CLOSED_BRACKETS
    (79) expr -> . OPEN_BRACKETS expr DOT DOT expr OPEN_BRACKETS
    (80) expr -> . CLOSED_BRACKETS expr DOT DOT expr OPEN_BRACKETS
    (81) expr -> . LAMBDA para ARROW type COLON expr
    (82) expr -> . NULL
    (85) expr -> . LPAREN param_list RPAREN
    (86) expr -> . LOOP IDENTIFIER IN expr LOOPTHEN expr DOT
    (87) expr -> . MATCH expr WITH cases DOT
    (88) expr -> . NUMBER
    (115) expr -> . LPAREN expr RPAREN
    (120) expr -> . STRING
    (130) expr -> . T_UNDEF expr
    (131) expr -> . IDENTIFIER
    (132) expr -> . WHILE expr THEN COMMA expr DOT
    (29) comp -> . expr EQUALS expr
    (30) comp -> . comp EQUALS expr
    (31) comp -> . expr GREATER_EQUALS expr
    (32) comp -> . comp GREATER_EQUALS expr
    (33) comp -> . expr UNEQUALS expr
    (34) comp -> . comp UNEQUALS expr
    (35) comp -> . expr GREATER_THAN expr
    (36) comp -> . comp GREATER_THAN expr
    (37) comp -> . expr SMALLER_THAN expr
    (38) comp -> . comp SMALLER_THAN expr
    (39) comp -> . expr SMALLER_EQUALS expr
    (40) comp -> . comp SMALLER_EQUALS expr
    (22) assign_expr -> . type IDENTIFIER ASSIGN expr
    (23) assign_expr -> . IDENTIFIER ASSIGN expr
    (121) type -> . T_INT
    (122) type -> . T_FLOAT
    (123) type -> . T_STRING
    (124) type -> . T_COMPLEX
    (125) type -> . LPAREN type_arg RPAREN ARROW type
    (126) type -> . type ARROW type
    (127) type -> . OPEN_BRACKETS CLOSED_BRACKETS type

    IDENTIFIER      shift and go to state 6
    NOT             shift and go to state 9
    PLUS            shift and go to state 4
    MINUS           shift and go to state 8
    BEGIN           shift and go to state 12
    LET             shift and go to state 13
    OPEN_BRACKETS   shift and go to state 3
    STRUCT          shift and go to state 14
    FLOAT           shift and go to state 15
    IF              shift and go to state 16
    IMPORT          shift and go to state 17
    CLOSED_BRACKETS shift and go to state 5
    LAMBDA          shift and go to state 18
    NULL            shift and go to state 20
    LPAREN          shift and go to state 7
    LOOP            shift and go to state 21
    MATCH           shift and go to state 22
    NUMBER          shift and go to state 23
    STRING          shift and go to state 24
    T_UNDEF         shift and go to state 25
    WHILE           shift and go to state 26
    T_INT           shift and go to state 27
    T_FLOAT         shift and go to state 28
    T_STRING        shift and go to state 29
    T_COMPLEX       shift and go to state 30

    comp                           shift and go to state 10
    expr                           shift and go to state 176
    assign_expr                    shift and go to state 11
    type                           shift and go to state 19

state 89

    (40) comp -> comp SMALLER_EQUALS . expr
    (1) expr -> . expr ARROW expr
    (2) expr -> . expr OPEN_BRACKETS PLUS CLOSED_BRACKETS
    (3) expr -> . expr OPEN_BRACKETS expr CLOSED_BRACKETS
    (4) expr -> . IDENTIFIER PLUS_ASSIGN expr
    (5) expr -> . IDENTIFIER MINUS_ASSIGN expr
    (6) expr -> . IDENTIFIER SMALLER_EQUALS_ASSIGN expr
    (7) expr -> . IDENTIFIER GREATER_THAN_ASSIGN expr
    (8) expr -> . IDENTIFIER SMALLER_THAN_ASSIGN expr
    (9) expr -> . IDENTIFIER AND_ASSIGN expr
    (10) expr -> . IDENTIFIER OR_ASSIGN expr
    (11) expr -> . IDENTIFIER XOR_ASSIGN expr
    (12) expr -> . IDENTIFIER MOD_ASSIGN expr
    (13) expr -> . IDENTIFIER EXP_ASSIGN expr
    (14) expr -> . IDENTIFIER POWER_ASSIGN expr
    (15) expr -> . IDENTIFIER TIMES_ASSIGN expr
    (16) expr -> . IDENTIFIER DIVIDE_CEIL_ASSIGN expr
    (17) expr -> . IDENTIFIER DIVIDE_FLOOR_ASSIGN expr
    (18) expr -> . IDENTIFIER DIVIDE_ASSIGN expr
    (19) expr -> . IDENTIFIER EQUALS_ASSIGN expr
    (20) expr -> . IDENTIFIER UNEQUALS_ASSIGN expr
    (21) expr -> . IDENTIFIER GREATER_EQUALS_ASSIGN expr
    (26) expr -> . expr LPAREN para_expr RPAREN
    (41) expr -> . expr CONS expr
    (46) expr -> . expr PLUS expr
    (47) expr -> . expr MINUS expr
    (48) expr -> . expr EXP expr
    (49) expr -> . expr MOD expr
    (50) expr -> . NOT expr
    (51) expr -> . PLUS expr
    (52) expr -> . MINUS expr
    (53) expr -> . expr IMAG
    (54) expr -> . comp
    (55) expr -> . assign_expr
    (56) expr -> . BEGIN sequence END
    (57) expr -> . BEGIN END
    (58) expr -> . expr POWER expr
    (59) expr -> . LET letrec_assign IN expr DOT
    (60) expr -> . OPEN_BRACKETS param_list CLOSED_BRACKETS
    (61) expr -> . OPEN_BRACKETS expr CLOSED_BRACKETS
    (62) expr -> . OPEN_BRACKETS CLOSED_BRACKETS
    (63) expr -> . STRUCT BEGIN assign_list END
    (64) expr -> . STRUCT BEGIN END
    (65) expr -> . expr TIMES expr
    (66) expr -> . expr DIVIDE_CEIL expr
    (67) expr -> . expr DIVIDE_FLOOR expr
    (68) expr -> . expr DIVIDE expr
    (69) expr -> . expr AND expr
    (70) expr -> . expr XOR expr
    (71) expr -> . expr OR expr
    (73) expr -> . FLOAT
    (74) expr -> . IF expr THEN COMMA expr DOT
    (75) expr -> . IF expr THEN COMMA expr else_elif_body DOT
    (76) expr -> . IMPORT file
    (77) expr -> . OPEN_BRACKETS expr DOT DOT expr CLOSED_BRACKETS
    (78) expr -> . CLOSED_BRACKETS expr DOT DOT expr CLOSED_BRACKETS
    (79) expr -> . OPEN_BRACKETS expr DOT DOT expr OPEN_BRACKETS
    (80) expr -> . CLOSED_BRACKETS expr DOT DOT expr OPEN_BRACKETS
    (81) expr -> . LAMBDA para ARROW type COLON expr
    (82) expr -> . NULL
    (85) expr -> . LPAREN param_list RPAREN
    (86) expr -> . LOOP IDENTIFIER IN expr LOOPTHEN expr DOT
    (87) expr -> . MATCH expr WITH cases DOT
    (88) expr -> . NUMBER
    (115) expr -> . LPAREN expr RPAREN
    (120) expr -> . STRING
    (130) expr -> . T_UNDEF expr
    (131) expr -> . IDENTIFIER
    (132) expr -> . WHILE expr THEN COMMA expr DOT
    (29) comp -> . expr EQUALS expr
    (30) comp -> . comp EQUALS expr
    (31) comp -> . expr GREATER_EQUALS expr
    (32) comp -> . comp GREATER_EQUALS expr
    (33) comp -> . expr UNEQUALS expr
    (34) comp -> . comp UNEQUALS expr
    (35) comp -> . expr GREATER_THAN expr
    (36) comp -> . comp GREATER_THAN expr
    (37) comp -> . expr SMALLER_THAN expr
    (38) comp -> . comp SMALLER_THAN expr
    (39) comp -> . expr SMALLER_EQUALS expr
    (40) comp -> . comp SMALLER_EQUALS expr
    (22) assign_expr -> . type IDENTIFIER ASSIGN expr
    (23) assign_expr -> . IDENTIFIER ASSIGN expr
    (121) type -> . T_INT
    (122) type -> . T_FLOAT
    (123) type -> . T_STRING
    (124) type -> . T_COMPLEX
    (125) type -> . LPAREN type_arg RPAREN ARROW type
    (126) type -> . type ARROW type
    (127) type -> . OPEN_BRACKETS CLOSED_BRACKETS type

    IDENTIFIER      shift and go to state 6
    NOT             shift and go to state 9
    PLUS            shift and go to state 4
    MINUS           shift and go to state 8
    BEGIN           shift and go to state 12
    LET             shift and go to state 13
    OPEN_BRACKETS   shift and go to state 3
    STRUCT          shift and go to state 14
    FLOAT           shift and go to state 15
    IF              shift and go to state 16
    IMPORT          shift and go to state 17
    CLOSED_BRACKETS shift and go to state 5
    LAMBDA          shift and go to state 18
    NULL            shift and go to state 20
    LPAREN          shift and go to state 7
    LOOP            shift and go to state 21
    MATCH           shift and go to state 22
    NUMBER          shift and go to state 23
    STRING          shift and go to state 24
    T_UNDEF         shift and go to state 25
    WHILE           shift and go to state 26
    T_INT           shift and go to state 27
    T_FLOAT         shift and go to state 28
    T_STRING        shift and go to state 29
    T_COMPLEX       shift and go to state 30

    comp                           shift and go to state 10
    expr                           shift and go to state 177
    assign_expr                    shift and go to state 11
    type                           shift and go to state 19

state 90

    (56) expr -> BEGIN sequence . END

    END             shift and go to state 178


state 91

    (57) expr -> BEGIN END .

    ARROW           reduce using rule 57 (expr -> BEGIN END .)
    OPEN_BRACKETS   reduce using rule 57 (expr -> BEGIN END .)
    LPAREN          reduce using rule 57 (expr -> BEGIN END .)
    CONS            reduce using rule 57 (expr -> BEGIN END .)
    PLUS            reduce using rule 57 (expr -> BEGIN END .)
    MINUS           reduce using rule 57 (expr -> BEGIN END .)
    EXP             reduce using rule 57 (expr -> BEGIN END .)
    MOD             reduce using rule 57 (expr -> BEGIN END .)
    IMAG            reduce using rule 57 (expr -> BEGIN END .)
    POWER           reduce using rule 57 (expr -> BEGIN END .)
    TIMES           reduce using rule 57 (expr -> BEGIN END .)
    DIVIDE_CEIL     reduce using rule 57 (expr -> BEGIN END .)
    DIVIDE_FLOOR    reduce using rule 57 (expr -> BEGIN END .)
    DIVIDE          reduce using rule 57 (expr -> BEGIN END .)
    AND             reduce using rule 57 (expr -> BEGIN END .)
    XOR             reduce using rule 57 (expr -> BEGIN END .)
    OR              reduce using rule 57 (expr -> BEGIN END .)
    EQUALS          reduce using rule 57 (expr -> BEGIN END .)
    GREATER_EQUALS  reduce using rule 57 (expr -> BEGIN END .)
    UNEQUALS        reduce using rule 57 (expr -> BEGIN END .)
    GREATER_THAN    reduce using rule 57 (expr -> BEGIN END .)
    SMALLER_THAN    reduce using rule 57 (expr -> BEGIN END .)
    SMALLER_EQUALS  reduce using rule 57 (expr -> BEGIN END .)
    $end            reduce using rule 57 (expr -> BEGIN END .)
    CLOSED_BRACKETS reduce using rule 57 (expr -> BEGIN END .)
    DOT             reduce using rule 57 (expr -> BEGIN END .)
    COMMA           reduce using rule 57 (expr -> BEGIN END .)
    RPAREN          reduce using rule 57 (expr -> BEGIN END .)
    SEMICOLON       reduce using rule 57 (expr -> BEGIN END .)
    END             reduce using rule 57 (expr -> BEGIN END .)
    THEN            reduce using rule 57 (expr -> BEGIN END .)
    WITH            reduce using rule 57 (expr -> BEGIN END .)
    COLON           reduce using rule 57 (expr -> BEGIN END .)
    IN              reduce using rule 57 (expr -> BEGIN END .)
    LOOPTHEN        reduce using rule 57 (expr -> BEGIN END .)
    ELSE            reduce using rule 57 (expr -> BEGIN END .)


state 92

    (117) sequence -> expr . SEMICOLON sequence
    (118) sequence -> expr . SEMICOLON
    (119) sequence -> expr .
    (1) expr -> expr . ARROW expr
    (2) expr -> expr . OPEN_BRACKETS PLUS CLOSED_BRACKETS
    (3) expr -> expr . OPEN_BRACKETS expr CLOSED_BRACKETS
    (26) expr -> expr . LPAREN para_expr RPAREN
    (41) expr -> expr . CONS expr
    (46) expr -> expr . PLUS expr
    (47) expr -> expr . MINUS expr
    (48) expr -> expr . EXP expr
    (49) expr -> expr . MOD expr
    (53) expr -> expr . IMAG
    (58) expr -> expr . POWER expr
    (65) expr -> expr . TIMES expr
    (66) expr -> expr . DIVIDE_CEIL expr
    (67) expr -> expr . DIVIDE_FLOOR expr
    (68) expr -> expr . DIVIDE expr
    (69) expr -> expr . AND expr
    (70) expr -> expr . XOR expr
    (71) expr -> expr . OR expr
    (29) comp -> expr . EQUALS expr
    (31) comp -> expr . GREATER_EQUALS expr
    (33) comp -> expr . UNEQUALS expr
    (35) comp -> expr . GREATER_THAN expr
    (37) comp -> expr . SMALLER_THAN expr
    (39) comp -> expr . SMALLER_EQUALS expr

    SEMICOLON       shift and go to state 179
    END             reduce using rule 119 (sequence -> expr .)
    ARROW           shift and go to state 31
    OPEN_BRACKETS   shift and go to state 32
    LPAREN          shift and go to state 34
    CONS            shift and go to state 35
    PLUS            shift and go to state 33
    MINUS           shift and go to state 36
    EXP             shift and go to state 37
    MOD             shift and go to state 38
    IMAG            shift and go to state 39
    POWER           shift and go to state 40
    TIMES           shift and go to state 41
    DIVIDE_CEIL     shift and go to state 42
    DIVIDE_FLOOR    shift and go to state 43
    DIVIDE          shift and go to state 44
    AND             shift and go to state 45
    XOR             shift and go to state 46
    OR              shift and go to state 47
    EQUALS          shift and go to state 48
    GREATER_EQUALS  shift and go to state 49
    UNEQUALS        shift and go to state 50
    GREATER_THAN    shift and go to state 51
    SMALLER_THAN    shift and go to state 52
    SMALLER_EQUALS  shift and go to state 53


state 93

    (59) expr -> LET letrec_assign . IN expr DOT
    (83) letrec_assign -> letrec_assign . COMMA assign_expr

    IN              shift and go to state 180
    COMMA           shift and go to state 181


state 94

    (84) letrec_assign -> assign_expr .

    IN              reduce using rule 84 (letrec_assign -> assign_expr .)
    COMMA           reduce using rule 84 (letrec_assign -> assign_expr .)


state 95

    (23) assign_expr -> IDENTIFIER . ASSIGN expr

    ASSIGN          shift and go to state 77


state 96

    (125) type -> LPAREN . type_arg RPAREN ARROW type
    (128) type_arg -> . type COMMA type_arg
    (129) type_arg -> . type
    (121) type -> . T_INT
    (122) type -> . T_FLOAT
    (123) type -> . T_STRING
    (124) type -> . T_COMPLEX
    (125) type -> . LPAREN type_arg RPAREN ARROW type
    (126) type -> . type ARROW type
    (127) type -> . OPEN_BRACKETS CLOSED_BRACKETS type

    T_INT           shift and go to state 27
    T_FLOAT         shift and go to state 28
    T_STRING        shift and go to state 29
    T_COMPLEX       shift and go to state 30
    LPAREN          shift and go to state 96
    OPEN_BRACKETS   shift and go to state 97

    type_arg                       shift and go to state 80
    type                           shift and go to state 182

state 97

    (127) type -> OPEN_BRACKETS . CLOSED_BRACKETS type

    CLOSED_BRACKETS shift and go to state 183


state 98

    (63) expr -> STRUCT BEGIN . assign_list END
    (64) expr -> STRUCT BEGIN . END
    (24) assign_list -> . assign_expr SEMICOLON assign_list
    (25) assign_list -> . assign_expr
    (22) assign_expr -> . type IDENTIFIER ASSIGN expr
    (23) assign_expr -> . IDENTIFIER ASSIGN expr
    (121) type -> . T_INT
    (122) type -> . T_FLOAT
    (123) type -> . T_STRING
    (124) type -> . T_COMPLEX
    (125) type -> . LPAREN type_arg RPAREN ARROW type
    (126) type -> . type ARROW type
    (127) type -> . OPEN_BRACKETS CLOSED_BRACKETS type

    END             shift and go to state 185
    IDENTIFIER      shift and go to state 95
    T_INT           shift and go to state 27
    T_FLOAT         shift and go to state 28
    T_STRING        shift and go to state 29
    T_COMPLEX       shift and go to state 30
    LPAREN          shift and go to state 96
    OPEN_BRACKETS   shift and go to state 97

    assign_list                    shift and go to state 184
    assign_expr                    shift and go to state 186
    type                           shift and go to state 19

state 99

    (74) expr -> IF expr . THEN COMMA expr DOT
    (75) expr -> IF expr . THEN COMMA expr else_elif_body DOT
    (1) expr -> expr . ARROW expr
    (2) expr -> expr . OPEN_BRACKETS PLUS CLOSED_BRACKETS
    (3) expr -> expr . OPEN_BRACKETS expr CLOSED_BRACKETS
    (26) expr -> expr . LPAREN para_expr RPAREN
    (41) expr -> expr . CONS expr
    (46) expr -> expr . PLUS expr
    (47) expr -> expr . MINUS expr
    (48) expr -> expr . EXP expr
    (49) expr -> expr . MOD expr
    (53) expr -> expr . IMAG
    (58) expr -> expr . POWER expr
    (65) expr -> expr . TIMES expr
    (66) expr -> expr . DIVIDE_CEIL expr
    (67) expr -> expr . DIVIDE_FLOOR expr
    (68) expr -> expr . DIVIDE expr
    (69) expr -> expr . AND expr
    (70) expr -> expr . XOR expr
    (71) expr -> expr . OR expr
    (29) comp -> expr . EQUALS expr
    (31) comp -> expr . GREATER_EQUALS expr
    (33) comp -> expr . UNEQUALS expr
    (35) comp -> expr . GREATER_THAN expr
    (37) comp -> expr . SMALLER_THAN expr
    (39) comp -> expr . SMALLER_EQUALS expr

    THEN            shift and go to state 187
    ARROW           shift and go to state 31
    OPEN_BRACKETS   shift and go to state 32
    LPAREN          shift and go to state 34
    CONS            shift and go to state 35
    PLUS            shift and go to state 33
    MINUS           shift and go to state 36
    EXP             shift and go to state 37
    MOD             shift and go to state 38
    IMAG            shift and go to state 39
    POWER           shift and go to state 40
    TIMES           shift and go to state 41
    DIVIDE_CEIL     shift and go to state 42
    DIVIDE_FLOOR    shift and go to state 43
    DIVIDE          shift and go to state 44
    AND             shift and go to state 45
    XOR             shift and go to state 46
    OR              shift and go to state 47
    EQUALS          shift and go to state 48
    GREATER_EQUALS  shift and go to state 49
    UNEQUALS        shift and go to state 50
    GREATER_THAN    shift and go to state 51
    SMALLER_THAN    shift and go to state 52
    SMALLER_EQUALS  shift and go to state 53


state 100

    (76) expr -> IMPORT file .

    ARROW           reduce using rule 76 (expr -> IMPORT file .)
    OPEN_BRACKETS   reduce using rule 76 (expr -> IMPORT file .)
    LPAREN          reduce using rule 76 (expr -> IMPORT file .)
    CONS            reduce using rule 76 (expr -> IMPORT file .)
    PLUS            reduce using rule 76 (expr -> IMPORT file .)
    MINUS           reduce using rule 76 (expr -> IMPORT file .)
    EXP             reduce using rule 76 (expr -> IMPORT file .)
    MOD             reduce using rule 76 (expr -> IMPORT file .)
    IMAG            reduce using rule 76 (expr -> IMPORT file .)
    POWER           reduce using rule 76 (expr -> IMPORT file .)
    TIMES           reduce using rule 76 (expr -> IMPORT file .)
    DIVIDE_CEIL     reduce using rule 76 (expr -> IMPORT file .)
    DIVIDE_FLOOR    reduce using rule 76 (expr -> IMPORT file .)
    DIVIDE          reduce using rule 76 (expr -> IMPORT file .)
    AND             reduce using rule 76 (expr -> IMPORT file .)
    XOR             reduce using rule 76 (expr -> IMPORT file .)
    OR              reduce using rule 76 (expr -> IMPORT file .)
    EQUALS          reduce using rule 76 (expr -> IMPORT file .)
    GREATER_EQUALS  reduce using rule 76 (expr -> IMPORT file .)
    UNEQUALS        reduce using rule 76 (expr -> IMPORT file .)
    GREATER_THAN    reduce using rule 76 (expr -> IMPORT file .)
    SMALLER_THAN    reduce using rule 76 (expr -> IMPORT file .)
    SMALLER_EQUALS  reduce using rule 76 (expr -> IMPORT file .)
    $end            reduce using rule 76 (expr -> IMPORT file .)
    CLOSED_BRACKETS reduce using rule 76 (expr -> IMPORT file .)
    DOT             reduce using rule 76 (expr -> IMPORT file .)
    COMMA           reduce using rule 76 (expr -> IMPORT file .)
    RPAREN          reduce using rule 76 (expr -> IMPORT file .)
    SEMICOLON       reduce using rule 76 (expr -> IMPORT file .)
    END             reduce using rule 76 (expr -> IMPORT file .)
    THEN            reduce using rule 76 (expr -> IMPORT file .)
    WITH            reduce using rule 76 (expr -> IMPORT file .)
    COLON           reduce using rule 76 (expr -> IMPORT file .)
    IN              reduce using rule 76 (expr -> IMPORT file .)
    LOOPTHEN        reduce using rule 76 (expr -> IMPORT file .)
    ELSE            reduce using rule 76 (expr -> IMPORT file .)


state 101

    (72) file -> STRING .

    ARROW           reduce using rule 72 (file -> STRING .)
    OPEN_BRACKETS   reduce using rule 72 (file -> STRING .)
    LPAREN          reduce using rule 72 (file -> STRING .)
    CONS            reduce using rule 72 (file -> STRING .)
    PLUS            reduce using rule 72 (file -> STRING .)
    MINUS           reduce using rule 72 (file -> STRING .)
    EXP             reduce using rule 72 (file -> STRING .)
    MOD             reduce using rule 72 (file -> STRING .)
    IMAG            reduce using rule 72 (file -> STRING .)
    POWER           reduce using rule 72 (file -> STRING .)
    TIMES           reduce using rule 72 (file -> STRING .)
    DIVIDE_CEIL     reduce using rule 72 (file -> STRING .)
    DIVIDE_FLOOR    reduce using rule 72 (file -> STRING .)
    DIVIDE          reduce using rule 72 (file -> STRING .)
    AND             reduce using rule 72 (file -> STRING .)
    XOR             reduce using rule 72 (file -> STRING .)
    OR              reduce using rule 72 (file -> STRING .)
    EQUALS          reduce using rule 72 (file -> STRING .)
    GREATER_EQUALS  reduce using rule 72 (file -> STRING .)
    UNEQUALS        reduce using rule 72 (file -> STRING .)
    GREATER_THAN    reduce using rule 72 (file -> STRING .)
    SMALLER_THAN    reduce using rule 72 (file -> STRING .)
    SMALLER_EQUALS  reduce using rule 72 (file -> STRING .)
    $end            reduce using rule 72 (file -> STRING .)
    CLOSED_BRACKETS reduce using rule 72 (file -> STRING .)
    DOT             reduce using rule 72 (file -> STRING .)
    COMMA           reduce using rule 72 (file -> STRING .)
    RPAREN          reduce using rule 72 (file -> STRING .)
    SEMICOLON       reduce using rule 72 (file -> STRING .)
    END             reduce using rule 72 (file -> STRING .)
    THEN            reduce using rule 72 (file -> STRING .)
    WITH            reduce using rule 72 (file -> STRING .)
    COLON           reduce using rule 72 (file -> STRING .)
    IN              reduce using rule 72 (file -> STRING .)
    LOOPTHEN        reduce using rule 72 (file -> STRING .)
    ELSE            reduce using rule 72 (file -> STRING .)


state 102

    (81) expr -> LAMBDA para . ARROW type COLON expr

    ARROW           shift and go to state 188


state 103

    (90) para -> type . IDENTIFIER
    (126) type -> type . ARROW type

    IDENTIFIER      shift and go to state 189
    ARROW           shift and go to state 108


state 104

    (89) para -> LPAREN . param_pos RPAREN
    (125) type -> LPAREN . type_arg RPAREN ARROW type
    (106) param_pos -> . param_pos_list
    (128) type_arg -> . type COMMA type_arg
    (129) type_arg -> . type
    (110) param_pos_list -> . type IDENTIFIER COMMA param_pos_list
    (111) param_pos_list -> . type IDENTIFIER
    (112) param_pos_list -> . IDENTIFIER COMMA param_pos_list
    (113) param_pos_list -> . IDENTIFIER
    (114) param_pos_list -> . para_keywords
    (121) type -> . T_INT
    (122) type -> . T_FLOAT
    (123) type -> . T_STRING
    (124) type -> . T_COMPLEX
    (125) type -> . LPAREN type_arg RPAREN ARROW type
    (126) type -> . type ARROW type
    (127) type -> . OPEN_BRACKETS CLOSED_BRACKETS type
    (96) para_keywords -> . para_kw_list
    (99) para_kw_list -> . type IDENTIFIER COLON expr COMMA para_kw_list
    (100) para_kw_list -> . IDENTIFIER COLON expr COMMA para_kw_list
    (101) para_kw_list -> . type IDENTIFIER COLON expr
    (102) para_kw_list -> . IDENTIFIER COLON expr
    (103) para_kw_list -> . para_infty
    (95) para_infty -> . IDENTIFIER DOT DOT DOT

    IDENTIFIER      shift and go to state 193
    T_INT           shift and go to state 27
    T_FLOAT         shift and go to state 28
    T_STRING        shift and go to state 29
    T_COMPLEX       shift and go to state 30
    LPAREN          shift and go to state 96
    OPEN_BRACKETS   shift and go to state 97

    param_pos                      shift and go to state 190
    type_arg                       shift and go to state 80
    type                           shift and go to state 191
    param_pos_list                 shift and go to state 192
    para_keywords                  shift and go to state 194
    para_kw_list                   shift and go to state 195
    para_infty                     shift and go to state 196

state 105

    (91) para -> IDENTIFIER .

    ARROW           reduce using rule 91 (para -> IDENTIFIER .)


state 106

    (92) para -> empty .

    ARROW           reduce using rule 92 (para -> empty .)


state 107

    (22) assign_expr -> type IDENTIFIER . ASSIGN expr

    ASSIGN          shift and go to state 197


state 108

    (126) type -> type ARROW . type
    (121) type -> . T_INT
    (122) type -> . T_FLOAT
    (123) type -> . T_STRING
    (124) type -> . T_COMPLEX
    (125) type -> . LPAREN type_arg RPAREN ARROW type
    (126) type -> . type ARROW type
    (127) type -> . OPEN_BRACKETS CLOSED_BRACKETS type

    T_INT           shift and go to state 27
    T_FLOAT         shift and go to state 28
    T_STRING        shift and go to state 29
    T_COMPLEX       shift and go to state 30
    LPAREN          shift and go to state 96
    OPEN_BRACKETS   shift and go to state 97

    type                           shift and go to state 198

state 109

    (86) expr -> LOOP IDENTIFIER . IN expr LOOPTHEN expr DOT

    IN              shift and go to state 199


state 110

    (87) expr -> MATCH expr . WITH cases DOT
    (1) expr -> expr . ARROW expr
    (2) expr -> expr . OPEN_BRACKETS PLUS CLOSED_BRACKETS
    (3) expr -> expr . OPEN_BRACKETS expr CLOSED_BRACKETS
    (26) expr -> expr . LPAREN para_expr RPAREN
    (41) expr -> expr . CONS expr
    (46) expr -> expr . PLUS expr
    (47) expr -> expr . MINUS expr
    (48) expr -> expr . EXP expr
    (49) expr -> expr . MOD expr
    (53) expr -> expr . IMAG
    (58) expr -> expr . POWER expr
    (65) expr -> expr . TIMES expr
    (66) expr -> expr . DIVIDE_CEIL expr
    (67) expr -> expr . DIVIDE_FLOOR expr
    (68) expr -> expr . DIVIDE expr
    (69) expr -> expr . AND expr
    (70) expr -> expr . XOR expr
    (71) expr -> expr . OR expr
    (29) comp -> expr . EQUALS expr
    (31) comp -> expr . GREATER_EQUALS expr
    (33) comp -> expr . UNEQUALS expr
    (35) comp -> expr . GREATER_THAN expr
    (37) comp -> expr . SMALLER_THAN expr
    (39) comp -> expr . SMALLER_EQUALS expr

    WITH            shift and go to state 200
    ARROW           shift and go to state 31
    OPEN_BRACKETS   shift and go to state 32
    LPAREN          shift and go to state 34
    CONS            shift and go to state 35
    PLUS            shift and go to state 33
    MINUS           shift and go to state 36
    EXP             shift and go to state 37
    MOD             shift and go to state 38
    IMAG            shift and go to state 39
    POWER           shift and go to state 40
    TIMES           shift and go to state 41
    DIVIDE_CEIL     shift and go to state 42
    DIVIDE_FLOOR    shift and go to state 43
    DIVIDE          shift and go to state 44
    AND             shift and go to state 45
    XOR             shift and go to state 46
    OR              shift and go to state 47
    EQUALS          shift and go to state 48
    GREATER_EQUALS  shift and go to state 49
    UNEQUALS        shift and go to state 50
    GREATER_THAN    shift and go to state 51
    SMALLER_THAN    shift and go to state 52
    SMALLER_EQUALS  shift and go to state 53


state 111

    (130) expr -> T_UNDEF expr .
    (1) expr -> expr . ARROW expr
    (2) expr -> expr . OPEN_BRACKETS PLUS CLOSED_BRACKETS
    (3) expr -> expr . OPEN_BRACKETS expr CLOSED_BRACKETS
    (26) expr -> expr . LPAREN para_expr RPAREN
    (41) expr -> expr . CONS expr
    (46) expr -> expr . PLUS expr
    (47) expr -> expr . MINUS expr
    (48) expr -> expr . EXP expr
    (49) expr -> expr . MOD expr
    (53) expr -> expr . IMAG
    (58) expr -> expr . POWER expr
    (65) expr -> expr . TIMES expr
    (66) expr -> expr . DIVIDE_CEIL expr
    (67) expr -> expr . DIVIDE_FLOOR expr
    (68) expr -> expr . DIVIDE expr
    (69) expr -> expr . AND expr
    (70) expr -> expr . XOR expr
    (71) expr -> expr . OR expr
    (29) comp -> expr . EQUALS expr
    (31) comp -> expr . GREATER_EQUALS expr
    (33) comp -> expr . UNEQUALS expr
    (35) comp -> expr . GREATER_THAN expr
    (37) comp -> expr . SMALLER_THAN expr
    (39) comp -> expr . SMALLER_EQUALS expr

    $end            reduce using rule 130 (expr -> T_UNDEF expr .)
    CLOSED_BRACKETS reduce using rule 130 (expr -> T_UNDEF expr .)
    DOT             reduce using rule 130 (expr -> T_UNDEF expr .)
    COMMA           reduce using rule 130 (expr -> T_UNDEF expr .)
    RPAREN          reduce using rule 130 (expr -> T_UNDEF expr .)
    SEMICOLON       reduce using rule 130 (expr -> T_UNDEF expr .)
    END             reduce using rule 130 (expr -> T_UNDEF expr .)
    THEN            reduce using rule 130 (expr -> T_UNDEF expr .)
    WITH            reduce using rule 130 (expr -> T_UNDEF expr .)
    COLON           reduce using rule 130 (expr -> T_UNDEF expr .)
    IN              reduce using rule 130 (expr -> T_UNDEF expr .)
    LOOPTHEN        reduce using rule 130 (expr -> T_UNDEF expr .)
    ELSE            reduce using rule 130 (expr -> T_UNDEF expr .)
    ARROW           shift and go to state 31
    OPEN_BRACKETS   shift and go to state 32
    LPAREN          shift and go to state 34
    CONS            shift and go to state 35
    PLUS            shift and go to state 33
    MINUS           shift and go to state 36
    EXP             shift and go to state 37
    MOD             shift and go to state 38
    IMAG            shift and go to state 39
    POWER           shift and go to state 40
    TIMES           shift and go to state 41
    DIVIDE_CEIL     shift and go to state 42
    DIVIDE_FLOOR    shift and go to state 43
    DIVIDE          shift and go to state 44
    AND             shift and go to state 45
    XOR             shift and go to state 46
    OR              shift and go to state 47
    EQUALS          shift and go to state 48
    GREATER_EQUALS  shift and go to state 49
    UNEQUALS        shift and go to state 50
    GREATER_THAN    shift and go to state 51
    SMALLER_THAN    shift and go to state 52
    SMALLER_EQUALS  shift and go to state 53

  ! ARROW           [ reduce using rule 130 (expr -> T_UNDEF expr .) ]
  ! OPEN_BRACKETS   [ reduce using rule 130 (expr -> T_UNDEF expr .) ]
  ! LPAREN          [ reduce using rule 130 (expr -> T_UNDEF expr .) ]
  ! CONS            [ reduce using rule 130 (expr -> T_UNDEF expr .) ]
  ! PLUS            [ reduce using rule 130 (expr -> T_UNDEF expr .) ]
  ! MINUS           [ reduce using rule 130 (expr -> T_UNDEF expr .) ]
  ! EXP             [ reduce using rule 130 (expr -> T_UNDEF expr .) ]
  ! MOD             [ reduce using rule 130 (expr -> T_UNDEF expr .) ]
  ! IMAG            [ reduce using rule 130 (expr -> T_UNDEF expr .) ]
  ! POWER           [ reduce using rule 130 (expr -> T_UNDEF expr .) ]
  ! TIMES           [ reduce using rule 130 (expr -> T_UNDEF expr .) ]
  ! DIVIDE_CEIL     [ reduce using rule 130 (expr -> T_UNDEF expr .) ]
  ! DIVIDE_FLOOR    [ reduce using rule 130 (expr -> T_UNDEF expr .) ]
  ! DIVIDE          [ reduce using rule 130 (expr -> T_UNDEF expr .) ]
  ! AND             [ reduce using rule 130 (expr -> T_UNDEF expr .) ]
  ! XOR             [ reduce using rule 130 (expr -> T_UNDEF expr .) ]
  ! OR              [ reduce using rule 130 (expr -> T_UNDEF expr .) ]
  ! EQUALS          [ reduce using rule 130 (expr -> T_UNDEF expr .) ]
  ! GREATER_EQUALS  [ reduce using rule 130 (expr -> T_UNDEF expr .) ]
  ! UNEQUALS        [ reduce using rule 130 (expr -> T_UNDEF expr .) ]
  ! GREATER_THAN    [ reduce using rule 130 (expr -> T_UNDEF expr .) ]
  ! SMALLER_THAN    [ reduce using rule 130 (expr -> T_UNDEF expr .) ]
  ! SMALLER_EQUALS  [ reduce using rule 130 (expr -> T_UNDEF expr .) ]


state 112

    (132) expr -> WHILE expr . THEN COMMA expr DOT
    (1) expr -> expr . ARROW expr
    (2) expr -> expr . OPEN_BRACKETS PLUS CLOSED_BRACKETS
    (3) expr -> expr . OPEN_BRACKETS expr CLOSED_BRACKETS
    (26) expr -> expr . LPAREN para_expr RPAREN
    (41) expr -> expr . CONS expr
    (46) expr -> expr . PLUS expr
    (47) expr -> expr . MINUS expr
    (48) expr -> expr . EXP expr
    (49) expr -> expr . MOD expr
    (53) expr -> expr . IMAG
    (58) expr -> expr . POWER expr
    (65) expr -> expr . TIMES expr
    (66) expr -> expr . DIVIDE_CEIL expr
    (67) expr -> expr . DIVIDE_FLOOR expr
    (68) expr -> expr . DIVIDE expr
    (69) expr -> expr . AND expr
    (70) expr -> expr . XOR expr
    (71) expr -> expr . OR expr
    (29) comp -> expr . EQUALS expr
    (31) comp -> expr . GREATER_EQUALS expr
    (33) comp -> expr . UNEQUALS expr
    (35) comp -> expr . GREATER_THAN expr
    (37) comp -> expr . SMALLER_THAN expr
    (39) comp -> expr . SMALLER_EQUALS expr

    THEN            shift and go to state 201
    ARROW           shift and go to state 31
    OPEN_BRACKETS   shift and go to state 32
    LPAREN          shift and go to state 34
    CONS            shift and go to state 35
    PLUS            shift and go to state 33
    MINUS           shift and go to state 36
    EXP             shift and go to state 37
    MOD             shift and go to state 38
    IMAG            shift and go to state 39
    POWER           shift and go to state 40
    TIMES           shift and go to state 41
    DIVIDE_CEIL     shift and go to state 42
    DIVIDE_FLOOR    shift and go to state 43
    DIVIDE          shift and go to state 44
    AND             shift and go to state 45
    XOR             shift and go to state 46
    OR              shift and go to state 47
    EQUALS          shift and go to state 48
    GREATER_EQUALS  shift and go to state 49
    UNEQUALS        shift and go to state 50
    GREATER_THAN    shift and go to state 51
    SMALLER_THAN    shift and go to state 52
    SMALLER_EQUALS  shift and go to state 53


state 113

    (1) expr -> expr ARROW expr .
    (1) expr -> expr . ARROW expr
    (2) expr -> expr . OPEN_BRACKETS PLUS CLOSED_BRACKETS
    (3) expr -> expr . OPEN_BRACKETS expr CLOSED_BRACKETS
    (26) expr -> expr . LPAREN para_expr RPAREN
    (41) expr -> expr . CONS expr
    (46) expr -> expr . PLUS expr
    (47) expr -> expr . MINUS expr
    (48) expr -> expr . EXP expr
    (49) expr -> expr . MOD expr
    (53) expr -> expr . IMAG
    (58) expr -> expr . POWER expr
    (65) expr -> expr . TIMES expr
    (66) expr -> expr . DIVIDE_CEIL expr
    (67) expr -> expr . DIVIDE_FLOOR expr
    (68) expr -> expr . DIVIDE expr
    (69) expr -> expr . AND expr
    (70) expr -> expr . XOR expr
    (71) expr -> expr . OR expr
    (29) comp -> expr . EQUALS expr
    (31) comp -> expr . GREATER_EQUALS expr
    (33) comp -> expr . UNEQUALS expr
    (35) comp -> expr . GREATER_THAN expr
    (37) comp -> expr . SMALLER_THAN expr
    (39) comp -> expr . SMALLER_EQUALS expr

    ARROW           reduce using rule 1 (expr -> expr ARROW expr .)
    OPEN_BRACKETS   reduce using rule 1 (expr -> expr ARROW expr .)
    LPAREN          reduce using rule 1 (expr -> expr ARROW expr .)
    CONS            reduce using rule 1 (expr -> expr ARROW expr .)
    PLUS            reduce using rule 1 (expr -> expr ARROW expr .)
    MINUS           reduce using rule 1 (expr -> expr ARROW expr .)
    EXP             reduce using rule 1 (expr -> expr ARROW expr .)
    MOD             reduce using rule 1 (expr -> expr ARROW expr .)
    IMAG            reduce using rule 1 (expr -> expr ARROW expr .)
    POWER           reduce using rule 1 (expr -> expr ARROW expr .)
    TIMES           reduce using rule 1 (expr -> expr ARROW expr .)
    DIVIDE_CEIL     reduce using rule 1 (expr -> expr ARROW expr .)
    DIVIDE_FLOOR    reduce using rule 1 (expr -> expr ARROW expr .)
    DIVIDE          reduce using rule 1 (expr -> expr ARROW expr .)
    AND             reduce using rule 1 (expr -> expr ARROW expr .)
    XOR             reduce using rule 1 (expr -> expr ARROW expr .)
    OR              reduce using rule 1 (expr -> expr ARROW expr .)
    EQUALS          reduce using rule 1 (expr -> expr ARROW expr .)
    GREATER_EQUALS  reduce using rule 1 (expr -> expr ARROW expr .)
    UNEQUALS        reduce using rule 1 (expr -> expr ARROW expr .)
    GREATER_THAN    reduce using rule 1 (expr -> expr ARROW expr .)
    SMALLER_THAN    reduce using rule 1 (expr -> expr ARROW expr .)
    SMALLER_EQUALS  reduce using rule 1 (expr -> expr ARROW expr .)
    $end            reduce using rule 1 (expr -> expr ARROW expr .)
    CLOSED_BRACKETS reduce using rule 1 (expr -> expr ARROW expr .)
    DOT             reduce using rule 1 (expr -> expr ARROW expr .)
    COMMA           reduce using rule 1 (expr -> expr ARROW expr .)
    RPAREN          reduce using rule 1 (expr -> expr ARROW expr .)
    SEMICOLON       reduce using rule 1 (expr -> expr ARROW expr .)
    END             reduce using rule 1 (expr -> expr ARROW expr .)
    THEN            reduce using rule 1 (expr -> expr ARROW expr .)
    WITH            reduce using rule 1 (expr -> expr ARROW expr .)
    COLON           reduce using rule 1 (expr -> expr ARROW expr .)
    IN              reduce using rule 1 (expr -> expr ARROW expr .)
    LOOPTHEN        reduce using rule 1 (expr -> expr ARROW expr .)
    ELSE            reduce using rule 1 (expr -> expr ARROW expr .)

  ! ARROW           [ shift and go to state 31 ]
  ! OPEN_BRACKETS   [ shift and go to state 32 ]
  ! LPAREN          [ shift and go to state 34 ]
  ! CONS            [ shift and go to state 35 ]
  ! PLUS            [ shift and go to state 33 ]
  ! MINUS           [ shift and go to state 36 ]
  ! EXP             [ shift and go to state 37 ]
  ! MOD             [ shift and go to state 38 ]
  ! IMAG            [ shift and go to state 39 ]
  ! POWER           [ shift and go to state 40 ]
  ! TIMES           [ shift and go to state 41 ]
  ! DIVIDE_CEIL     [ shift and go to state 42 ]
  ! DIVIDE_FLOOR    [ shift and go to state 43 ]
  ! DIVIDE          [ shift and go to state 44 ]
  ! AND             [ shift and go to state 45 ]
  ! XOR             [ shift and go to state 46 ]
  ! OR              [ shift and go to state 47 ]
  ! EQUALS          [ shift and go to state 48 ]
  ! GREATER_EQUALS  [ shift and go to state 49 ]
  ! UNEQUALS        [ shift and go to state 50 ]
  ! GREATER_THAN    [ shift and go to state 51 ]
  ! SMALLER_THAN    [ shift and go to state 52 ]
  ! SMALLER_EQUALS  [ shift and go to state 53 ]


state 114

    (3) expr -> expr OPEN_BRACKETS expr . CLOSED_BRACKETS
    (1) expr -> expr . ARROW expr
    (2) expr -> expr . OPEN_BRACKETS PLUS CLOSED_BRACKETS
    (3) expr -> expr . OPEN_BRACKETS expr CLOSED_BRACKETS
    (26) expr -> expr . LPAREN para_expr RPAREN
    (41) expr -> expr . CONS expr
    (46) expr -> expr . PLUS expr
    (47) expr -> expr . MINUS expr
    (48) expr -> expr . EXP expr
    (49) expr -> expr . MOD expr
    (53) expr -> expr . IMAG
    (58) expr -> expr . POWER expr
    (65) expr -> expr . TIMES expr
    (66) expr -> expr . DIVIDE_CEIL expr
    (67) expr -> expr . DIVIDE_FLOOR expr
    (68) expr -> expr . DIVIDE expr
    (69) expr -> expr . AND expr
    (70) expr -> expr . XOR expr
    (71) expr -> expr . OR expr
    (29) comp -> expr . EQUALS expr
    (31) comp -> expr . GREATER_EQUALS expr
    (33) comp -> expr . UNEQUALS expr
    (35) comp -> expr . GREATER_THAN expr
    (37) comp -> expr . SMALLER_THAN expr
    (39) comp -> expr . SMALLER_EQUALS expr

    CLOSED_BRACKETS shift and go to state 202
    ARROW           shift and go to state 31
    OPEN_BRACKETS   shift and go to state 32
    LPAREN          shift and go to state 34
    CONS            shift and go to state 35
    PLUS            shift and go to state 33
    MINUS           shift and go to state 36
    EXP             shift and go to state 37
    MOD             shift and go to state 38
    IMAG            shift and go to state 39
    POWER           shift and go to state 40
    TIMES           shift and go to state 41
    DIVIDE_CEIL     shift and go to state 42
    DIVIDE_FLOOR    shift and go to state 43
    DIVIDE          shift and go to state 44
    AND             shift and go to state 45
    XOR             shift and go to state 46
    OR              shift and go to state 47
    EQUALS          shift and go to state 48
    GREATER_EQUALS  shift and go to state 49
    UNEQUALS        shift and go to state 50
    GREATER_THAN    shift and go to state 51
    SMALLER_THAN    shift and go to state 52
    SMALLER_EQUALS  shift and go to state 53


state 115

    (2) expr -> expr OPEN_BRACKETS PLUS . CLOSED_BRACKETS
    (51) expr -> PLUS . expr
    (1) expr -> . expr ARROW expr
    (2) expr -> . expr OPEN_BRACKETS PLUS CLOSED_BRACKETS
    (3) expr -> . expr OPEN_BRACKETS expr CLOSED_BRACKETS
    (4) expr -> . IDENTIFIER PLUS_ASSIGN expr
    (5) expr -> . IDENTIFIER MINUS_ASSIGN expr
    (6) expr -> . IDENTIFIER SMALLER_EQUALS_ASSIGN expr
    (7) expr -> . IDENTIFIER GREATER_THAN_ASSIGN expr
    (8) expr -> . IDENTIFIER SMALLER_THAN_ASSIGN expr
    (9) expr -> . IDENTIFIER AND_ASSIGN expr
    (10) expr -> . IDENTIFIER OR_ASSIGN expr
    (11) expr -> . IDENTIFIER XOR_ASSIGN expr
    (12) expr -> . IDENTIFIER MOD_ASSIGN expr
    (13) expr -> . IDENTIFIER EXP_ASSIGN expr
    (14) expr -> . IDENTIFIER POWER_ASSIGN expr
    (15) expr -> . IDENTIFIER TIMES_ASSIGN expr
    (16) expr -> . IDENTIFIER DIVIDE_CEIL_ASSIGN expr
    (17) expr -> . IDENTIFIER DIVIDE_FLOOR_ASSIGN expr
    (18) expr -> . IDENTIFIER DIVIDE_ASSIGN expr
    (19) expr -> . IDENTIFIER EQUALS_ASSIGN expr
    (20) expr -> . IDENTIFIER UNEQUALS_ASSIGN expr
    (21) expr -> . IDENTIFIER GREATER_EQUALS_ASSIGN expr
    (26) expr -> . expr LPAREN para_expr RPAREN
    (41) expr -> . expr CONS expr
    (46) expr -> . expr PLUS expr
    (47) expr -> . expr MINUS expr
    (48) expr -> . expr EXP expr
    (49) expr -> . expr MOD expr
    (50) expr -> . NOT expr
    (51) expr -> . PLUS expr
    (52) expr -> . MINUS expr
    (53) expr -> . expr IMAG
    (54) expr -> . comp
    (55) expr -> . assign_expr
    (56) expr -> . BEGIN sequence END
    (57) expr -> . BEGIN END
    (58) expr -> . expr POWER expr
    (59) expr -> . LET letrec_assign IN expr DOT
    (60) expr -> . OPEN_BRACKETS param_list CLOSED_BRACKETS
    (61) expr -> . OPEN_BRACKETS expr CLOSED_BRACKETS
    (62) expr -> . OPEN_BRACKETS CLOSED_BRACKETS
    (63) expr -> . STRUCT BEGIN assign_list END
    (64) expr -> . STRUCT BEGIN END
    (65) expr -> . expr TIMES expr
    (66) expr -> . expr DIVIDE_CEIL expr
    (67) expr -> . expr DIVIDE_FLOOR expr
    (68) expr -> . expr DIVIDE expr
    (69) expr -> . expr AND expr
    (70) expr -> . expr XOR expr
    (71) expr -> . expr OR expr
    (73) expr -> . FLOAT
    (74) expr -> . IF expr THEN COMMA expr DOT
    (75) expr -> . IF expr THEN COMMA expr else_elif_body DOT
    (76) expr -> . IMPORT file
    (77) expr -> . OPEN_BRACKETS expr DOT DOT expr CLOSED_BRACKETS
    (78) expr -> . CLOSED_BRACKETS expr DOT DOT expr CLOSED_BRACKETS
    (79) expr -> . OPEN_BRACKETS expr DOT DOT expr OPEN_BRACKETS
    (80) expr -> . CLOSED_BRACKETS expr DOT DOT expr OPEN_BRACKETS
    (81) expr -> . LAMBDA para ARROW type COLON expr
    (82) expr -> . NULL
    (85) expr -> . LPAREN param_list RPAREN
    (86) expr -> . LOOP IDENTIFIER IN expr LOOPTHEN expr DOT
    (87) expr -> . MATCH expr WITH cases DOT
    (88) expr -> . NUMBER
    (115) expr -> . LPAREN expr RPAREN
    (120) expr -> . STRING
    (130) expr -> . T_UNDEF expr
    (131) expr -> . IDENTIFIER
    (132) expr -> . WHILE expr THEN COMMA expr DOT
    (29) comp -> . expr EQUALS expr
    (30) comp -> . comp EQUALS expr
    (31) comp -> . expr GREATER_EQUALS expr
    (32) comp -> . comp GREATER_EQUALS expr
    (33) comp -> . expr UNEQUALS expr
    (34) comp -> . comp UNEQUALS expr
    (35) comp -> . expr GREATER_THAN expr
    (36) comp -> . comp GREATER_THAN expr
    (37) comp -> . expr SMALLER_THAN expr
    (38) comp -> . comp SMALLER_THAN expr
    (39) comp -> . expr SMALLER_EQUALS expr
    (40) comp -> . comp SMALLER_EQUALS expr
    (22) assign_expr -> . type IDENTIFIER ASSIGN expr
    (23) assign_expr -> . IDENTIFIER ASSIGN expr
    (121) type -> . T_INT
    (122) type -> . T_FLOAT
    (123) type -> . T_STRING
    (124) type -> . T_COMPLEX
    (125) type -> . LPAREN type_arg RPAREN ARROW type
    (126) type -> . type ARROW type
    (127) type -> . OPEN_BRACKETS CLOSED_BRACKETS type

    CLOSED_BRACKETS shift and go to state 203
    IDENTIFIER      shift and go to state 6
    NOT             shift and go to state 9
    PLUS            shift and go to state 4
    MINUS           shift and go to state 8
    BEGIN           shift and go to state 12
    LET             shift and go to state 13
    OPEN_BRACKETS   shift and go to state 3
    STRUCT          shift and go to state 14
    FLOAT           shift and go to state 15
    IF              shift and go to state 16
    IMPORT          shift and go to state 17
    LAMBDA          shift and go to state 18
    NULL            shift and go to state 20
    LPAREN          shift and go to state 7
    LOOP            shift and go to state 21
    MATCH           shift and go to state 22
    NUMBER          shift and go to state 23
    STRING          shift and go to state 24
    T_UNDEF         shift and go to state 25
    WHILE           shift and go to state 26
    T_INT           shift and go to state 27
    T_FLOAT         shift and go to state 28
    T_STRING        shift and go to state 29
    T_COMPLEX       shift and go to state 30

    expr                           shift and go to state 57
    comp                           shift and go to state 10
    assign_expr                    shift and go to state 11
    type                           shift and go to state 19

state 116

    (46) expr -> expr PLUS expr .
    (1) expr -> expr . ARROW expr
    (2) expr -> expr . OPEN_BRACKETS PLUS CLOSED_BRACKETS
    (3) expr -> expr . OPEN_BRACKETS expr CLOSED_BRACKETS
    (26) expr -> expr . LPAREN para_expr RPAREN
    (41) expr -> expr . CONS expr
    (46) expr -> expr . PLUS expr
    (47) expr -> expr . MINUS expr
    (48) expr -> expr . EXP expr
    (49) expr -> expr . MOD expr
    (53) expr -> expr . IMAG
    (58) expr -> expr . POWER expr
    (65) expr -> expr . TIMES expr
    (66) expr -> expr . DIVIDE_CEIL expr
    (67) expr -> expr . DIVIDE_FLOOR expr
    (68) expr -> expr . DIVIDE expr
    (69) expr -> expr . AND expr
    (70) expr -> expr . XOR expr
    (71) expr -> expr . OR expr
    (29) comp -> expr . EQUALS expr
    (31) comp -> expr . GREATER_EQUALS expr
    (33) comp -> expr . UNEQUALS expr
    (35) comp -> expr . GREATER_THAN expr
    (37) comp -> expr . SMALLER_THAN expr
    (39) comp -> expr . SMALLER_EQUALS expr

    PLUS            reduce using rule 46 (expr -> expr PLUS expr .)
    MINUS           reduce using rule 46 (expr -> expr PLUS expr .)
    AND             reduce using rule 46 (expr -> expr PLUS expr .)
    XOR             reduce using rule 46 (expr -> expr PLUS expr .)
    OR              reduce using rule 46 (expr -> expr PLUS expr .)
    EQUALS          reduce using rule 46 (expr -> expr PLUS expr .)
    GREATER_EQUALS  reduce using rule 46 (expr -> expr PLUS expr .)
    UNEQUALS        reduce using rule 46 (expr -> expr PLUS expr .)
    GREATER_THAN    reduce using rule 46 (expr -> expr PLUS expr .)
    SMALLER_THAN    reduce using rule 46 (expr -> expr PLUS expr .)
    SMALLER_EQUALS  reduce using rule 46 (expr -> expr PLUS expr .)
    $end            reduce using rule 46 (expr -> expr PLUS expr .)
    CLOSED_BRACKETS reduce using rule 46 (expr -> expr PLUS expr .)
    DOT             reduce using rule 46 (expr -> expr PLUS expr .)
    COMMA           reduce using rule 46 (expr -> expr PLUS expr .)
    RPAREN          reduce using rule 46 (expr -> expr PLUS expr .)
    SEMICOLON       reduce using rule 46 (expr -> expr PLUS expr .)
    END             reduce using rule 46 (expr -> expr PLUS expr .)
    THEN            reduce using rule 46 (expr -> expr PLUS expr .)
    WITH            reduce using rule 46 (expr -> expr PLUS expr .)
    COLON           reduce using rule 46 (expr -> expr PLUS expr .)
    IN              reduce using rule 46 (expr -> expr PLUS expr .)
    LOOPTHEN        reduce using rule 46 (expr -> expr PLUS expr .)
    ELSE            reduce using rule 46 (expr -> expr PLUS expr .)
    ARROW           shift and go to state 31
    OPEN_BRACKETS   shift and go to state 32
    LPAREN          shift and go to state 34
    CONS            shift and go to state 35
    EXP             shift and go to state 37
    MOD             shift and go to state 38
    IMAG            shift and go to state 39
    POWER           shift and go to state 40
    TIMES           shift and go to state 41
    DIVIDE_CEIL     shift and go to state 42
    DIVIDE_FLOOR    shift and go to state 43
    DIVIDE          shift and go to state 44

  ! ARROW           [ reduce using rule 46 (expr -> expr PLUS expr .) ]
  ! OPEN_BRACKETS   [ reduce using rule 46 (expr -> expr PLUS expr .) ]
  ! LPAREN          [ reduce using rule 46 (expr -> expr PLUS expr .) ]
  ! CONS            [ reduce using rule 46 (expr -> expr PLUS expr .) ]
  ! EXP             [ reduce using rule 46 (expr -> expr PLUS expr .) ]
  ! MOD             [ reduce using rule 46 (expr -> expr PLUS expr .) ]
  ! IMAG            [ reduce using rule 46 (expr -> expr PLUS expr .) ]
  ! POWER           [ reduce using rule 46 (expr -> expr PLUS expr .) ]
  ! TIMES           [ reduce using rule 46 (expr -> expr PLUS expr .) ]
  ! DIVIDE_CEIL     [ reduce using rule 46 (expr -> expr PLUS expr .) ]
  ! DIVIDE_FLOOR    [ reduce using rule 46 (expr -> expr PLUS expr .) ]
  ! DIVIDE          [ reduce using rule 46 (expr -> expr PLUS expr .) ]
  ! PLUS            [ shift and go to state 33 ]
  ! MINUS           [ shift and go to state 36 ]
  ! AND             [ shift and go to state 45 ]
  ! XOR             [ shift and go to state 46 ]
  ! OR              [ shift and go to state 47 ]
  ! EQUALS          [ shift and go to state 48 ]
  ! GREATER_EQUALS  [ shift and go to state 49 ]
  ! UNEQUALS        [ shift and go to state 50 ]
  ! GREATER_THAN    [ shift and go to state 51 ]
  ! SMALLER_THAN    [ shift and go to state 52 ]
  ! SMALLER_EQUALS  [ shift and go to state 53 ]


state 117

    (107) param_pos_expr -> expr . COMMA param_pos_expr
    (108) param_pos_expr -> expr .
    (1) expr -> expr . ARROW expr
    (2) expr -> expr . OPEN_BRACKETS PLUS CLOSED_BRACKETS
    (3) expr -> expr . OPEN_BRACKETS expr CLOSED_BRACKETS
    (26) expr -> expr . LPAREN para_expr RPAREN
    (41) expr -> expr . CONS expr
    (46) expr -> expr . PLUS expr
    (47) expr -> expr . MINUS expr
    (48) expr -> expr . EXP expr
    (49) expr -> expr . MOD expr
    (53) expr -> expr . IMAG
    (58) expr -> expr . POWER expr
    (65) expr -> expr . TIMES expr
    (66) expr -> expr . DIVIDE_CEIL expr
    (67) expr -> expr . DIVIDE_FLOOR expr
    (68) expr -> expr . DIVIDE expr
    (69) expr -> expr . AND expr
    (70) expr -> expr . XOR expr
    (71) expr -> expr . OR expr
    (97) para_keywords_expr -> expr . COLON expr COMMA para_keywords_expr
    (98) para_keywords_expr -> expr . COLON expr
    (29) comp -> expr . EQUALS expr
    (31) comp -> expr . GREATER_EQUALS expr
    (33) comp -> expr . UNEQUALS expr
    (35) comp -> expr . GREATER_THAN expr
    (37) comp -> expr . SMALLER_THAN expr
    (39) comp -> expr . SMALLER_EQUALS expr

    COMMA           shift and go to state 204
    RPAREN          reduce using rule 108 (param_pos_expr -> expr .)
    ARROW           shift and go to state 31
    OPEN_BRACKETS   shift and go to state 32
    LPAREN          shift and go to state 34
    CONS            shift and go to state 35
    PLUS            shift and go to state 33
    MINUS           shift and go to state 36
    EXP             shift and go to state 37
    MOD             shift and go to state 38
    IMAG            shift and go to state 39
    POWER           shift and go to state 40
    TIMES           shift and go to state 41
    DIVIDE_CEIL     shift and go to state 42
    DIVIDE_FLOOR    shift and go to state 43
    DIVIDE          shift and go to state 44
    AND             shift and go to state 45
    XOR             shift and go to state 46
    OR              shift and go to state 47
    COLON           shift and go to state 205
    EQUALS          shift and go to state 48
    GREATER_EQUALS  shift and go to state 49
    UNEQUALS        shift and go to state 50
    GREATER_THAN    shift and go to state 51
    SMALLER_THAN    shift and go to state 52
    SMALLER_EQUALS  shift and go to state 53


state 118

    (26) expr -> expr LPAREN para_expr . RPAREN

    RPAREN          shift and go to state 206


state 119

    (93) para_expr -> param_pos_expr .

    RPAREN          reduce using rule 93 (para_expr -> param_pos_expr .)


state 120

    (94) para_expr -> empty .

    RPAREN          reduce using rule 94 (para_expr -> empty .)


state 121

    (109) param_pos_expr -> para_keywords_expr .

    RPAREN          reduce using rule 109 (param_pos_expr -> para_keywords_expr .)


state 122

    (41) expr -> expr CONS expr .
    (1) expr -> expr . ARROW expr
    (2) expr -> expr . OPEN_BRACKETS PLUS CLOSED_BRACKETS
    (3) expr -> expr . OPEN_BRACKETS expr CLOSED_BRACKETS
    (26) expr -> expr . LPAREN para_expr RPAREN
    (41) expr -> expr . CONS expr
    (46) expr -> expr . PLUS expr
    (47) expr -> expr . MINUS expr
    (48) expr -> expr . EXP expr
    (49) expr -> expr . MOD expr
    (53) expr -> expr . IMAG
    (58) expr -> expr . POWER expr
    (65) expr -> expr . TIMES expr
    (66) expr -> expr . DIVIDE_CEIL expr
    (67) expr -> expr . DIVIDE_FLOOR expr
    (68) expr -> expr . DIVIDE expr
    (69) expr -> expr . AND expr
    (70) expr -> expr . XOR expr
    (71) expr -> expr . OR expr
    (29) comp -> expr . EQUALS expr
    (31) comp -> expr . GREATER_EQUALS expr
    (33) comp -> expr . UNEQUALS expr
    (35) comp -> expr . GREATER_THAN expr
    (37) comp -> expr . SMALLER_THAN expr
    (39) comp -> expr . SMALLER_EQUALS expr

    CONS            reduce using rule 41 (expr -> expr CONS expr .)
    PLUS            reduce using rule 41 (expr -> expr CONS expr .)
    MINUS           reduce using rule 41 (expr -> expr CONS expr .)
    EXP             reduce using rule 41 (expr -> expr CONS expr .)
    MOD             reduce using rule 41 (expr -> expr CONS expr .)
    IMAG            reduce using rule 41 (expr -> expr CONS expr .)
    POWER           reduce using rule 41 (expr -> expr CONS expr .)
    TIMES           reduce using rule 41 (expr -> expr CONS expr .)
    DIVIDE_CEIL     reduce using rule 41 (expr -> expr CONS expr .)
    DIVIDE_FLOOR    reduce using rule 41 (expr -> expr CONS expr .)
    DIVIDE          reduce using rule 41 (expr -> expr CONS expr .)
    AND             reduce using rule 41 (expr -> expr CONS expr .)
    XOR             reduce using rule 41 (expr -> expr CONS expr .)
    OR              reduce using rule 41 (expr -> expr CONS expr .)
    EQUALS          reduce using rule 41 (expr -> expr CONS expr .)
    GREATER_EQUALS  reduce using rule 41 (expr -> expr CONS expr .)
    UNEQUALS        reduce using rule 41 (expr -> expr CONS expr .)
    GREATER_THAN    reduce using rule 41 (expr -> expr CONS expr .)
    SMALLER_THAN    reduce using rule 41 (expr -> expr CONS expr .)
    SMALLER_EQUALS  reduce using rule 41 (expr -> expr CONS expr .)
    $end            reduce using rule 41 (expr -> expr CONS expr .)
    CLOSED_BRACKETS reduce using rule 41 (expr -> expr CONS expr .)
    DOT             reduce using rule 41 (expr -> expr CONS expr .)
    COMMA           reduce using rule 41 (expr -> expr CONS expr .)
    RPAREN          reduce using rule 41 (expr -> expr CONS expr .)
    SEMICOLON       reduce using rule 41 (expr -> expr CONS expr .)
    END             reduce using rule 41 (expr -> expr CONS expr .)
    THEN            reduce using rule 41 (expr -> expr CONS expr .)
    WITH            reduce using rule 41 (expr -> expr CONS expr .)
    COLON           reduce using rule 41 (expr -> expr CONS expr .)
    IN              reduce using rule 41 (expr -> expr CONS expr .)
    LOOPTHEN        reduce using rule 41 (expr -> expr CONS expr .)
    ELSE            reduce using rule 41 (expr -> expr CONS expr .)
    ARROW           shift and go to state 31
    OPEN_BRACKETS   shift and go to state 32
    LPAREN          shift and go to state 34

  ! ARROW           [ reduce using rule 41 (expr -> expr CONS expr .) ]
  ! OPEN_BRACKETS   [ reduce using rule 41 (expr -> expr CONS expr .) ]
  ! LPAREN          [ reduce using rule 41 (expr -> expr CONS expr .) ]
  ! CONS            [ shift and go to state 35 ]
  ! PLUS            [ shift and go to state 33 ]
  ! MINUS           [ shift and go to state 36 ]
  ! EXP             [ shift and go to state 37 ]
  ! MOD             [ shift and go to state 38 ]
  ! IMAG            [ shift and go to state 39 ]
  ! POWER           [ shift and go to state 40 ]
  ! TIMES           [ shift and go to state 41 ]
  ! DIVIDE_CEIL     [ shift and go to state 42 ]
  ! DIVIDE_FLOOR    [ shift and go to state 43 ]
  ! DIVIDE          [ shift and go to state 44 ]
  ! AND             [ shift and go to state 45 ]
  ! XOR             [ shift and go to state 46 ]
  ! OR              [ shift and go to state 47 ]
  ! EQUALS          [ shift and go to state 48 ]
  ! GREATER_EQUALS  [ shift and go to state 49 ]
  ! UNEQUALS        [ shift and go to state 50 ]
  ! GREATER_THAN    [ shift and go to state 51 ]
  ! SMALLER_THAN    [ shift and go to state 52 ]
  ! SMALLER_EQUALS  [ shift and go to state 53 ]


state 123

    (47) expr -> expr MINUS expr .
    (1) expr -> expr . ARROW expr
    (2) expr -> expr . OPEN_BRACKETS PLUS CLOSED_BRACKETS
    (3) expr -> expr . OPEN_BRACKETS expr CLOSED_BRACKETS
    (26) expr -> expr . LPAREN para_expr RPAREN
    (41) expr -> expr . CONS expr
    (46) expr -> expr . PLUS expr
    (47) expr -> expr . MINUS expr
    (48) expr -> expr . EXP expr
    (49) expr -> expr . MOD expr
    (53) expr -> expr . IMAG
    (58) expr -> expr . POWER expr
    (65) expr -> expr . TIMES expr
    (66) expr -> expr . DIVIDE_CEIL expr
    (67) expr -> expr . DIVIDE_FLOOR expr
    (68) expr -> expr . DIVIDE expr
    (69) expr -> expr . AND expr
    (70) expr -> expr . XOR expr
    (71) expr -> expr . OR expr
    (29) comp -> expr . EQUALS expr
    (31) comp -> expr . GREATER_EQUALS expr
    (33) comp -> expr . UNEQUALS expr
    (35) comp -> expr . GREATER_THAN expr
    (37) comp -> expr . SMALLER_THAN expr
    (39) comp -> expr . SMALLER_EQUALS expr

    PLUS            reduce using rule 47 (expr -> expr MINUS expr .)
    MINUS           reduce using rule 47 (expr -> expr MINUS expr .)
    AND             reduce using rule 47 (expr -> expr MINUS expr .)
    XOR             reduce using rule 47 (expr -> expr MINUS expr .)
    OR              reduce using rule 47 (expr -> expr MINUS expr .)
    EQUALS          reduce using rule 47 (expr -> expr MINUS expr .)
    GREATER_EQUALS  reduce using rule 47 (expr -> expr MINUS expr .)
    UNEQUALS        reduce using rule 47 (expr -> expr MINUS expr .)
    GREATER_THAN    reduce using rule 47 (expr -> expr MINUS expr .)
    SMALLER_THAN    reduce using rule 47 (expr -> expr MINUS expr .)
    SMALLER_EQUALS  reduce using rule 47 (expr -> expr MINUS expr .)
    $end            reduce using rule 47 (expr -> expr MINUS expr .)
    CLOSED_BRACKETS reduce using rule 47 (expr -> expr MINUS expr .)
    DOT             reduce using rule 47 (expr -> expr MINUS expr .)
    COMMA           reduce using rule 47 (expr -> expr MINUS expr .)
    RPAREN          reduce using rule 47 (expr -> expr MINUS expr .)
    SEMICOLON       reduce using rule 47 (expr -> expr MINUS expr .)
    END             reduce using rule 47 (expr -> expr MINUS expr .)
    THEN            reduce using rule 47 (expr -> expr MINUS expr .)
    WITH            reduce using rule 47 (expr -> expr MINUS expr .)
    COLON           reduce using rule 47 (expr -> expr MINUS expr .)
    IN              reduce using rule 47 (expr -> expr MINUS expr .)
    LOOPTHEN        reduce using rule 47 (expr -> expr MINUS expr .)
    ELSE            reduce using rule 47 (expr -> expr MINUS expr .)
    ARROW           shift and go to state 31
    OPEN_BRACKETS   shift and go to state 32
    LPAREN          shift and go to state 34
    CONS            shift and go to state 35
    EXP             shift and go to state 37
    MOD             shift and go to state 38
    IMAG            shift and go to state 39
    POWER           shift and go to state 40
    TIMES           shift and go to state 41
    DIVIDE_CEIL     shift and go to state 42
    DIVIDE_FLOOR    shift and go to state 43
    DIVIDE          shift and go to state 44

  ! ARROW           [ reduce using rule 47 (expr -> expr MINUS expr .) ]
  ! OPEN_BRACKETS   [ reduce using rule 47 (expr -> expr MINUS expr .) ]
  ! LPAREN          [ reduce using rule 47 (expr -> expr MINUS expr .) ]
  ! CONS            [ reduce using rule 47 (expr -> expr MINUS expr .) ]
  ! EXP             [ reduce using rule 47 (expr -> expr MINUS expr .) ]
  ! MOD             [ reduce using rule 47 (expr -> expr MINUS expr .) ]
  ! IMAG            [ reduce using rule 47 (expr -> expr MINUS expr .) ]
  ! POWER           [ reduce using rule 47 (expr -> expr MINUS expr .) ]
  ! TIMES           [ reduce using rule 47 (expr -> expr MINUS expr .) ]
  ! DIVIDE_CEIL     [ reduce using rule 47 (expr -> expr MINUS expr .) ]
  ! DIVIDE_FLOOR    [ reduce using rule 47 (expr -> expr MINUS expr .) ]
  ! DIVIDE          [ reduce using rule 47 (expr -> expr MINUS expr .) ]
  ! PLUS            [ shift and go to state 33 ]
  ! MINUS           [ shift and go to state 36 ]
  ! AND             [ shift and go to state 45 ]
  ! XOR             [ shift and go to state 46 ]
  ! OR              [ shift and go to state 47 ]
  ! EQUALS          [ shift and go to state 48 ]
  ! GREATER_EQUALS  [ shift and go to state 49 ]
  ! UNEQUALS        [ shift and go to state 50 ]
  ! GREATER_THAN    [ shift and go to state 51 ]
  ! SMALLER_THAN    [ shift and go to state 52 ]
  ! SMALLER_EQUALS  [ shift and go to state 53 ]


state 124

    (48) expr -> expr EXP expr .
    (1) expr -> expr . ARROW expr
    (2) expr -> expr . OPEN_BRACKETS PLUS CLOSED_BRACKETS
    (3) expr -> expr . OPEN_BRACKETS expr CLOSED_BRACKETS
    (26) expr -> expr . LPAREN para_expr RPAREN
    (41) expr -> expr . CONS expr
    (46) expr -> expr . PLUS expr
    (47) expr -> expr . MINUS expr
    (48) expr -> expr . EXP expr
    (49) expr -> expr . MOD expr
    (53) expr -> expr . IMAG
    (58) expr -> expr . POWER expr
    (65) expr -> expr . TIMES expr
    (66) expr -> expr . DIVIDE_CEIL expr
    (67) expr -> expr . DIVIDE_FLOOR expr
    (68) expr -> expr . DIVIDE expr
    (69) expr -> expr . AND expr
    (70) expr -> expr . XOR expr
    (71) expr -> expr . OR expr
    (29) comp -> expr . EQUALS expr
    (31) comp -> expr . GREATER_EQUALS expr
    (33) comp -> expr . UNEQUALS expr
    (35) comp -> expr . GREATER_THAN expr
    (37) comp -> expr . SMALLER_THAN expr
    (39) comp -> expr . SMALLER_EQUALS expr

    PLUS            reduce using rule 48 (expr -> expr EXP expr .)
    MINUS           reduce using rule 48 (expr -> expr EXP expr .)
    MOD             reduce using rule 48 (expr -> expr EXP expr .)
    TIMES           reduce using rule 48 (expr -> expr EXP expr .)
    DIVIDE_CEIL     reduce using rule 48 (expr -> expr EXP expr .)
    DIVIDE_FLOOR    reduce using rule 48 (expr -> expr EXP expr .)
    DIVIDE          reduce using rule 48 (expr -> expr EXP expr .)
    AND             reduce using rule 48 (expr -> expr EXP expr .)
    XOR             reduce using rule 48 (expr -> expr EXP expr .)
    OR              reduce using rule 48 (expr -> expr EXP expr .)
    EQUALS          reduce using rule 48 (expr -> expr EXP expr .)
    GREATER_EQUALS  reduce using rule 48 (expr -> expr EXP expr .)
    UNEQUALS        reduce using rule 48 (expr -> expr EXP expr .)
    GREATER_THAN    reduce using rule 48 (expr -> expr EXP expr .)
    SMALLER_THAN    reduce using rule 48 (expr -> expr EXP expr .)
    SMALLER_EQUALS  reduce using rule 48 (expr -> expr EXP expr .)
    $end            reduce using rule 48 (expr -> expr EXP expr .)
    CLOSED_BRACKETS reduce using rule 48 (expr -> expr EXP expr .)
    DOT             reduce using rule 48 (expr -> expr EXP expr .)
    COMMA           reduce using rule 48 (expr -> expr EXP expr .)
    RPAREN          reduce using rule 48 (expr -> expr EXP expr .)
    SEMICOLON       reduce using rule 48 (expr -> expr EXP expr .)
    END             reduce using rule 48 (expr -> expr EXP expr .)
    THEN            reduce using rule 48 (expr -> expr EXP expr .)
    WITH            reduce using rule 48 (expr -> expr EXP expr .)
    COLON           reduce using rule 48 (expr -> expr EXP expr .)
    IN              reduce using rule 48 (expr -> expr EXP expr .)
    LOOPTHEN        reduce using rule 48 (expr -> expr EXP expr .)
    ELSE            reduce using rule 48 (expr -> expr EXP expr .)
    ARROW           shift and go to state 31
    OPEN_BRACKETS   shift and go to state 32
    LPAREN          shift and go to state 34
    CONS            shift and go to state 35
    EXP             shift and go to state 37
    IMAG            shift and go to state 39
    POWER           shift and go to state 40

  ! ARROW           [ reduce using rule 48 (expr -> expr EXP expr .) ]
  ! OPEN_BRACKETS   [ reduce using rule 48 (expr -> expr EXP expr .) ]
  ! LPAREN          [ reduce using rule 48 (expr -> expr EXP expr .) ]
  ! CONS            [ reduce using rule 48 (expr -> expr EXP expr .) ]
  ! EXP             [ reduce using rule 48 (expr -> expr EXP expr .) ]
  ! IMAG            [ reduce using rule 48 (expr -> expr EXP expr .) ]
  ! POWER           [ reduce using rule 48 (expr -> expr EXP expr .) ]
  ! PLUS            [ shift and go to state 33 ]
  ! MINUS           [ shift and go to state 36 ]
  ! MOD             [ shift and go to state 38 ]
  ! TIMES           [ shift and go to state 41 ]
  ! DIVIDE_CEIL     [ shift and go to state 42 ]
  ! DIVIDE_FLOOR    [ shift and go to state 43 ]
  ! DIVIDE          [ shift and go to state 44 ]
  ! AND             [ shift and go to state 45 ]
  ! XOR             [ shift and go to state 46 ]
  ! OR              [ shift and go to state 47 ]
  ! EQUALS          [ shift and go to state 48 ]
  ! GREATER_EQUALS  [ shift and go to state 49 ]
  ! UNEQUALS        [ shift and go to state 50 ]
  ! GREATER_THAN    [ shift and go to state 51 ]
  ! SMALLER_THAN    [ shift and go to state 52 ]
  ! SMALLER_EQUALS  [ shift and go to state 53 ]


state 125

    (49) expr -> expr MOD expr .
    (1) expr -> expr . ARROW expr
    (2) expr -> expr . OPEN_BRACKETS PLUS CLOSED_BRACKETS
    (3) expr -> expr . OPEN_BRACKETS expr CLOSED_BRACKETS
    (26) expr -> expr . LPAREN para_expr RPAREN
    (41) expr -> expr . CONS expr
    (46) expr -> expr . PLUS expr
    (47) expr -> expr . MINUS expr
    (48) expr -> expr . EXP expr
    (49) expr -> expr . MOD expr
    (53) expr -> expr . IMAG
    (58) expr -> expr . POWER expr
    (65) expr -> expr . TIMES expr
    (66) expr -> expr . DIVIDE_CEIL expr
    (67) expr -> expr . DIVIDE_FLOOR expr
    (68) expr -> expr . DIVIDE expr
    (69) expr -> expr . AND expr
    (70) expr -> expr . XOR expr
    (71) expr -> expr . OR expr
    (29) comp -> expr . EQUALS expr
    (31) comp -> expr . GREATER_EQUALS expr
    (33) comp -> expr . UNEQUALS expr
    (35) comp -> expr . GREATER_THAN expr
    (37) comp -> expr . SMALLER_THAN expr
    (39) comp -> expr . SMALLER_EQUALS expr

    PLUS            reduce using rule 49 (expr -> expr MOD expr .)
    MINUS           reduce using rule 49 (expr -> expr MOD expr .)
    MOD             reduce using rule 49 (expr -> expr MOD expr .)
    TIMES           reduce using rule 49 (expr -> expr MOD expr .)
    DIVIDE_CEIL     reduce using rule 49 (expr -> expr MOD expr .)
    DIVIDE_FLOOR    reduce using rule 49 (expr -> expr MOD expr .)
    DIVIDE          reduce using rule 49 (expr -> expr MOD expr .)
    AND             reduce using rule 49 (expr -> expr MOD expr .)
    XOR             reduce using rule 49 (expr -> expr MOD expr .)
    OR              reduce using rule 49 (expr -> expr MOD expr .)
    EQUALS          reduce using rule 49 (expr -> expr MOD expr .)
    GREATER_EQUALS  reduce using rule 49 (expr -> expr MOD expr .)
    UNEQUALS        reduce using rule 49 (expr -> expr MOD expr .)
    GREATER_THAN    reduce using rule 49 (expr -> expr MOD expr .)
    SMALLER_THAN    reduce using rule 49 (expr -> expr MOD expr .)
    SMALLER_EQUALS  reduce using rule 49 (expr -> expr MOD expr .)
    $end            reduce using rule 49 (expr -> expr MOD expr .)
    CLOSED_BRACKETS reduce using rule 49 (expr -> expr MOD expr .)
    DOT             reduce using rule 49 (expr -> expr MOD expr .)
    COMMA           reduce using rule 49 (expr -> expr MOD expr .)
    RPAREN          reduce using rule 49 (expr -> expr MOD expr .)
    SEMICOLON       reduce using rule 49 (expr -> expr MOD expr .)
    END             reduce using rule 49 (expr -> expr MOD expr .)
    THEN            reduce using rule 49 (expr -> expr MOD expr .)
    WITH            reduce using rule 49 (expr -> expr MOD expr .)
    COLON           reduce using rule 49 (expr -> expr MOD expr .)
    IN              reduce using rule 49 (expr -> expr MOD expr .)
    LOOPTHEN        reduce using rule 49 (expr -> expr MOD expr .)
    ELSE            reduce using rule 49 (expr -> expr MOD expr .)
    ARROW           shift and go to state 31
    OPEN_BRACKETS   shift and go to state 32
    LPAREN          shift and go to state 34
    CONS            shift and go to state 35
    EXP             shift and go to state 37
    IMAG            shift and go to state 39
    POWER           shift and go to state 40

  ! ARROW           [ reduce using rule 49 (expr -> expr MOD expr .) ]
  ! OPEN_BRACKETS   [ reduce using rule 49 (expr -> expr MOD expr .) ]
  ! LPAREN          [ reduce using rule 49 (expr -> expr MOD expr .) ]
  ! CONS            [ reduce using rule 49 (expr -> expr MOD expr .) ]
  ! EXP             [ reduce using rule 49 (expr -> expr MOD expr .) ]
  ! IMAG            [ reduce using rule 49 (expr -> expr MOD expr .) ]
  ! POWER           [ reduce using rule 49 (expr -> expr MOD expr .) ]
  ! PLUS            [ shift and go to state 33 ]
  ! MINUS           [ shift and go to state 36 ]
  ! MOD             [ shift and go to state 38 ]
  ! TIMES           [ shift and go to state 41 ]
  ! DIVIDE_CEIL     [ shift and go to state 42 ]
  ! DIVIDE_FLOOR    [ shift and go to state 43 ]
  ! DIVIDE          [ shift and go to state 44 ]
  ! AND             [ shift and go to state 45 ]
  ! XOR             [ shift and go to state 46 ]
  ! OR              [ shift and go to state 47 ]
  ! EQUALS          [ shift and go to state 48 ]
  ! GREATER_EQUALS  [ shift and go to state 49 ]
  ! UNEQUALS        [ shift and go to state 50 ]
  ! GREATER_THAN    [ shift and go to state 51 ]
  ! SMALLER_THAN    [ shift and go to state 52 ]
  ! SMALLER_EQUALS  [ shift and go to state 53 ]


state 126

    (58) expr -> expr POWER expr .
    (1) expr -> expr . ARROW expr
    (2) expr -> expr . OPEN_BRACKETS PLUS CLOSED_BRACKETS
    (3) expr -> expr . OPEN_BRACKETS expr CLOSED_BRACKETS
    (26) expr -> expr . LPAREN para_expr RPAREN
    (41) expr -> expr . CONS expr
    (46) expr -> expr . PLUS expr
    (47) expr -> expr . MINUS expr
    (48) expr -> expr . EXP expr
    (49) expr -> expr . MOD expr
    (53) expr -> expr . IMAG
    (58) expr -> expr . POWER expr
    (65) expr -> expr . TIMES expr
    (66) expr -> expr . DIVIDE_CEIL expr
    (67) expr -> expr . DIVIDE_FLOOR expr
    (68) expr -> expr . DIVIDE expr
    (69) expr -> expr . AND expr
    (70) expr -> expr . XOR expr
    (71) expr -> expr . OR expr
    (29) comp -> expr . EQUALS expr
    (31) comp -> expr . GREATER_EQUALS expr
    (33) comp -> expr . UNEQUALS expr
    (35) comp -> expr . GREATER_THAN expr
    (37) comp -> expr . SMALLER_THAN expr
    (39) comp -> expr . SMALLER_EQUALS expr

    PLUS            reduce using rule 58 (expr -> expr POWER expr .)
    MINUS           reduce using rule 58 (expr -> expr POWER expr .)
    MOD             reduce using rule 58 (expr -> expr POWER expr .)
    TIMES           reduce using rule 58 (expr -> expr POWER expr .)
    DIVIDE_CEIL     reduce using rule 58 (expr -> expr POWER expr .)
    DIVIDE_FLOOR    reduce using rule 58 (expr -> expr POWER expr .)
    DIVIDE          reduce using rule 58 (expr -> expr POWER expr .)
    AND             reduce using rule 58 (expr -> expr POWER expr .)
    XOR             reduce using rule 58 (expr -> expr POWER expr .)
    OR              reduce using rule 58 (expr -> expr POWER expr .)
    EQUALS          reduce using rule 58 (expr -> expr POWER expr .)
    GREATER_EQUALS  reduce using rule 58 (expr -> expr POWER expr .)
    UNEQUALS        reduce using rule 58 (expr -> expr POWER expr .)
    GREATER_THAN    reduce using rule 58 (expr -> expr POWER expr .)
    SMALLER_THAN    reduce using rule 58 (expr -> expr POWER expr .)
    SMALLER_EQUALS  reduce using rule 58 (expr -> expr POWER expr .)
    $end            reduce using rule 58 (expr -> expr POWER expr .)
    CLOSED_BRACKETS reduce using rule 58 (expr -> expr POWER expr .)
    DOT             reduce using rule 58 (expr -> expr POWER expr .)
    COMMA           reduce using rule 58 (expr -> expr POWER expr .)
    RPAREN          reduce using rule 58 (expr -> expr POWER expr .)
    SEMICOLON       reduce using rule 58 (expr -> expr POWER expr .)
    END             reduce using rule 58 (expr -> expr POWER expr .)
    THEN            reduce using rule 58 (expr -> expr POWER expr .)
    WITH            reduce using rule 58 (expr -> expr POWER expr .)
    COLON           reduce using rule 58 (expr -> expr POWER expr .)
    IN              reduce using rule 58 (expr -> expr POWER expr .)
    LOOPTHEN        reduce using rule 58 (expr -> expr POWER expr .)
    ELSE            reduce using rule 58 (expr -> expr POWER expr .)
    ARROW           shift and go to state 31
    OPEN_BRACKETS   shift and go to state 32
    LPAREN          shift and go to state 34
    CONS            shift and go to state 35
    EXP             shift and go to state 37
    IMAG            shift and go to state 39
    POWER           shift and go to state 40

  ! ARROW           [ reduce using rule 58 (expr -> expr POWER expr .) ]
  ! OPEN_BRACKETS   [ reduce using rule 58 (expr -> expr POWER expr .) ]
  ! LPAREN          [ reduce using rule 58 (expr -> expr POWER expr .) ]
  ! CONS            [ reduce using rule 58 (expr -> expr POWER expr .) ]
  ! EXP             [ reduce using rule 58 (expr -> expr POWER expr .) ]
  ! IMAG            [ reduce using rule 58 (expr -> expr POWER expr .) ]
  ! POWER           [ reduce using rule 58 (expr -> expr POWER expr .) ]
  ! PLUS            [ shift and go to state 33 ]
  ! MINUS           [ shift and go to state 36 ]
  ! MOD             [ shift and go to state 38 ]
  ! TIMES           [ shift and go to state 41 ]
  ! DIVIDE_CEIL     [ shift and go to state 42 ]
  ! DIVIDE_FLOOR    [ shift and go to state 43 ]
  ! DIVIDE          [ shift and go to state 44 ]
  ! AND             [ shift and go to state 45 ]
  ! XOR             [ shift and go to state 46 ]
  ! OR              [ shift and go to state 47 ]
  ! EQUALS          [ shift and go to state 48 ]
  ! GREATER_EQUALS  [ shift and go to state 49 ]
  ! UNEQUALS        [ shift and go to state 50 ]
  ! GREATER_THAN    [ shift and go to state 51 ]
  ! SMALLER_THAN    [ shift and go to state 52 ]
  ! SMALLER_EQUALS  [ shift and go to state 53 ]


state 127

    (65) expr -> expr TIMES expr .
    (1) expr -> expr . ARROW expr
    (2) expr -> expr . OPEN_BRACKETS PLUS CLOSED_BRACKETS
    (3) expr -> expr . OPEN_BRACKETS expr CLOSED_BRACKETS
    (26) expr -> expr . LPAREN para_expr RPAREN
    (41) expr -> expr . CONS expr
    (46) expr -> expr . PLUS expr
    (47) expr -> expr . MINUS expr
    (48) expr -> expr . EXP expr
    (49) expr -> expr . MOD expr
    (53) expr -> expr . IMAG
    (58) expr -> expr . POWER expr
    (65) expr -> expr . TIMES expr
    (66) expr -> expr . DIVIDE_CEIL expr
    (67) expr -> expr . DIVIDE_FLOOR expr
    (68) expr -> expr . DIVIDE expr
    (69) expr -> expr . AND expr
    (70) expr -> expr . XOR expr
    (71) expr -> expr . OR expr
    (29) comp -> expr . EQUALS expr
    (31) comp -> expr . GREATER_EQUALS expr
    (33) comp -> expr . UNEQUALS expr
    (35) comp -> expr . GREATER_THAN expr
    (37) comp -> expr . SMALLER_THAN expr
    (39) comp -> expr . SMALLER_EQUALS expr

    PLUS            reduce using rule 65 (expr -> expr TIMES expr .)
    MINUS           reduce using rule 65 (expr -> expr TIMES expr .)
    MOD             reduce using rule 65 (expr -> expr TIMES expr .)
    TIMES           reduce using rule 65 (expr -> expr TIMES expr .)
    DIVIDE_CEIL     reduce using rule 65 (expr -> expr TIMES expr .)
    DIVIDE_FLOOR    reduce using rule 65 (expr -> expr TIMES expr .)
    DIVIDE          reduce using rule 65 (expr -> expr TIMES expr .)
    AND             reduce using rule 65 (expr -> expr TIMES expr .)
    XOR             reduce using rule 65 (expr -> expr TIMES expr .)
    OR              reduce using rule 65 (expr -> expr TIMES expr .)
    EQUALS          reduce using rule 65 (expr -> expr TIMES expr .)
    GREATER_EQUALS  reduce using rule 65 (expr -> expr TIMES expr .)
    UNEQUALS        reduce using rule 65 (expr -> expr TIMES expr .)
    GREATER_THAN    reduce using rule 65 (expr -> expr TIMES expr .)
    SMALLER_THAN    reduce using rule 65 (expr -> expr TIMES expr .)
    SMALLER_EQUALS  reduce using rule 65 (expr -> expr TIMES expr .)
    $end            reduce using rule 65 (expr -> expr TIMES expr .)
    CLOSED_BRACKETS reduce using rule 65 (expr -> expr TIMES expr .)
    DOT             reduce using rule 65 (expr -> expr TIMES expr .)
    COMMA           reduce using rule 65 (expr -> expr TIMES expr .)
    RPAREN          reduce using rule 65 (expr -> expr TIMES expr .)
    SEMICOLON       reduce using rule 65 (expr -> expr TIMES expr .)
    END             reduce using rule 65 (expr -> expr TIMES expr .)
    THEN            reduce using rule 65 (expr -> expr TIMES expr .)
    WITH            reduce using rule 65 (expr -> expr TIMES expr .)
    COLON           reduce using rule 65 (expr -> expr TIMES expr .)
    IN              reduce using rule 65 (expr -> expr TIMES expr .)
    LOOPTHEN        reduce using rule 65 (expr -> expr TIMES expr .)
    ELSE            reduce using rule 65 (expr -> expr TIMES expr .)
    ARROW           shift and go to state 31
    OPEN_BRACKETS   shift and go to state 32
    LPAREN          shift and go to state 34
    CONS            shift and go to state 35
    EXP             shift and go to state 37
    IMAG            shift and go to state 39
    POWER           shift and go to state 40

  ! ARROW           [ reduce using rule 65 (expr -> expr TIMES expr .) ]
  ! OPEN_BRACKETS   [ reduce using rule 65 (expr -> expr TIMES expr .) ]
  ! LPAREN          [ reduce using rule 65 (expr -> expr TIMES expr .) ]
  ! CONS            [ reduce using rule 65 (expr -> expr TIMES expr .) ]
  ! EXP             [ reduce using rule 65 (expr -> expr TIMES expr .) ]
  ! IMAG            [ reduce using rule 65 (expr -> expr TIMES expr .) ]
  ! POWER           [ reduce using rule 65 (expr -> expr TIMES expr .) ]
  ! PLUS            [ shift and go to state 33 ]
  ! MINUS           [ shift and go to state 36 ]
  ! MOD             [ shift and go to state 38 ]
  ! TIMES           [ shift and go to state 41 ]
  ! DIVIDE_CEIL     [ shift and go to state 42 ]
  ! DIVIDE_FLOOR    [ shift and go to state 43 ]
  ! DIVIDE          [ shift and go to state 44 ]
  ! AND             [ shift and go to state 45 ]
  ! XOR             [ shift and go to state 46 ]
  ! OR              [ shift and go to state 47 ]
  ! EQUALS          [ shift and go to state 48 ]
  ! GREATER_EQUALS  [ shift and go to state 49 ]
  ! UNEQUALS        [ shift and go to state 50 ]
  ! GREATER_THAN    [ shift and go to state 51 ]
  ! SMALLER_THAN    [ shift and go to state 52 ]
  ! SMALLER_EQUALS  [ shift and go to state 53 ]


state 128

    (66) expr -> expr DIVIDE_CEIL expr .
    (1) expr -> expr . ARROW expr
    (2) expr -> expr . OPEN_BRACKETS PLUS CLOSED_BRACKETS
    (3) expr -> expr . OPEN_BRACKETS expr CLOSED_BRACKETS
    (26) expr -> expr . LPAREN para_expr RPAREN
    (41) expr -> expr . CONS expr
    (46) expr -> expr . PLUS expr
    (47) expr -> expr . MINUS expr
    (48) expr -> expr . EXP expr
    (49) expr -> expr . MOD expr
    (53) expr -> expr . IMAG
    (58) expr -> expr . POWER expr
    (65) expr -> expr . TIMES expr
    (66) expr -> expr . DIVIDE_CEIL expr
    (67) expr -> expr . DIVIDE_FLOOR expr
    (68) expr -> expr . DIVIDE expr
    (69) expr -> expr . AND expr
    (70) expr -> expr . XOR expr
    (71) expr -> expr . OR expr
    (29) comp -> expr . EQUALS expr
    (31) comp -> expr . GREATER_EQUALS expr
    (33) comp -> expr . UNEQUALS expr
    (35) comp -> expr . GREATER_THAN expr
    (37) comp -> expr . SMALLER_THAN expr
    (39) comp -> expr . SMALLER_EQUALS expr

    PLUS            reduce using rule 66 (expr -> expr DIVIDE_CEIL expr .)
    MINUS           reduce using rule 66 (expr -> expr DIVIDE_CEIL expr .)
    MOD             reduce using rule 66 (expr -> expr DIVIDE_CEIL expr .)
    TIMES           reduce using rule 66 (expr -> expr DIVIDE_CEIL expr .)
    DIVIDE_CEIL     reduce using rule 66 (expr -> expr DIVIDE_CEIL expr .)
    DIVIDE_FLOOR    reduce using rule 66 (expr -> expr DIVIDE_CEIL expr .)
    DIVIDE          reduce using rule 66 (expr -> expr DIVIDE_CEIL expr .)
    AND             reduce using rule 66 (expr -> expr DIVIDE_CEIL expr .)
    XOR             reduce using rule 66 (expr -> expr DIVIDE_CEIL expr .)
    OR              reduce using rule 66 (expr -> expr DIVIDE_CEIL expr .)
    EQUALS          reduce using rule 66 (expr -> expr DIVIDE_CEIL expr .)
    GREATER_EQUALS  reduce using rule 66 (expr -> expr DIVIDE_CEIL expr .)
    UNEQUALS        reduce using rule 66 (expr -> expr DIVIDE_CEIL expr .)
    GREATER_THAN    reduce using rule 66 (expr -> expr DIVIDE_CEIL expr .)
    SMALLER_THAN    reduce using rule 66 (expr -> expr DIVIDE_CEIL expr .)
    SMALLER_EQUALS  reduce using rule 66 (expr -> expr DIVIDE_CEIL expr .)
    $end            reduce using rule 66 (expr -> expr DIVIDE_CEIL expr .)
    CLOSED_BRACKETS reduce using rule 66 (expr -> expr DIVIDE_CEIL expr .)
    DOT             reduce using rule 66 (expr -> expr DIVIDE_CEIL expr .)
    COMMA           reduce using rule 66 (expr -> expr DIVIDE_CEIL expr .)
    RPAREN          reduce using rule 66 (expr -> expr DIVIDE_CEIL expr .)
    SEMICOLON       reduce using rule 66 (expr -> expr DIVIDE_CEIL expr .)
    END             reduce using rule 66 (expr -> expr DIVIDE_CEIL expr .)
    THEN            reduce using rule 66 (expr -> expr DIVIDE_CEIL expr .)
    WITH            reduce using rule 66 (expr -> expr DIVIDE_CEIL expr .)
    COLON           reduce using rule 66 (expr -> expr DIVIDE_CEIL expr .)
    IN              reduce using rule 66 (expr -> expr DIVIDE_CEIL expr .)
    LOOPTHEN        reduce using rule 66 (expr -> expr DIVIDE_CEIL expr .)
    ELSE            reduce using rule 66 (expr -> expr DIVIDE_CEIL expr .)
    ARROW           shift and go to state 31
    OPEN_BRACKETS   shift and go to state 32
    LPAREN          shift and go to state 34
    CONS            shift and go to state 35
    EXP             shift and go to state 37
    IMAG            shift and go to state 39
    POWER           shift and go to state 40

  ! ARROW           [ reduce using rule 66 (expr -> expr DIVIDE_CEIL expr .) ]
  ! OPEN_BRACKETS   [ reduce using rule 66 (expr -> expr DIVIDE_CEIL expr .) ]
  ! LPAREN          [ reduce using rule 66 (expr -> expr DIVIDE_CEIL expr .) ]
  ! CONS            [ reduce using rule 66 (expr -> expr DIVIDE_CEIL expr .) ]
  ! EXP             [ reduce using rule 66 (expr -> expr DIVIDE_CEIL expr .) ]
  ! IMAG            [ reduce using rule 66 (expr -> expr DIVIDE_CEIL expr .) ]
  ! POWER           [ reduce using rule 66 (expr -> expr DIVIDE_CEIL expr .) ]
  ! PLUS            [ shift and go to state 33 ]
  ! MINUS           [ shift and go to state 36 ]
  ! MOD             [ shift and go to state 38 ]
  ! TIMES           [ shift and go to state 41 ]
  ! DIVIDE_CEIL     [ shift and go to state 42 ]
  ! DIVIDE_FLOOR    [ shift and go to state 43 ]
  ! DIVIDE          [ shift and go to state 44 ]
  ! AND             [ shift and go to state 45 ]
  ! XOR             [ shift and go to state 46 ]
  ! OR              [ shift and go to state 47 ]
  ! EQUALS          [ shift and go to state 48 ]
  ! GREATER_EQUALS  [ shift and go to state 49 ]
  ! UNEQUALS        [ shift and go to state 50 ]
  ! GREATER_THAN    [ shift and go to state 51 ]
  ! SMALLER_THAN    [ shift and go to state 52 ]
  ! SMALLER_EQUALS  [ shift and go to state 53 ]


state 129

    (67) expr -> expr DIVIDE_FLOOR expr .
    (1) expr -> expr . ARROW expr
    (2) expr -> expr . OPEN_BRACKETS PLUS CLOSED_BRACKETS
    (3) expr -> expr . OPEN_BRACKETS expr CLOSED_BRACKETS
    (26) expr -> expr . LPAREN para_expr RPAREN
    (41) expr -> expr . CONS expr
    (46) expr -> expr . PLUS expr
    (47) expr -> expr . MINUS expr
    (48) expr -> expr . EXP expr
    (49) expr -> expr . MOD expr
    (53) expr -> expr . IMAG
    (58) expr -> expr . POWER expr
    (65) expr -> expr . TIMES expr
    (66) expr -> expr . DIVIDE_CEIL expr
    (67) expr -> expr . DIVIDE_FLOOR expr
    (68) expr -> expr . DIVIDE expr
    (69) expr -> expr . AND expr
    (70) expr -> expr . XOR expr
    (71) expr -> expr . OR expr
    (29) comp -> expr . EQUALS expr
    (31) comp -> expr . GREATER_EQUALS expr
    (33) comp -> expr . UNEQUALS expr
    (35) comp -> expr . GREATER_THAN expr
    (37) comp -> expr . SMALLER_THAN expr
    (39) comp -> expr . SMALLER_EQUALS expr

    PLUS            reduce using rule 67 (expr -> expr DIVIDE_FLOOR expr .)
    MINUS           reduce using rule 67 (expr -> expr DIVIDE_FLOOR expr .)
    MOD             reduce using rule 67 (expr -> expr DIVIDE_FLOOR expr .)
    TIMES           reduce using rule 67 (expr -> expr DIVIDE_FLOOR expr .)
    DIVIDE_CEIL     reduce using rule 67 (expr -> expr DIVIDE_FLOOR expr .)
    DIVIDE_FLOOR    reduce using rule 67 (expr -> expr DIVIDE_FLOOR expr .)
    DIVIDE          reduce using rule 67 (expr -> expr DIVIDE_FLOOR expr .)
    AND             reduce using rule 67 (expr -> expr DIVIDE_FLOOR expr .)
    XOR             reduce using rule 67 (expr -> expr DIVIDE_FLOOR expr .)
    OR              reduce using rule 67 (expr -> expr DIVIDE_FLOOR expr .)
    EQUALS          reduce using rule 67 (expr -> expr DIVIDE_FLOOR expr .)
    GREATER_EQUALS  reduce using rule 67 (expr -> expr DIVIDE_FLOOR expr .)
    UNEQUALS        reduce using rule 67 (expr -> expr DIVIDE_FLOOR expr .)
    GREATER_THAN    reduce using rule 67 (expr -> expr DIVIDE_FLOOR expr .)
    SMALLER_THAN    reduce using rule 67 (expr -> expr DIVIDE_FLOOR expr .)
    SMALLER_EQUALS  reduce using rule 67 (expr -> expr DIVIDE_FLOOR expr .)
    $end            reduce using rule 67 (expr -> expr DIVIDE_FLOOR expr .)
    CLOSED_BRACKETS reduce using rule 67 (expr -> expr DIVIDE_FLOOR expr .)
    DOT             reduce using rule 67 (expr -> expr DIVIDE_FLOOR expr .)
    COMMA           reduce using rule 67 (expr -> expr DIVIDE_FLOOR expr .)
    RPAREN          reduce using rule 67 (expr -> expr DIVIDE_FLOOR expr .)
    SEMICOLON       reduce using rule 67 (expr -> expr DIVIDE_FLOOR expr .)
    END             reduce using rule 67 (expr -> expr DIVIDE_FLOOR expr .)
    THEN            reduce using rule 67 (expr -> expr DIVIDE_FLOOR expr .)
    WITH            reduce using rule 67 (expr -> expr DIVIDE_FLOOR expr .)
    COLON           reduce using rule 67 (expr -> expr DIVIDE_FLOOR expr .)
    IN              reduce using rule 67 (expr -> expr DIVIDE_FLOOR expr .)
    LOOPTHEN        reduce using rule 67 (expr -> expr DIVIDE_FLOOR expr .)
    ELSE            reduce using rule 67 (expr -> expr DIVIDE_FLOOR expr .)
    ARROW           shift and go to state 31
    OPEN_BRACKETS   shift and go to state 32
    LPAREN          shift and go to state 34
    CONS            shift and go to state 35
    EXP             shift and go to state 37
    IMAG            shift and go to state 39
    POWER           shift and go to state 40

  ! ARROW           [ reduce using rule 67 (expr -> expr DIVIDE_FLOOR expr .) ]
  ! OPEN_BRACKETS   [ reduce using rule 67 (expr -> expr DIVIDE_FLOOR expr .) ]
  ! LPAREN          [ reduce using rule 67 (expr -> expr DIVIDE_FLOOR expr .) ]
  ! CONS            [ reduce using rule 67 (expr -> expr DIVIDE_FLOOR expr .) ]
  ! EXP             [ reduce using rule 67 (expr -> expr DIVIDE_FLOOR expr .) ]
  ! IMAG            [ reduce using rule 67 (expr -> expr DIVIDE_FLOOR expr .) ]
  ! POWER           [ reduce using rule 67 (expr -> expr DIVIDE_FLOOR expr .) ]
  ! PLUS            [ shift and go to state 33 ]
  ! MINUS           [ shift and go to state 36 ]
  ! MOD             [ shift and go to state 38 ]
  ! TIMES           [ shift and go to state 41 ]
  ! DIVIDE_CEIL     [ shift and go to state 42 ]
  ! DIVIDE_FLOOR    [ shift and go to state 43 ]
  ! DIVIDE          [ shift and go to state 44 ]
  ! AND             [ shift and go to state 45 ]
  ! XOR             [ shift and go to state 46 ]
  ! OR              [ shift and go to state 47 ]
  ! EQUALS          [ shift and go to state 48 ]
  ! GREATER_EQUALS  [ shift and go to state 49 ]
  ! UNEQUALS        [ shift and go to state 50 ]
  ! GREATER_THAN    [ shift and go to state 51 ]
  ! SMALLER_THAN    [ shift and go to state 52 ]
  ! SMALLER_EQUALS  [ shift and go to state 53 ]


state 130

    (68) expr -> expr DIVIDE expr .
    (1) expr -> expr . ARROW expr
    (2) expr -> expr . OPEN_BRACKETS PLUS CLOSED_BRACKETS
    (3) expr -> expr . OPEN_BRACKETS expr CLOSED_BRACKETS
    (26) expr -> expr . LPAREN para_expr RPAREN
    (41) expr -> expr . CONS expr
    (46) expr -> expr . PLUS expr
    (47) expr -> expr . MINUS expr
    (48) expr -> expr . EXP expr
    (49) expr -> expr . MOD expr
    (53) expr -> expr . IMAG
    (58) expr -> expr . POWER expr
    (65) expr -> expr . TIMES expr
    (66) expr -> expr . DIVIDE_CEIL expr
    (67) expr -> expr . DIVIDE_FLOOR expr
    (68) expr -> expr . DIVIDE expr
    (69) expr -> expr . AND expr
    (70) expr -> expr . XOR expr
    (71) expr -> expr . OR expr
    (29) comp -> expr . EQUALS expr
    (31) comp -> expr . GREATER_EQUALS expr
    (33) comp -> expr . UNEQUALS expr
    (35) comp -> expr . GREATER_THAN expr
    (37) comp -> expr . SMALLER_THAN expr
    (39) comp -> expr . SMALLER_EQUALS expr

    PLUS            reduce using rule 68 (expr -> expr DIVIDE expr .)
    MINUS           reduce using rule 68 (expr -> expr DIVIDE expr .)
    MOD             reduce using rule 68 (expr -> expr DIVIDE expr .)
    TIMES           reduce using rule 68 (expr -> expr DIVIDE expr .)
    DIVIDE_CEIL     reduce using rule 68 (expr -> expr DIVIDE expr .)
    DIVIDE_FLOOR    reduce using rule 68 (expr -> expr DIVIDE expr .)
    DIVIDE          reduce using rule 68 (expr -> expr DIVIDE expr .)
    AND             reduce using rule 68 (expr -> expr DIVIDE expr .)
    XOR             reduce using rule 68 (expr -> expr DIVIDE expr .)
    OR              reduce using rule 68 (expr -> expr DIVIDE expr .)
    EQUALS          reduce using rule 68 (expr -> expr DIVIDE expr .)
    GREATER_EQUALS  reduce using rule 68 (expr -> expr DIVIDE expr .)
    UNEQUALS        reduce using rule 68 (expr -> expr DIVIDE expr .)
    GREATER_THAN    reduce using rule 68 (expr -> expr DIVIDE expr .)
    SMALLER_THAN    reduce using rule 68 (expr -> expr DIVIDE expr .)
    SMALLER_EQUALS  reduce using rule 68 (expr -> expr DIVIDE expr .)
    $end            reduce using rule 68 (expr -> expr DIVIDE expr .)
    CLOSED_BRACKETS reduce using rule 68 (expr -> expr DIVIDE expr .)
    DOT             reduce using rule 68 (expr -> expr DIVIDE expr .)
    COMMA           reduce using rule 68 (expr -> expr DIVIDE expr .)
    RPAREN          reduce using rule 68 (expr -> expr DIVIDE expr .)
    SEMICOLON       reduce using rule 68 (expr -> expr DIVIDE expr .)
    END             reduce using rule 68 (expr -> expr DIVIDE expr .)
    THEN            reduce using rule 68 (expr -> expr DIVIDE expr .)
    WITH            reduce using rule 68 (expr -> expr DIVIDE expr .)
    COLON           reduce using rule 68 (expr -> expr DIVIDE expr .)
    IN              reduce using rule 68 (expr -> expr DIVIDE expr .)
    LOOPTHEN        reduce using rule 68 (expr -> expr DIVIDE expr .)
    ELSE            reduce using rule 68 (expr -> expr DIVIDE expr .)
    ARROW           shift and go to state 31
    OPEN_BRACKETS   shift and go to state 32
    LPAREN          shift and go to state 34
    CONS            shift and go to state 35
    EXP             shift and go to state 37
    IMAG            shift and go to state 39
    POWER           shift and go to state 40

  ! ARROW           [ reduce using rule 68 (expr -> expr DIVIDE expr .) ]
  ! OPEN_BRACKETS   [ reduce using rule 68 (expr -> expr DIVIDE expr .) ]
  ! LPAREN          [ reduce using rule 68 (expr -> expr DIVIDE expr .) ]
  ! CONS            [ reduce using rule 68 (expr -> expr DIVIDE expr .) ]
  ! EXP             [ reduce using rule 68 (expr -> expr DIVIDE expr .) ]
  ! IMAG            [ reduce using rule 68 (expr -> expr DIVIDE expr .) ]
  ! POWER           [ reduce using rule 68 (expr -> expr DIVIDE expr .) ]
  ! PLUS            [ shift and go to state 33 ]
  ! MINUS           [ shift and go to state 36 ]
  ! MOD             [ shift and go to state 38 ]
  ! TIMES           [ shift and go to state 41 ]
  ! DIVIDE_CEIL     [ shift and go to state 42 ]
  ! DIVIDE_FLOOR    [ shift and go to state 43 ]
  ! DIVIDE          [ shift and go to state 44 ]
  ! AND             [ shift and go to state 45 ]
  ! XOR             [ shift and go to state 46 ]
  ! OR              [ shift and go to state 47 ]
  ! EQUALS          [ shift and go to state 48 ]
  ! GREATER_EQUALS  [ shift and go to state 49 ]
  ! UNEQUALS        [ shift and go to state 50 ]
  ! GREATER_THAN    [ shift and go to state 51 ]
  ! SMALLER_THAN    [ shift and go to state 52 ]
  ! SMALLER_EQUALS  [ shift and go to state 53 ]


state 131

    (69) expr -> expr AND expr .
    (1) expr -> expr . ARROW expr
    (2) expr -> expr . OPEN_BRACKETS PLUS CLOSED_BRACKETS
    (3) expr -> expr . OPEN_BRACKETS expr CLOSED_BRACKETS
    (26) expr -> expr . LPAREN para_expr RPAREN
    (41) expr -> expr . CONS expr
    (46) expr -> expr . PLUS expr
    (47) expr -> expr . MINUS expr
    (48) expr -> expr . EXP expr
    (49) expr -> expr . MOD expr
    (53) expr -> expr . IMAG
    (58) expr -> expr . POWER expr
    (65) expr -> expr . TIMES expr
    (66) expr -> expr . DIVIDE_CEIL expr
    (67) expr -> expr . DIVIDE_FLOOR expr
    (68) expr -> expr . DIVIDE expr
    (69) expr -> expr . AND expr
    (70) expr -> expr . XOR expr
    (71) expr -> expr . OR expr
    (29) comp -> expr . EQUALS expr
    (31) comp -> expr . GREATER_EQUALS expr
    (33) comp -> expr . UNEQUALS expr
    (35) comp -> expr . GREATER_THAN expr
    (37) comp -> expr . SMALLER_THAN expr
    (39) comp -> expr . SMALLER_EQUALS expr

    AND             reduce using rule 69 (expr -> expr AND expr .)
    XOR             reduce using rule 69 (expr -> expr AND expr .)
    OR              reduce using rule 69 (expr -> expr AND expr .)
    $end            reduce using rule 69 (expr -> expr AND expr .)
    CLOSED_BRACKETS reduce using rule 69 (expr -> expr AND expr .)
    DOT             reduce using rule 69 (expr -> expr AND expr .)
    COMMA           reduce using rule 69 (expr -> expr AND expr .)
    RPAREN          reduce using rule 69 (expr -> expr AND expr .)
    SEMICOLON       reduce using rule 69 (expr -> expr AND expr .)
    END             reduce using rule 69 (expr -> expr AND expr .)
    THEN            reduce using rule 69 (expr -> expr AND expr .)
    WITH            reduce using rule 69 (expr -> expr AND expr .)
    COLON           reduce using rule 69 (expr -> expr AND expr .)
    IN              reduce using rule 69 (expr -> expr AND expr .)
    LOOPTHEN        reduce using rule 69 (expr -> expr AND expr .)
    ELSE            reduce using rule 69 (expr -> expr AND expr .)
    ARROW           shift and go to state 31
    OPEN_BRACKETS   shift and go to state 32
    LPAREN          shift and go to state 34
    CONS            shift and go to state 35
    PLUS            shift and go to state 33
    MINUS           shift and go to state 36
    EXP             shift and go to state 37
    MOD             shift and go to state 38
    IMAG            shift and go to state 39
    POWER           shift and go to state 40
    TIMES           shift and go to state 41
    DIVIDE_CEIL     shift and go to state 42
    DIVIDE_FLOOR    shift and go to state 43
    DIVIDE          shift and go to state 44
    EQUALS          shift and go to state 48
    GREATER_EQUALS  shift and go to state 49
    UNEQUALS        shift and go to state 50
    GREATER_THAN    shift and go to state 51
    SMALLER_THAN    shift and go to state 52
    SMALLER_EQUALS  shift and go to state 53

  ! ARROW           [ reduce using rule 69 (expr -> expr AND expr .) ]
  ! OPEN_BRACKETS   [ reduce using rule 69 (expr -> expr AND expr .) ]
  ! LPAREN          [ reduce using rule 69 (expr -> expr AND expr .) ]
  ! CONS            [ reduce using rule 69 (expr -> expr AND expr .) ]
  ! PLUS            [ reduce using rule 69 (expr -> expr AND expr .) ]
  ! MINUS           [ reduce using rule 69 (expr -> expr AND expr .) ]
  ! EXP             [ reduce using rule 69 (expr -> expr AND expr .) ]
  ! MOD             [ reduce using rule 69 (expr -> expr AND expr .) ]
  ! IMAG            [ reduce using rule 69 (expr -> expr AND expr .) ]
  ! POWER           [ reduce using rule 69 (expr -> expr AND expr .) ]
  ! TIMES           [ reduce using rule 69 (expr -> expr AND expr .) ]
  ! DIVIDE_CEIL     [ reduce using rule 69 (expr -> expr AND expr .) ]
  ! DIVIDE_FLOOR    [ reduce using rule 69 (expr -> expr AND expr .) ]
  ! DIVIDE          [ reduce using rule 69 (expr -> expr AND expr .) ]
  ! EQUALS          [ reduce using rule 69 (expr -> expr AND expr .) ]
  ! GREATER_EQUALS  [ reduce using rule 69 (expr -> expr AND expr .) ]
  ! UNEQUALS        [ reduce using rule 69 (expr -> expr AND expr .) ]
  ! GREATER_THAN    [ reduce using rule 69 (expr -> expr AND expr .) ]
  ! SMALLER_THAN    [ reduce using rule 69 (expr -> expr AND expr .) ]
  ! SMALLER_EQUALS  [ reduce using rule 69 (expr -> expr AND expr .) ]
  ! AND             [ shift and go to state 45 ]
  ! XOR             [ shift and go to state 46 ]
  ! OR              [ shift and go to state 47 ]


state 132

    (70) expr -> expr XOR expr .
    (1) expr -> expr . ARROW expr
    (2) expr -> expr . OPEN_BRACKETS PLUS CLOSED_BRACKETS
    (3) expr -> expr . OPEN_BRACKETS expr CLOSED_BRACKETS
    (26) expr -> expr . LPAREN para_expr RPAREN
    (41) expr -> expr . CONS expr
    (46) expr -> expr . PLUS expr
    (47) expr -> expr . MINUS expr
    (48) expr -> expr . EXP expr
    (49) expr -> expr . MOD expr
    (53) expr -> expr . IMAG
    (58) expr -> expr . POWER expr
    (65) expr -> expr . TIMES expr
    (66) expr -> expr . DIVIDE_CEIL expr
    (67) expr -> expr . DIVIDE_FLOOR expr
    (68) expr -> expr . DIVIDE expr
    (69) expr -> expr . AND expr
    (70) expr -> expr . XOR expr
    (71) expr -> expr . OR expr
    (29) comp -> expr . EQUALS expr
    (31) comp -> expr . GREATER_EQUALS expr
    (33) comp -> expr . UNEQUALS expr
    (35) comp -> expr . GREATER_THAN expr
    (37) comp -> expr . SMALLER_THAN expr
    (39) comp -> expr . SMALLER_EQUALS expr

    XOR             reduce using rule 70 (expr -> expr XOR expr .)
    OR              reduce using rule 70 (expr -> expr XOR expr .)
    $end            reduce using rule 70 (expr -> expr XOR expr .)
    CLOSED_BRACKETS reduce using rule 70 (expr -> expr XOR expr .)
    DOT             reduce using rule 70 (expr -> expr XOR expr .)
    COMMA           reduce using rule 70 (expr -> expr XOR expr .)
    RPAREN          reduce using rule 70 (expr -> expr XOR expr .)
    SEMICOLON       reduce using rule 70 (expr -> expr XOR expr .)
    END             reduce using rule 70 (expr -> expr XOR expr .)
    THEN            reduce using rule 70 (expr -> expr XOR expr .)
    WITH            reduce using rule 70 (expr -> expr XOR expr .)
    COLON           reduce using rule 70 (expr -> expr XOR expr .)
    IN              reduce using rule 70 (expr -> expr XOR expr .)
    LOOPTHEN        reduce using rule 70 (expr -> expr XOR expr .)
    ELSE            reduce using rule 70 (expr -> expr XOR expr .)
    ARROW           shift and go to state 31
    OPEN_BRACKETS   shift and go to state 32
    LPAREN          shift and go to state 34
    CONS            shift and go to state 35
    PLUS            shift and go to state 33
    MINUS           shift and go to state 36
    EXP             shift and go to state 37
    MOD             shift and go to state 38
    IMAG            shift and go to state 39
    POWER           shift and go to state 40
    TIMES           shift and go to state 41
    DIVIDE_CEIL     shift and go to state 42
    DIVIDE_FLOOR    shift and go to state 43
    DIVIDE          shift and go to state 44
    AND             shift and go to state 45
    EQUALS          shift and go to state 48
    GREATER_EQUALS  shift and go to state 49
    UNEQUALS        shift and go to state 50
    GREATER_THAN    shift and go to state 51
    SMALLER_THAN    shift and go to state 52
    SMALLER_EQUALS  shift and go to state 53

  ! ARROW           [ reduce using rule 70 (expr -> expr XOR expr .) ]
  ! OPEN_BRACKETS   [ reduce using rule 70 (expr -> expr XOR expr .) ]
  ! LPAREN          [ reduce using rule 70 (expr -> expr XOR expr .) ]
  ! CONS            [ reduce using rule 70 (expr -> expr XOR expr .) ]
  ! PLUS            [ reduce using rule 70 (expr -> expr XOR expr .) ]
  ! MINUS           [ reduce using rule 70 (expr -> expr XOR expr .) ]
  ! EXP             [ reduce using rule 70 (expr -> expr XOR expr .) ]
  ! MOD             [ reduce using rule 70 (expr -> expr XOR expr .) ]
  ! IMAG            [ reduce using rule 70 (expr -> expr XOR expr .) ]
  ! POWER           [ reduce using rule 70 (expr -> expr XOR expr .) ]
  ! TIMES           [ reduce using rule 70 (expr -> expr XOR expr .) ]
  ! DIVIDE_CEIL     [ reduce using rule 70 (expr -> expr XOR expr .) ]
  ! DIVIDE_FLOOR    [ reduce using rule 70 (expr -> expr XOR expr .) ]
  ! DIVIDE          [ reduce using rule 70 (expr -> expr XOR expr .) ]
  ! AND             [ reduce using rule 70 (expr -> expr XOR expr .) ]
  ! EQUALS          [ reduce using rule 70 (expr -> expr XOR expr .) ]
  ! GREATER_EQUALS  [ reduce using rule 70 (expr -> expr XOR expr .) ]
  ! UNEQUALS        [ reduce using rule 70 (expr -> expr XOR expr .) ]
  ! GREATER_THAN    [ reduce using rule 70 (expr -> expr XOR expr .) ]
  ! SMALLER_THAN    [ reduce using rule 70 (expr -> expr XOR expr .) ]
  ! SMALLER_EQUALS  [ reduce using rule 70 (expr -> expr XOR expr .) ]
  ! XOR             [ shift and go to state 46 ]
  ! OR              [ shift and go to state 47 ]


state 133

    (71) expr -> expr OR expr .
    (1) expr -> expr . ARROW expr
    (2) expr -> expr . OPEN_BRACKETS PLUS CLOSED_BRACKETS
    (3) expr -> expr . OPEN_BRACKETS expr CLOSED_BRACKETS
    (26) expr -> expr . LPAREN para_expr RPAREN
    (41) expr -> expr . CONS expr
    (46) expr -> expr . PLUS expr
    (47) expr -> expr . MINUS expr
    (48) expr -> expr . EXP expr
    (49) expr -> expr . MOD expr
    (53) expr -> expr . IMAG
    (58) expr -> expr . POWER expr
    (65) expr -> expr . TIMES expr
    (66) expr -> expr . DIVIDE_CEIL expr
    (67) expr -> expr . DIVIDE_FLOOR expr
    (68) expr -> expr . DIVIDE expr
    (69) expr -> expr . AND expr
    (70) expr -> expr . XOR expr
    (71) expr -> expr . OR expr
    (29) comp -> expr . EQUALS expr
    (31) comp -> expr . GREATER_EQUALS expr
    (33) comp -> expr . UNEQUALS expr
    (35) comp -> expr . GREATER_THAN expr
    (37) comp -> expr . SMALLER_THAN expr
    (39) comp -> expr . SMALLER_EQUALS expr

    OR              reduce using rule 71 (expr -> expr OR expr .)
    $end            reduce using rule 71 (expr -> expr OR expr .)
    CLOSED_BRACKETS reduce using rule 71 (expr -> expr OR expr .)
    DOT             reduce using rule 71 (expr -> expr OR expr .)
    COMMA           reduce using rule 71 (expr -> expr OR expr .)
    RPAREN          reduce using rule 71 (expr -> expr OR expr .)
    SEMICOLON       reduce using rule 71 (expr -> expr OR expr .)
    END             reduce using rule 71 (expr -> expr OR expr .)
    THEN            reduce using rule 71 (expr -> expr OR expr .)
    WITH            reduce using rule 71 (expr -> expr OR expr .)
    COLON           reduce using rule 71 (expr -> expr OR expr .)
    IN              reduce using rule 71 (expr -> expr OR expr .)
    LOOPTHEN        reduce using rule 71 (expr -> expr OR expr .)
    ELSE            reduce using rule 71 (expr -> expr OR expr .)
    ARROW           shift and go to state 31
    OPEN_BRACKETS   shift and go to state 32
    LPAREN          shift and go to state 34
    CONS            shift and go to state 35
    PLUS            shift and go to state 33
    MINUS           shift and go to state 36
    EXP             shift and go to state 37
    MOD             shift and go to state 38
    IMAG            shift and go to state 39
    POWER           shift and go to state 40
    TIMES           shift and go to state 41
    DIVIDE_CEIL     shift and go to state 42
    DIVIDE_FLOOR    shift and go to state 43
    DIVIDE          shift and go to state 44
    AND             shift and go to state 45
    XOR             shift and go to state 46
    EQUALS          shift and go to state 48
    GREATER_EQUALS  shift and go to state 49
    UNEQUALS        shift and go to state 50
    GREATER_THAN    shift and go to state 51
    SMALLER_THAN    shift and go to state 52
    SMALLER_EQUALS  shift and go to state 53

  ! ARROW           [ reduce using rule 71 (expr -> expr OR expr .) ]
  ! OPEN_BRACKETS   [ reduce using rule 71 (expr -> expr OR expr .) ]
  ! LPAREN          [ reduce using rule 71 (expr -> expr OR expr .) ]
  ! CONS            [ reduce using rule 71 (expr -> expr OR expr .) ]
  ! PLUS            [ reduce using rule 71 (expr -> expr OR expr .) ]
  ! MINUS           [ reduce using rule 71 (expr -> expr OR expr .) ]
  ! EXP             [ reduce using rule 71 (expr -> expr OR expr .) ]
  ! MOD             [ reduce using rule 71 (expr -> expr OR expr .) ]
  ! IMAG            [ reduce using rule 71 (expr -> expr OR expr .) ]
  ! POWER           [ reduce using rule 71 (expr -> expr OR expr .) ]
  ! TIMES           [ reduce using rule 71 (expr -> expr OR expr .) ]
  ! DIVIDE_CEIL     [ reduce using rule 71 (expr -> expr OR expr .) ]
  ! DIVIDE_FLOOR    [ reduce using rule 71 (expr -> expr OR expr .) ]
  ! DIVIDE          [ reduce using rule 71 (expr -> expr OR expr .) ]
  ! AND             [ reduce using rule 71 (expr -> expr OR expr .) ]
  ! XOR             [ reduce using rule 71 (expr -> expr OR expr .) ]
  ! EQUALS          [ reduce using rule 71 (expr -> expr OR expr .) ]
  ! GREATER_EQUALS  [ reduce using rule 71 (expr -> expr OR expr .) ]
  ! UNEQUALS        [ reduce using rule 71 (expr -> expr OR expr .) ]
  ! GREATER_THAN    [ reduce using rule 71 (expr -> expr OR expr .) ]
  ! SMALLER_THAN    [ reduce using rule 71 (expr -> expr OR expr .) ]
  ! SMALLER_EQUALS  [ reduce using rule 71 (expr -> expr OR expr .) ]
  ! OR              [ shift and go to state 47 ]


state 134

    (29) comp -> expr EQUALS expr .
    (1) expr -> expr . ARROW expr
    (2) expr -> expr . OPEN_BRACKETS PLUS CLOSED_BRACKETS
    (3) expr -> expr . OPEN_BRACKETS expr CLOSED_BRACKETS
    (26) expr -> expr . LPAREN para_expr RPAREN
    (41) expr -> expr . CONS expr
    (46) expr -> expr . PLUS expr
    (47) expr -> expr . MINUS expr
    (48) expr -> expr . EXP expr
    (49) expr -> expr . MOD expr
    (53) expr -> expr . IMAG
    (58) expr -> expr . POWER expr
    (65) expr -> expr . TIMES expr
    (66) expr -> expr . DIVIDE_CEIL expr
    (67) expr -> expr . DIVIDE_FLOOR expr
    (68) expr -> expr . DIVIDE expr
    (69) expr -> expr . AND expr
    (70) expr -> expr . XOR expr
    (71) expr -> expr . OR expr
    (29) comp -> expr . EQUALS expr
    (31) comp -> expr . GREATER_EQUALS expr
    (33) comp -> expr . UNEQUALS expr
    (35) comp -> expr . GREATER_THAN expr
    (37) comp -> expr . SMALLER_THAN expr
    (39) comp -> expr . SMALLER_EQUALS expr

    AND             reduce using rule 29 (comp -> expr EQUALS expr .)
    XOR             reduce using rule 29 (comp -> expr EQUALS expr .)
    OR              reduce using rule 29 (comp -> expr EQUALS expr .)
    $end            reduce using rule 29 (comp -> expr EQUALS expr .)
    CLOSED_BRACKETS reduce using rule 29 (comp -> expr EQUALS expr .)
    DOT             reduce using rule 29 (comp -> expr EQUALS expr .)
    COMMA           reduce using rule 29 (comp -> expr EQUALS expr .)
    RPAREN          reduce using rule 29 (comp -> expr EQUALS expr .)
    SEMICOLON       reduce using rule 29 (comp -> expr EQUALS expr .)
    END             reduce using rule 29 (comp -> expr EQUALS expr .)
    THEN            reduce using rule 29 (comp -> expr EQUALS expr .)
    WITH            reduce using rule 29 (comp -> expr EQUALS expr .)
    COLON           reduce using rule 29 (comp -> expr EQUALS expr .)
    IN              reduce using rule 29 (comp -> expr EQUALS expr .)
    LOOPTHEN        reduce using rule 29 (comp -> expr EQUALS expr .)
    ELSE            reduce using rule 29 (comp -> expr EQUALS expr .)
    ARROW           shift and go to state 31
    OPEN_BRACKETS   shift and go to state 32
    LPAREN          shift and go to state 34
    CONS            shift and go to state 35
    PLUS            shift and go to state 33
    MINUS           shift and go to state 36
    EXP             shift and go to state 37
    MOD             shift and go to state 38
    IMAG            shift and go to state 39
    POWER           shift and go to state 40
    TIMES           shift and go to state 41
    DIVIDE_CEIL     shift and go to state 42
    DIVIDE_FLOOR    shift and go to state 43
    DIVIDE          shift and go to state 44
    EQUALS          shift and go to state 48
    GREATER_EQUALS  shift and go to state 49
    UNEQUALS        shift and go to state 50
    GREATER_THAN    shift and go to state 51
    SMALLER_THAN    shift and go to state 52
    SMALLER_EQUALS  shift and go to state 53

  ! EQUALS          [ reduce using rule 29 (comp -> expr EQUALS expr .) ]
  ! GREATER_EQUALS  [ reduce using rule 29 (comp -> expr EQUALS expr .) ]
  ! UNEQUALS        [ reduce using rule 29 (comp -> expr EQUALS expr .) ]
  ! GREATER_THAN    [ reduce using rule 29 (comp -> expr EQUALS expr .) ]
  ! SMALLER_THAN    [ reduce using rule 29 (comp -> expr EQUALS expr .) ]
  ! SMALLER_EQUALS  [ reduce using rule 29 (comp -> expr EQUALS expr .) ]
  ! ARROW           [ reduce using rule 29 (comp -> expr EQUALS expr .) ]
  ! OPEN_BRACKETS   [ reduce using rule 29 (comp -> expr EQUALS expr .) ]
  ! LPAREN          [ reduce using rule 29 (comp -> expr EQUALS expr .) ]
  ! CONS            [ reduce using rule 29 (comp -> expr EQUALS expr .) ]
  ! PLUS            [ reduce using rule 29 (comp -> expr EQUALS expr .) ]
  ! MINUS           [ reduce using rule 29 (comp -> expr EQUALS expr .) ]
  ! EXP             [ reduce using rule 29 (comp -> expr EQUALS expr .) ]
  ! MOD             [ reduce using rule 29 (comp -> expr EQUALS expr .) ]
  ! IMAG            [ reduce using rule 29 (comp -> expr EQUALS expr .) ]
  ! POWER           [ reduce using rule 29 (comp -> expr EQUALS expr .) ]
  ! TIMES           [ reduce using rule 29 (comp -> expr EQUALS expr .) ]
  ! DIVIDE_CEIL     [ reduce using rule 29 (comp -> expr EQUALS expr .) ]
  ! DIVIDE_FLOOR    [ reduce using rule 29 (comp -> expr EQUALS expr .) ]
  ! DIVIDE          [ reduce using rule 29 (comp -> expr EQUALS expr .) ]
  ! AND             [ shift and go to state 45 ]
  ! XOR             [ shift and go to state 46 ]
  ! OR              [ shift and go to state 47 ]


state 135

    (31) comp -> expr GREATER_EQUALS expr .
    (1) expr -> expr . ARROW expr
    (2) expr -> expr . OPEN_BRACKETS PLUS CLOSED_BRACKETS
    (3) expr -> expr . OPEN_BRACKETS expr CLOSED_BRACKETS
    (26) expr -> expr . LPAREN para_expr RPAREN
    (41) expr -> expr . CONS expr
    (46) expr -> expr . PLUS expr
    (47) expr -> expr . MINUS expr
    (48) expr -> expr . EXP expr
    (49) expr -> expr . MOD expr
    (53) expr -> expr . IMAG
    (58) expr -> expr . POWER expr
    (65) expr -> expr . TIMES expr
    (66) expr -> expr . DIVIDE_CEIL expr
    (67) expr -> expr . DIVIDE_FLOOR expr
    (68) expr -> expr . DIVIDE expr
    (69) expr -> expr . AND expr
    (70) expr -> expr . XOR expr
    (71) expr -> expr . OR expr
    (29) comp -> expr . EQUALS expr
    (31) comp -> expr . GREATER_EQUALS expr
    (33) comp -> expr . UNEQUALS expr
    (35) comp -> expr . GREATER_THAN expr
    (37) comp -> expr . SMALLER_THAN expr
    (39) comp -> expr . SMALLER_EQUALS expr

    AND             reduce using rule 31 (comp -> expr GREATER_EQUALS expr .)
    XOR             reduce using rule 31 (comp -> expr GREATER_EQUALS expr .)
    OR              reduce using rule 31 (comp -> expr GREATER_EQUALS expr .)
    $end            reduce using rule 31 (comp -> expr GREATER_EQUALS expr .)
    CLOSED_BRACKETS reduce using rule 31 (comp -> expr GREATER_EQUALS expr .)
    DOT             reduce using rule 31 (comp -> expr GREATER_EQUALS expr .)
    COMMA           reduce using rule 31 (comp -> expr GREATER_EQUALS expr .)
    RPAREN          reduce using rule 31 (comp -> expr GREATER_EQUALS expr .)
    SEMICOLON       reduce using rule 31 (comp -> expr GREATER_EQUALS expr .)
    END             reduce using rule 31 (comp -> expr GREATER_EQUALS expr .)
    THEN            reduce using rule 31 (comp -> expr GREATER_EQUALS expr .)
    WITH            reduce using rule 31 (comp -> expr GREATER_EQUALS expr .)
    COLON           reduce using rule 31 (comp -> expr GREATER_EQUALS expr .)
    IN              reduce using rule 31 (comp -> expr GREATER_EQUALS expr .)
    LOOPTHEN        reduce using rule 31 (comp -> expr GREATER_EQUALS expr .)
    ELSE            reduce using rule 31 (comp -> expr GREATER_EQUALS expr .)
    ARROW           shift and go to state 31
    OPEN_BRACKETS   shift and go to state 32
    LPAREN          shift and go to state 34
    CONS            shift and go to state 35
    PLUS            shift and go to state 33
    MINUS           shift and go to state 36
    EXP             shift and go to state 37
    MOD             shift and go to state 38
    IMAG            shift and go to state 39
    POWER           shift and go to state 40
    TIMES           shift and go to state 41
    DIVIDE_CEIL     shift and go to state 42
    DIVIDE_FLOOR    shift and go to state 43
    DIVIDE          shift and go to state 44
    EQUALS          shift and go to state 48
    GREATER_EQUALS  shift and go to state 49
    UNEQUALS        shift and go to state 50
    GREATER_THAN    shift and go to state 51
    SMALLER_THAN    shift and go to state 52
    SMALLER_EQUALS  shift and go to state 53

  ! EQUALS          [ reduce using rule 31 (comp -> expr GREATER_EQUALS expr .) ]
  ! GREATER_EQUALS  [ reduce using rule 31 (comp -> expr GREATER_EQUALS expr .) ]
  ! UNEQUALS        [ reduce using rule 31 (comp -> expr GREATER_EQUALS expr .) ]
  ! GREATER_THAN    [ reduce using rule 31 (comp -> expr GREATER_EQUALS expr .) ]
  ! SMALLER_THAN    [ reduce using rule 31 (comp -> expr GREATER_EQUALS expr .) ]
  ! SMALLER_EQUALS  [ reduce using rule 31 (comp -> expr GREATER_EQUALS expr .) ]
  ! ARROW           [ reduce using rule 31 (comp -> expr GREATER_EQUALS expr .) ]
  ! OPEN_BRACKETS   [ reduce using rule 31 (comp -> expr GREATER_EQUALS expr .) ]
  ! LPAREN          [ reduce using rule 31 (comp -> expr GREATER_EQUALS expr .) ]
  ! CONS            [ reduce using rule 31 (comp -> expr GREATER_EQUALS expr .) ]
  ! PLUS            [ reduce using rule 31 (comp -> expr GREATER_EQUALS expr .) ]
  ! MINUS           [ reduce using rule 31 (comp -> expr GREATER_EQUALS expr .) ]
  ! EXP             [ reduce using rule 31 (comp -> expr GREATER_EQUALS expr .) ]
  ! MOD             [ reduce using rule 31 (comp -> expr GREATER_EQUALS expr .) ]
  ! IMAG            [ reduce using rule 31 (comp -> expr GREATER_EQUALS expr .) ]
  ! POWER           [ reduce using rule 31 (comp -> expr GREATER_EQUALS expr .) ]
  ! TIMES           [ reduce using rule 31 (comp -> expr GREATER_EQUALS expr .) ]
  ! DIVIDE_CEIL     [ reduce using rule 31 (comp -> expr GREATER_EQUALS expr .) ]
  ! DIVIDE_FLOOR    [ reduce using rule 31 (comp -> expr GREATER_EQUALS expr .) ]
  ! DIVIDE          [ reduce using rule 31 (comp -> expr GREATER_EQUALS expr .) ]
  ! AND             [ shift and go to state 45 ]
  ! XOR             [ shift and go to state 46 ]
  ! OR              [ shift and go to state 47 ]


state 136

    (33) comp -> expr UNEQUALS expr .
    (1) expr -> expr . ARROW expr
    (2) expr -> expr . OPEN_BRACKETS PLUS CLOSED_BRACKETS
    (3) expr -> expr . OPEN_BRACKETS expr CLOSED_BRACKETS
    (26) expr -> expr . LPAREN para_expr RPAREN
    (41) expr -> expr . CONS expr
    (46) expr -> expr . PLUS expr
    (47) expr -> expr . MINUS expr
    (48) expr -> expr . EXP expr
    (49) expr -> expr . MOD expr
    (53) expr -> expr . IMAG
    (58) expr -> expr . POWER expr
    (65) expr -> expr . TIMES expr
    (66) expr -> expr . DIVIDE_CEIL expr
    (67) expr -> expr . DIVIDE_FLOOR expr
    (68) expr -> expr . DIVIDE expr
    (69) expr -> expr . AND expr
    (70) expr -> expr . XOR expr
    (71) expr -> expr . OR expr
    (29) comp -> expr . EQUALS expr
    (31) comp -> expr . GREATER_EQUALS expr
    (33) comp -> expr . UNEQUALS expr
    (35) comp -> expr . GREATER_THAN expr
    (37) comp -> expr . SMALLER_THAN expr
    (39) comp -> expr . SMALLER_EQUALS expr

    AND             reduce using rule 33 (comp -> expr UNEQUALS expr .)
    XOR             reduce using rule 33 (comp -> expr UNEQUALS expr .)
    OR              reduce using rule 33 (comp -> expr UNEQUALS expr .)
    $end            reduce using rule 33 (comp -> expr UNEQUALS expr .)
    CLOSED_BRACKETS reduce using rule 33 (comp -> expr UNEQUALS expr .)
    DOT             reduce using rule 33 (comp -> expr UNEQUALS expr .)
    COMMA           reduce using rule 33 (comp -> expr UNEQUALS expr .)
    RPAREN          reduce using rule 33 (comp -> expr UNEQUALS expr .)
    SEMICOLON       reduce using rule 33 (comp -> expr UNEQUALS expr .)
    END             reduce using rule 33 (comp -> expr UNEQUALS expr .)
    THEN            reduce using rule 33 (comp -> expr UNEQUALS expr .)
    WITH            reduce using rule 33 (comp -> expr UNEQUALS expr .)
    COLON           reduce using rule 33 (comp -> expr UNEQUALS expr .)
    IN              reduce using rule 33 (comp -> expr UNEQUALS expr .)
    LOOPTHEN        reduce using rule 33 (comp -> expr UNEQUALS expr .)
    ELSE            reduce using rule 33 (comp -> expr UNEQUALS expr .)
    ARROW           shift and go to state 31
    OPEN_BRACKETS   shift and go to state 32
    LPAREN          shift and go to state 34
    CONS            shift and go to state 35
    PLUS            shift and go to state 33
    MINUS           shift and go to state 36
    EXP             shift and go to state 37
    MOD             shift and go to state 38
    IMAG            shift and go to state 39
    POWER           shift and go to state 40
    TIMES           shift and go to state 41
    DIVIDE_CEIL     shift and go to state 42
    DIVIDE_FLOOR    shift and go to state 43
    DIVIDE          shift and go to state 44
    EQUALS          shift and go to state 48
    GREATER_EQUALS  shift and go to state 49
    UNEQUALS        shift and go to state 50
    GREATER_THAN    shift and go to state 51
    SMALLER_THAN    shift and go to state 52
    SMALLER_EQUALS  shift and go to state 53

  ! EQUALS          [ reduce using rule 33 (comp -> expr UNEQUALS expr .) ]
  ! GREATER_EQUALS  [ reduce using rule 33 (comp -> expr UNEQUALS expr .) ]
  ! UNEQUALS        [ reduce using rule 33 (comp -> expr UNEQUALS expr .) ]
  ! GREATER_THAN    [ reduce using rule 33 (comp -> expr UNEQUALS expr .) ]
  ! SMALLER_THAN    [ reduce using rule 33 (comp -> expr UNEQUALS expr .) ]
  ! SMALLER_EQUALS  [ reduce using rule 33 (comp -> expr UNEQUALS expr .) ]
  ! ARROW           [ reduce using rule 33 (comp -> expr UNEQUALS expr .) ]
  ! OPEN_BRACKETS   [ reduce using rule 33 (comp -> expr UNEQUALS expr .) ]
  ! LPAREN          [ reduce using rule 33 (comp -> expr UNEQUALS expr .) ]
  ! CONS            [ reduce using rule 33 (comp -> expr UNEQUALS expr .) ]
  ! PLUS            [ reduce using rule 33 (comp -> expr UNEQUALS expr .) ]
  ! MINUS           [ reduce using rule 33 (comp -> expr UNEQUALS expr .) ]
  ! EXP             [ reduce using rule 33 (comp -> expr UNEQUALS expr .) ]
  ! MOD             [ reduce using rule 33 (comp -> expr UNEQUALS expr .) ]
  ! IMAG            [ reduce using rule 33 (comp -> expr UNEQUALS expr .) ]
  ! POWER           [ reduce using rule 33 (comp -> expr UNEQUALS expr .) ]
  ! TIMES           [ reduce using rule 33 (comp -> expr UNEQUALS expr .) ]
  ! DIVIDE_CEIL     [ reduce using rule 33 (comp -> expr UNEQUALS expr .) ]
  ! DIVIDE_FLOOR    [ reduce using rule 33 (comp -> expr UNEQUALS expr .) ]
  ! DIVIDE          [ reduce using rule 33 (comp -> expr UNEQUALS expr .) ]
  ! AND             [ shift and go to state 45 ]
  ! XOR             [ shift and go to state 46 ]
  ! OR              [ shift and go to state 47 ]


state 137

    (35) comp -> expr GREATER_THAN expr .
    (1) expr -> expr . ARROW expr
    (2) expr -> expr . OPEN_BRACKETS PLUS CLOSED_BRACKETS
    (3) expr -> expr . OPEN_BRACKETS expr CLOSED_BRACKETS
    (26) expr -> expr . LPAREN para_expr RPAREN
    (41) expr -> expr . CONS expr
    (46) expr -> expr . PLUS expr
    (47) expr -> expr . MINUS expr
    (48) expr -> expr . EXP expr
    (49) expr -> expr . MOD expr
    (53) expr -> expr . IMAG
    (58) expr -> expr . POWER expr
    (65) expr -> expr . TIMES expr
    (66) expr -> expr . DIVIDE_CEIL expr
    (67) expr -> expr . DIVIDE_FLOOR expr
    (68) expr -> expr . DIVIDE expr
    (69) expr -> expr . AND expr
    (70) expr -> expr . XOR expr
    (71) expr -> expr . OR expr
    (29) comp -> expr . EQUALS expr
    (31) comp -> expr . GREATER_EQUALS expr
    (33) comp -> expr . UNEQUALS expr
    (35) comp -> expr . GREATER_THAN expr
    (37) comp -> expr . SMALLER_THAN expr
    (39) comp -> expr . SMALLER_EQUALS expr

    AND             reduce using rule 35 (comp -> expr GREATER_THAN expr .)
    XOR             reduce using rule 35 (comp -> expr GREATER_THAN expr .)
    OR              reduce using rule 35 (comp -> expr GREATER_THAN expr .)
    $end            reduce using rule 35 (comp -> expr GREATER_THAN expr .)
    CLOSED_BRACKETS reduce using rule 35 (comp -> expr GREATER_THAN expr .)
    DOT             reduce using rule 35 (comp -> expr GREATER_THAN expr .)
    COMMA           reduce using rule 35 (comp -> expr GREATER_THAN expr .)
    RPAREN          reduce using rule 35 (comp -> expr GREATER_THAN expr .)
    SEMICOLON       reduce using rule 35 (comp -> expr GREATER_THAN expr .)
    END             reduce using rule 35 (comp -> expr GREATER_THAN expr .)
    THEN            reduce using rule 35 (comp -> expr GREATER_THAN expr .)
    WITH            reduce using rule 35 (comp -> expr GREATER_THAN expr .)
    COLON           reduce using rule 35 (comp -> expr GREATER_THAN expr .)
    IN              reduce using rule 35 (comp -> expr GREATER_THAN expr .)
    LOOPTHEN        reduce using rule 35 (comp -> expr GREATER_THAN expr .)
    ELSE            reduce using rule 35 (comp -> expr GREATER_THAN expr .)
    ARROW           shift and go to state 31
    OPEN_BRACKETS   shift and go to state 32
    LPAREN          shift and go to state 34
    CONS            shift and go to state 35
    PLUS            shift and go to state 33
    MINUS           shift and go to state 36
    EXP             shift and go to state 37
    MOD             shift and go to state 38
    IMAG            shift and go to state 39
    POWER           shift and go to state 40
    TIMES           shift and go to state 41
    DIVIDE_CEIL     shift and go to state 42
    DIVIDE_FLOOR    shift and go to state 43
    DIVIDE          shift and go to state 44
    EQUALS          shift and go to state 48
    GREATER_EQUALS  shift and go to state 49
    UNEQUALS        shift and go to state 50
    GREATER_THAN    shift and go to state 51
    SMALLER_THAN    shift and go to state 52
    SMALLER_EQUALS  shift and go to state 53

  ! EQUALS          [ reduce using rule 35 (comp -> expr GREATER_THAN expr .) ]
  ! GREATER_EQUALS  [ reduce using rule 35 (comp -> expr GREATER_THAN expr .) ]
  ! UNEQUALS        [ reduce using rule 35 (comp -> expr GREATER_THAN expr .) ]
  ! GREATER_THAN    [ reduce using rule 35 (comp -> expr GREATER_THAN expr .) ]
  ! SMALLER_THAN    [ reduce using rule 35 (comp -> expr GREATER_THAN expr .) ]
  ! SMALLER_EQUALS  [ reduce using rule 35 (comp -> expr GREATER_THAN expr .) ]
  ! ARROW           [ reduce using rule 35 (comp -> expr GREATER_THAN expr .) ]
  ! OPEN_BRACKETS   [ reduce using rule 35 (comp -> expr GREATER_THAN expr .) ]
  ! LPAREN          [ reduce using rule 35 (comp -> expr GREATER_THAN expr .) ]
  ! CONS            [ reduce using rule 35 (comp -> expr GREATER_THAN expr .) ]
  ! PLUS            [ reduce using rule 35 (comp -> expr GREATER_THAN expr .) ]
  ! MINUS           [ reduce using rule 35 (comp -> expr GREATER_THAN expr .) ]
  ! EXP             [ reduce using rule 35 (comp -> expr GREATER_THAN expr .) ]
  ! MOD             [ reduce using rule 35 (comp -> expr GREATER_THAN expr .) ]
  ! IMAG            [ reduce using rule 35 (comp -> expr GREATER_THAN expr .) ]
  ! POWER           [ reduce using rule 35 (comp -> expr GREATER_THAN expr .) ]
  ! TIMES           [ reduce using rule 35 (comp -> expr GREATER_THAN expr .) ]
  ! DIVIDE_CEIL     [ reduce using rule 35 (comp -> expr GREATER_THAN expr .) ]
  ! DIVIDE_FLOOR    [ reduce using rule 35 (comp -> expr GREATER_THAN expr .) ]
  ! DIVIDE          [ reduce using rule 35 (comp -> expr GREATER_THAN expr .) ]
  ! AND             [ shift and go to state 45 ]
  ! XOR             [ shift and go to state 46 ]
  ! OR              [ shift and go to state 47 ]


state 138

    (37) comp -> expr SMALLER_THAN expr .
    (1) expr -> expr . ARROW expr
    (2) expr -> expr . OPEN_BRACKETS PLUS CLOSED_BRACKETS
    (3) expr -> expr . OPEN_BRACKETS expr CLOSED_BRACKETS
    (26) expr -> expr . LPAREN para_expr RPAREN
    (41) expr -> expr . CONS expr
    (46) expr -> expr . PLUS expr
    (47) expr -> expr . MINUS expr
    (48) expr -> expr . EXP expr
    (49) expr -> expr . MOD expr
    (53) expr -> expr . IMAG
    (58) expr -> expr . POWER expr
    (65) expr -> expr . TIMES expr
    (66) expr -> expr . DIVIDE_CEIL expr
    (67) expr -> expr . DIVIDE_FLOOR expr
    (68) expr -> expr . DIVIDE expr
    (69) expr -> expr . AND expr
    (70) expr -> expr . XOR expr
    (71) expr -> expr . OR expr
    (29) comp -> expr . EQUALS expr
    (31) comp -> expr . GREATER_EQUALS expr
    (33) comp -> expr . UNEQUALS expr
    (35) comp -> expr . GREATER_THAN expr
    (37) comp -> expr . SMALLER_THAN expr
    (39) comp -> expr . SMALLER_EQUALS expr

    AND             reduce using rule 37 (comp -> expr SMALLER_THAN expr .)
    XOR             reduce using rule 37 (comp -> expr SMALLER_THAN expr .)
    OR              reduce using rule 37 (comp -> expr SMALLER_THAN expr .)
    $end            reduce using rule 37 (comp -> expr SMALLER_THAN expr .)
    CLOSED_BRACKETS reduce using rule 37 (comp -> expr SMALLER_THAN expr .)
    DOT             reduce using rule 37 (comp -> expr SMALLER_THAN expr .)
    COMMA           reduce using rule 37 (comp -> expr SMALLER_THAN expr .)
    RPAREN          reduce using rule 37 (comp -> expr SMALLER_THAN expr .)
    SEMICOLON       reduce using rule 37 (comp -> expr SMALLER_THAN expr .)
    END             reduce using rule 37 (comp -> expr SMALLER_THAN expr .)
    THEN            reduce using rule 37 (comp -> expr SMALLER_THAN expr .)
    WITH            reduce using rule 37 (comp -> expr SMALLER_THAN expr .)
    COLON           reduce using rule 37 (comp -> expr SMALLER_THAN expr .)
    IN              reduce using rule 37 (comp -> expr SMALLER_THAN expr .)
    LOOPTHEN        reduce using rule 37 (comp -> expr SMALLER_THAN expr .)
    ELSE            reduce using rule 37 (comp -> expr SMALLER_THAN expr .)
    ARROW           shift and go to state 31
    OPEN_BRACKETS   shift and go to state 32
    LPAREN          shift and go to state 34
    CONS            shift and go to state 35
    PLUS            shift and go to state 33
    MINUS           shift and go to state 36
    EXP             shift and go to state 37
    MOD             shift and go to state 38
    IMAG            shift and go to state 39
    POWER           shift and go to state 40
    TIMES           shift and go to state 41
    DIVIDE_CEIL     shift and go to state 42
    DIVIDE_FLOOR    shift and go to state 43
    DIVIDE          shift and go to state 44
    EQUALS          shift and go to state 48
    GREATER_EQUALS  shift and go to state 49
    UNEQUALS        shift and go to state 50
    GREATER_THAN    shift and go to state 51
    SMALLER_THAN    shift and go to state 52
    SMALLER_EQUALS  shift and go to state 53

  ! EQUALS          [ reduce using rule 37 (comp -> expr SMALLER_THAN expr .) ]
  ! GREATER_EQUALS  [ reduce using rule 37 (comp -> expr SMALLER_THAN expr .) ]
  ! UNEQUALS        [ reduce using rule 37 (comp -> expr SMALLER_THAN expr .) ]
  ! GREATER_THAN    [ reduce using rule 37 (comp -> expr SMALLER_THAN expr .) ]
  ! SMALLER_THAN    [ reduce using rule 37 (comp -> expr SMALLER_THAN expr .) ]
  ! SMALLER_EQUALS  [ reduce using rule 37 (comp -> expr SMALLER_THAN expr .) ]
  ! ARROW           [ reduce using rule 37 (comp -> expr SMALLER_THAN expr .) ]
  ! OPEN_BRACKETS   [ reduce using rule 37 (comp -> expr SMALLER_THAN expr .) ]
  ! LPAREN          [ reduce using rule 37 (comp -> expr SMALLER_THAN expr .) ]
  ! CONS            [ reduce using rule 37 (comp -> expr SMALLER_THAN expr .) ]
  ! PLUS            [ reduce using rule 37 (comp -> expr SMALLER_THAN expr .) ]
  ! MINUS           [ reduce using rule 37 (comp -> expr SMALLER_THAN expr .) ]
  ! EXP             [ reduce using rule 37 (comp -> expr SMALLER_THAN expr .) ]
  ! MOD             [ reduce using rule 37 (comp -> expr SMALLER_THAN expr .) ]
  ! IMAG            [ reduce using rule 37 (comp -> expr SMALLER_THAN expr .) ]
  ! POWER           [ reduce using rule 37 (comp -> expr SMALLER_THAN expr .) ]
  ! TIMES           [ reduce using rule 37 (comp -> expr SMALLER_THAN expr .) ]
  ! DIVIDE_CEIL     [ reduce using rule 37 (comp -> expr SMALLER_THAN expr .) ]
  ! DIVIDE_FLOOR    [ reduce using rule 37 (comp -> expr SMALLER_THAN expr .) ]
  ! DIVIDE          [ reduce using rule 37 (comp -> expr SMALLER_THAN expr .) ]
  ! AND             [ shift and go to state 45 ]
  ! XOR             [ shift and go to state 46 ]
  ! OR              [ shift and go to state 47 ]


state 139

    (39) comp -> expr SMALLER_EQUALS expr .
    (1) expr -> expr . ARROW expr
    (2) expr -> expr . OPEN_BRACKETS PLUS CLOSED_BRACKETS
    (3) expr -> expr . OPEN_BRACKETS expr CLOSED_BRACKETS
    (26) expr -> expr . LPAREN para_expr RPAREN
    (41) expr -> expr . CONS expr
    (46) expr -> expr . PLUS expr
    (47) expr -> expr . MINUS expr
    (48) expr -> expr . EXP expr
    (49) expr -> expr . MOD expr
    (53) expr -> expr . IMAG
    (58) expr -> expr . POWER expr
    (65) expr -> expr . TIMES expr
    (66) expr -> expr . DIVIDE_CEIL expr
    (67) expr -> expr . DIVIDE_FLOOR expr
    (68) expr -> expr . DIVIDE expr
    (69) expr -> expr . AND expr
    (70) expr -> expr . XOR expr
    (71) expr -> expr . OR expr
    (29) comp -> expr . EQUALS expr
    (31) comp -> expr . GREATER_EQUALS expr
    (33) comp -> expr . UNEQUALS expr
    (35) comp -> expr . GREATER_THAN expr
    (37) comp -> expr . SMALLER_THAN expr
    (39) comp -> expr . SMALLER_EQUALS expr

    AND             reduce using rule 39 (comp -> expr SMALLER_EQUALS expr .)
    XOR             reduce using rule 39 (comp -> expr SMALLER_EQUALS expr .)
    OR              reduce using rule 39 (comp -> expr SMALLER_EQUALS expr .)
    $end            reduce using rule 39 (comp -> expr SMALLER_EQUALS expr .)
    CLOSED_BRACKETS reduce using rule 39 (comp -> expr SMALLER_EQUALS expr .)
    DOT             reduce using rule 39 (comp -> expr SMALLER_EQUALS expr .)
    COMMA           reduce using rule 39 (comp -> expr SMALLER_EQUALS expr .)
    RPAREN          reduce using rule 39 (comp -> expr SMALLER_EQUALS expr .)
    SEMICOLON       reduce using rule 39 (comp -> expr SMALLER_EQUALS expr .)
    END             reduce using rule 39 (comp -> expr SMALLER_EQUALS expr .)
    THEN            reduce using rule 39 (comp -> expr SMALLER_EQUALS expr .)
    WITH            reduce using rule 39 (comp -> expr SMALLER_EQUALS expr .)
    COLON           reduce using rule 39 (comp -> expr SMALLER_EQUALS expr .)
    IN              reduce using rule 39 (comp -> expr SMALLER_EQUALS expr .)
    LOOPTHEN        reduce using rule 39 (comp -> expr SMALLER_EQUALS expr .)
    ELSE            reduce using rule 39 (comp -> expr SMALLER_EQUALS expr .)
    ARROW           shift and go to state 31
    OPEN_BRACKETS   shift and go to state 32
    LPAREN          shift and go to state 34
    CONS            shift and go to state 35
    PLUS            shift and go to state 33
    MINUS           shift and go to state 36
    EXP             shift and go to state 37
    MOD             shift and go to state 38
    IMAG            shift and go to state 39
    POWER           shift and go to state 40
    TIMES           shift and go to state 41
    DIVIDE_CEIL     shift and go to state 42
    DIVIDE_FLOOR    shift and go to state 43
    DIVIDE          shift and go to state 44
    EQUALS          shift and go to state 48
    GREATER_EQUALS  shift and go to state 49
    UNEQUALS        shift and go to state 50
    GREATER_THAN    shift and go to state 51
    SMALLER_THAN    shift and go to state 52
    SMALLER_EQUALS  shift and go to state 53

  ! EQUALS          [ reduce using rule 39 (comp -> expr SMALLER_EQUALS expr .) ]
  ! GREATER_EQUALS  [ reduce using rule 39 (comp -> expr SMALLER_EQUALS expr .) ]
  ! UNEQUALS        [ reduce using rule 39 (comp -> expr SMALLER_EQUALS expr .) ]
  ! GREATER_THAN    [ reduce using rule 39 (comp -> expr SMALLER_EQUALS expr .) ]
  ! SMALLER_THAN    [ reduce using rule 39 (comp -> expr SMALLER_EQUALS expr .) ]
  ! SMALLER_EQUALS  [ reduce using rule 39 (comp -> expr SMALLER_EQUALS expr .) ]
  ! ARROW           [ reduce using rule 39 (comp -> expr SMALLER_EQUALS expr .) ]
  ! OPEN_BRACKETS   [ reduce using rule 39 (comp -> expr SMALLER_EQUALS expr .) ]
  ! LPAREN          [ reduce using rule 39 (comp -> expr SMALLER_EQUALS expr .) ]
  ! CONS            [ reduce using rule 39 (comp -> expr SMALLER_EQUALS expr .) ]
  ! PLUS            [ reduce using rule 39 (comp -> expr SMALLER_EQUALS expr .) ]
  ! MINUS           [ reduce using rule 39 (comp -> expr SMALLER_EQUALS expr .) ]
  ! EXP             [ reduce using rule 39 (comp -> expr SMALLER_EQUALS expr .) ]
  ! MOD             [ reduce using rule 39 (comp -> expr SMALLER_EQUALS expr .) ]
  ! IMAG            [ reduce using rule 39 (comp -> expr SMALLER_EQUALS expr .) ]
  ! POWER           [ reduce using rule 39 (comp -> expr SMALLER_EQUALS expr .) ]
  ! TIMES           [ reduce using rule 39 (comp -> expr SMALLER_EQUALS expr .) ]
  ! DIVIDE_CEIL     [ reduce using rule 39 (comp -> expr SMALLER_EQUALS expr .) ]
  ! DIVIDE_FLOOR    [ reduce using rule 39 (comp -> expr SMALLER_EQUALS expr .) ]
  ! DIVIDE          [ reduce using rule 39 (comp -> expr SMALLER_EQUALS expr .) ]
  ! AND             [ shift and go to state 45 ]
  ! XOR             [ shift and go to state 46 ]
  ! OR              [ shift and go to state 47 ]


state 140

    (60) expr -> OPEN_BRACKETS param_list CLOSED_BRACKETS .

    ARROW           reduce using rule 60 (expr -> OPEN_BRACKETS param_list CLOSED_BRACKETS .)
    OPEN_BRACKETS   reduce using rule 60 (expr -> OPEN_BRACKETS param_list CLOSED_BRACKETS .)
    LPAREN          reduce using rule 60 (expr -> OPEN_BRACKETS param_list CLOSED_BRACKETS .)
    CONS            reduce using rule 60 (expr -> OPEN_BRACKETS param_list CLOSED_BRACKETS .)
    PLUS            reduce using rule 60 (expr -> OPEN_BRACKETS param_list CLOSED_BRACKETS .)
    MINUS           reduce using rule 60 (expr -> OPEN_BRACKETS param_list CLOSED_BRACKETS .)
    EXP             reduce using rule 60 (expr -> OPEN_BRACKETS param_list CLOSED_BRACKETS .)
    MOD             reduce using rule 60 (expr -> OPEN_BRACKETS param_list CLOSED_BRACKETS .)
    IMAG            reduce using rule 60 (expr -> OPEN_BRACKETS param_list CLOSED_BRACKETS .)
    POWER           reduce using rule 60 (expr -> OPEN_BRACKETS param_list CLOSED_BRACKETS .)
    TIMES           reduce using rule 60 (expr -> OPEN_BRACKETS param_list CLOSED_BRACKETS .)
    DIVIDE_CEIL     reduce using rule 60 (expr -> OPEN_BRACKETS param_list CLOSED_BRACKETS .)
    DIVIDE_FLOOR    reduce using rule 60 (expr -> OPEN_BRACKETS param_list CLOSED_BRACKETS .)
    DIVIDE          reduce using rule 60 (expr -> OPEN_BRACKETS param_list CLOSED_BRACKETS .)
    AND             reduce using rule 60 (expr -> OPEN_BRACKETS param_list CLOSED_BRACKETS .)
    XOR             reduce using rule 60 (expr -> OPEN_BRACKETS param_list CLOSED_BRACKETS .)
    OR              reduce using rule 60 (expr -> OPEN_BRACKETS param_list CLOSED_BRACKETS .)
    EQUALS          reduce using rule 60 (expr -> OPEN_BRACKETS param_list CLOSED_BRACKETS .)
    GREATER_EQUALS  reduce using rule 60 (expr -> OPEN_BRACKETS param_list CLOSED_BRACKETS .)
    UNEQUALS        reduce using rule 60 (expr -> OPEN_BRACKETS param_list CLOSED_BRACKETS .)
    GREATER_THAN    reduce using rule 60 (expr -> OPEN_BRACKETS param_list CLOSED_BRACKETS .)
    SMALLER_THAN    reduce using rule 60 (expr -> OPEN_BRACKETS param_list CLOSED_BRACKETS .)
    SMALLER_EQUALS  reduce using rule 60 (expr -> OPEN_BRACKETS param_list CLOSED_BRACKETS .)
    $end            reduce using rule 60 (expr -> OPEN_BRACKETS param_list CLOSED_BRACKETS .)
    CLOSED_BRACKETS reduce using rule 60 (expr -> OPEN_BRACKETS param_list CLOSED_BRACKETS .)
    DOT             reduce using rule 60 (expr -> OPEN_BRACKETS param_list CLOSED_BRACKETS .)
    COMMA           reduce using rule 60 (expr -> OPEN_BRACKETS param_list CLOSED_BRACKETS .)
    RPAREN          reduce using rule 60 (expr -> OPEN_BRACKETS param_list CLOSED_BRACKETS .)
    SEMICOLON       reduce using rule 60 (expr -> OPEN_BRACKETS param_list CLOSED_BRACKETS .)
    END             reduce using rule 60 (expr -> OPEN_BRACKETS param_list CLOSED_BRACKETS .)
    THEN            reduce using rule 60 (expr -> OPEN_BRACKETS param_list CLOSED_BRACKETS .)
    WITH            reduce using rule 60 (expr -> OPEN_BRACKETS param_list CLOSED_BRACKETS .)
    COLON           reduce using rule 60 (expr -> OPEN_BRACKETS param_list CLOSED_BRACKETS .)
    IN              reduce using rule 60 (expr -> OPEN_BRACKETS param_list CLOSED_BRACKETS .)
    LOOPTHEN        reduce using rule 60 (expr -> OPEN_BRACKETS param_list CLOSED_BRACKETS .)
    ELSE            reduce using rule 60 (expr -> OPEN_BRACKETS param_list CLOSED_BRACKETS .)


state 141

    (104) param_list -> param_list COMMA . expr
    (1) expr -> . expr ARROW expr
    (2) expr -> . expr OPEN_BRACKETS PLUS CLOSED_BRACKETS
    (3) expr -> . expr OPEN_BRACKETS expr CLOSED_BRACKETS
    (4) expr -> . IDENTIFIER PLUS_ASSIGN expr
    (5) expr -> . IDENTIFIER MINUS_ASSIGN expr
    (6) expr -> . IDENTIFIER SMALLER_EQUALS_ASSIGN expr
    (7) expr -> . IDENTIFIER GREATER_THAN_ASSIGN expr
    (8) expr -> . IDENTIFIER SMALLER_THAN_ASSIGN expr
    (9) expr -> . IDENTIFIER AND_ASSIGN expr
    (10) expr -> . IDENTIFIER OR_ASSIGN expr
    (11) expr -> . IDENTIFIER XOR_ASSIGN expr
    (12) expr -> . IDENTIFIER MOD_ASSIGN expr
    (13) expr -> . IDENTIFIER EXP_ASSIGN expr
    (14) expr -> . IDENTIFIER POWER_ASSIGN expr
    (15) expr -> . IDENTIFIER TIMES_ASSIGN expr
    (16) expr -> . IDENTIFIER DIVIDE_CEIL_ASSIGN expr
    (17) expr -> . IDENTIFIER DIVIDE_FLOOR_ASSIGN expr
    (18) expr -> . IDENTIFIER DIVIDE_ASSIGN expr
    (19) expr -> . IDENTIFIER EQUALS_ASSIGN expr
    (20) expr -> . IDENTIFIER UNEQUALS_ASSIGN expr
    (21) expr -> . IDENTIFIER GREATER_EQUALS_ASSIGN expr
    (26) expr -> . expr LPAREN para_expr RPAREN
    (41) expr -> . expr CONS expr
    (46) expr -> . expr PLUS expr
    (47) expr -> . expr MINUS expr
    (48) expr -> . expr EXP expr
    (49) expr -> . expr MOD expr
    (50) expr -> . NOT expr
    (51) expr -> . PLUS expr
    (52) expr -> . MINUS expr
    (53) expr -> . expr IMAG
    (54) expr -> . comp
    (55) expr -> . assign_expr
    (56) expr -> . BEGIN sequence END
    (57) expr -> . BEGIN END
    (58) expr -> . expr POWER expr
    (59) expr -> . LET letrec_assign IN expr DOT
    (60) expr -> . OPEN_BRACKETS param_list CLOSED_BRACKETS
    (61) expr -> . OPEN_BRACKETS expr CLOSED_BRACKETS
    (62) expr -> . OPEN_BRACKETS CLOSED_BRACKETS
    (63) expr -> . STRUCT BEGIN assign_list END
    (64) expr -> . STRUCT BEGIN END
    (65) expr -> . expr TIMES expr
    (66) expr -> . expr DIVIDE_CEIL expr
    (67) expr -> . expr DIVIDE_FLOOR expr
    (68) expr -> . expr DIVIDE expr
    (69) expr -> . expr AND expr
    (70) expr -> . expr XOR expr
    (71) expr -> . expr OR expr
    (73) expr -> . FLOAT
    (74) expr -> . IF expr THEN COMMA expr DOT
    (75) expr -> . IF expr THEN COMMA expr else_elif_body DOT
    (76) expr -> . IMPORT file
    (77) expr -> . OPEN_BRACKETS expr DOT DOT expr CLOSED_BRACKETS
    (78) expr -> . CLOSED_BRACKETS expr DOT DOT expr CLOSED_BRACKETS
    (79) expr -> . OPEN_BRACKETS expr DOT DOT expr OPEN_BRACKETS
    (80) expr -> . CLOSED_BRACKETS expr DOT DOT expr OPEN_BRACKETS
    (81) expr -> . LAMBDA para ARROW type COLON expr
    (82) expr -> . NULL
    (85) expr -> . LPAREN param_list RPAREN
    (86) expr -> . LOOP IDENTIFIER IN expr LOOPTHEN expr DOT
    (87) expr -> . MATCH expr WITH cases DOT
    (88) expr -> . NUMBER
    (115) expr -> . LPAREN expr RPAREN
    (120) expr -> . STRING
    (130) expr -> . T_UNDEF expr
    (131) expr -> . IDENTIFIER
    (132) expr -> . WHILE expr THEN COMMA expr DOT
    (29) comp -> . expr EQUALS expr
    (30) comp -> . comp EQUALS expr
    (31) comp -> . expr GREATER_EQUALS expr
    (32) comp -> . comp GREATER_EQUALS expr
    (33) comp -> . expr UNEQUALS expr
    (34) comp -> . comp UNEQUALS expr
    (35) comp -> . expr GREATER_THAN expr
    (36) comp -> . comp GREATER_THAN expr
    (37) comp -> . expr SMALLER_THAN expr
    (38) comp -> . comp SMALLER_THAN expr
    (39) comp -> . expr SMALLER_EQUALS expr
    (40) comp -> . comp SMALLER_EQUALS expr
    (22) assign_expr -> . type IDENTIFIER ASSIGN expr
    (23) assign_expr -> . IDENTIFIER ASSIGN expr
    (121) type -> . T_INT
    (122) type -> . T_FLOAT
    (123) type -> . T_STRING
    (124) type -> . T_COMPLEX
    (125) type -> . LPAREN type_arg RPAREN ARROW type
    (126) type -> . type ARROW type
    (127) type -> . OPEN_BRACKETS CLOSED_BRACKETS type

    IDENTIFIER      shift and go to state 6
    NOT             shift and go to state 9
    PLUS            shift and go to state 4
    MINUS           shift and go to state 8
    BEGIN           shift and go to state 12
    LET             shift and go to state 13
    OPEN_BRACKETS   shift and go to state 3
    STRUCT          shift and go to state 14
    FLOAT           shift and go to state 15
    IF              shift and go to state 16
    IMPORT          shift and go to state 17
    CLOSED_BRACKETS shift and go to state 5
    LAMBDA          shift and go to state 18
    NULL            shift and go to state 20
    LPAREN          shift and go to state 7
    LOOP            shift and go to state 21
    MATCH           shift and go to state 22
    NUMBER          shift and go to state 23
    STRING          shift and go to state 24
    T_UNDEF         shift and go to state 25
    WHILE           shift and go to state 26
    T_INT           shift and go to state 27
    T_FLOAT         shift and go to state 28
    T_STRING        shift and go to state 29
    T_COMPLEX       shift and go to state 30

    expr                           shift and go to state 207
    comp                           shift and go to state 10
    assign_expr                    shift and go to state 11
    type                           shift and go to state 19

state 142

    (127) type -> OPEN_BRACKETS . CLOSED_BRACKETS type
    (60) expr -> OPEN_BRACKETS . param_list CLOSED_BRACKETS
    (61) expr -> OPEN_BRACKETS . expr CLOSED_BRACKETS
    (62) expr -> OPEN_BRACKETS . CLOSED_BRACKETS
    (77) expr -> OPEN_BRACKETS . expr DOT DOT expr CLOSED_BRACKETS
    (79) expr -> OPEN_BRACKETS . expr DOT DOT expr OPEN_BRACKETS
    (104) param_list -> . param_list COMMA expr
    (105) param_list -> . expr COMMA expr
    (1) expr -> . expr ARROW expr
    (2) expr -> . expr OPEN_BRACKETS PLUS CLOSED_BRACKETS
    (3) expr -> . expr OPEN_BRACKETS expr CLOSED_BRACKETS
    (4) expr -> . IDENTIFIER PLUS_ASSIGN expr
    (5) expr -> . IDENTIFIER MINUS_ASSIGN expr
    (6) expr -> . IDENTIFIER SMALLER_EQUALS_ASSIGN expr
    (7) expr -> . IDENTIFIER GREATER_THAN_ASSIGN expr
    (8) expr -> . IDENTIFIER SMALLER_THAN_ASSIGN expr
    (9) expr -> . IDENTIFIER AND_ASSIGN expr
    (10) expr -> . IDENTIFIER OR_ASSIGN expr
    (11) expr -> . IDENTIFIER XOR_ASSIGN expr
    (12) expr -> . IDENTIFIER MOD_ASSIGN expr
    (13) expr -> . IDENTIFIER EXP_ASSIGN expr
    (14) expr -> . IDENTIFIER POWER_ASSIGN expr
    (15) expr -> . IDENTIFIER TIMES_ASSIGN expr
    (16) expr -> . IDENTIFIER DIVIDE_CEIL_ASSIGN expr
    (17) expr -> . IDENTIFIER DIVIDE_FLOOR_ASSIGN expr
    (18) expr -> . IDENTIFIER DIVIDE_ASSIGN expr
    (19) expr -> . IDENTIFIER EQUALS_ASSIGN expr
    (20) expr -> . IDENTIFIER UNEQUALS_ASSIGN expr
    (21) expr -> . IDENTIFIER GREATER_EQUALS_ASSIGN expr
    (26) expr -> . expr LPAREN para_expr RPAREN
    (41) expr -> . expr CONS expr
    (46) expr -> . expr PLUS expr
    (47) expr -> . expr MINUS expr
    (48) expr -> . expr EXP expr
    (49) expr -> . expr MOD expr
    (50) expr -> . NOT expr
    (51) expr -> . PLUS expr
    (52) expr -> . MINUS expr
    (53) expr -> . expr IMAG
    (54) expr -> . comp
    (55) expr -> . assign_expr
    (56) expr -> . BEGIN sequence END
    (57) expr -> . BEGIN END
    (58) expr -> . expr POWER expr
    (59) expr -> . LET letrec_assign IN expr DOT
    (60) expr -> . OPEN_BRACKETS param_list CLOSED_BRACKETS
    (61) expr -> . OPEN_BRACKETS expr CLOSED_BRACKETS
    (62) expr -> . OPEN_BRACKETS CLOSED_BRACKETS
    (63) expr -> . STRUCT BEGIN assign_list END
    (64) expr -> . STRUCT BEGIN END
    (65) expr -> . expr TIMES expr
    (66) expr -> . expr DIVIDE_CEIL expr
    (67) expr -> . expr DIVIDE_FLOOR expr
    (68) expr -> . expr DIVIDE expr
    (69) expr -> . expr AND expr
    (70) expr -> . expr XOR expr
    (71) expr -> . expr OR expr
    (73) expr -> . FLOAT
    (74) expr -> . IF expr THEN COMMA expr DOT
    (75) expr -> . IF expr THEN COMMA expr else_elif_body DOT
    (76) expr -> . IMPORT file
    (77) expr -> . OPEN_BRACKETS expr DOT DOT expr CLOSED_BRACKETS
    (78) expr -> . CLOSED_BRACKETS expr DOT DOT expr CLOSED_BRACKETS
    (79) expr -> . OPEN_BRACKETS expr DOT DOT expr OPEN_BRACKETS
    (80) expr -> . CLOSED_BRACKETS expr DOT DOT expr OPEN_BRACKETS
    (81) expr -> . LAMBDA para ARROW type COLON expr
    (82) expr -> . NULL
    (85) expr -> . LPAREN param_list RPAREN
    (86) expr -> . LOOP IDENTIFIER IN expr LOOPTHEN expr DOT
    (87) expr -> . MATCH expr WITH cases DOT
    (88) expr -> . NUMBER
    (115) expr -> . LPAREN expr RPAREN
    (120) expr -> . STRING
    (130) expr -> . T_UNDEF expr
    (131) expr -> . IDENTIFIER
    (132) expr -> . WHILE expr THEN COMMA expr DOT
    (29) comp -> . expr EQUALS expr
    (30) comp -> . comp EQUALS expr
    (31) comp -> . expr GREATER_EQUALS expr
    (32) comp -> . comp GREATER_EQUALS expr
    (33) comp -> . expr UNEQUALS expr
    (34) comp -> . comp UNEQUALS expr
    (35) comp -> . expr GREATER_THAN expr
    (36) comp -> . comp GREATER_THAN expr
    (37) comp -> . expr SMALLER_THAN expr
    (38) comp -> . comp SMALLER_THAN expr
    (39) comp -> . expr SMALLER_EQUALS expr
    (40) comp -> . comp SMALLER_EQUALS expr
    (22) assign_expr -> . type IDENTIFIER ASSIGN expr
    (23) assign_expr -> . IDENTIFIER ASSIGN expr
    (121) type -> . T_INT
    (122) type -> . T_FLOAT
    (123) type -> . T_STRING
    (124) type -> . T_COMPLEX
    (125) type -> . LPAREN type_arg RPAREN ARROW type
    (126) type -> . type ARROW type
    (127) type -> . OPEN_BRACKETS CLOSED_BRACKETS type

    CLOSED_BRACKETS shift and go to state 208
    IDENTIFIER      shift and go to state 6
    NOT             shift and go to state 9
    PLUS            shift and go to state 4
    MINUS           shift and go to state 8
    BEGIN           shift and go to state 12
    LET             shift and go to state 13
    OPEN_BRACKETS   shift and go to state 3
    STRUCT          shift and go to state 14
    FLOAT           shift and go to state 15
    IF              shift and go to state 16
    IMPORT          shift and go to state 17
    LAMBDA          shift and go to state 18
    NULL            shift and go to state 20
    LPAREN          shift and go to state 7
    LOOP            shift and go to state 21
    MATCH           shift and go to state 22
    NUMBER          shift and go to state 23
    STRING          shift and go to state 24
    T_UNDEF         shift and go to state 25
    WHILE           shift and go to state 26
    T_INT           shift and go to state 27
    T_FLOAT         shift and go to state 28
    T_STRING        shift and go to state 29
    T_COMPLEX       shift and go to state 30

    type                           shift and go to state 19
    param_list                     shift and go to state 54
    expr                           shift and go to state 56
    comp                           shift and go to state 10
    assign_expr                    shift and go to state 11

state 143

    (127) type -> OPEN_BRACKETS CLOSED_BRACKETS type .
    (126) type -> type . ARROW type
    (22) assign_expr -> type . IDENTIFIER ASSIGN expr

    IDENTIFIER      reduce using rule 127 (type -> OPEN_BRACKETS CLOSED_BRACKETS type .)
    ARROW           reduce using rule 127 (type -> OPEN_BRACKETS CLOSED_BRACKETS type .)
    COMMA           reduce using rule 127 (type -> OPEN_BRACKETS CLOSED_BRACKETS type .)
    RPAREN          reduce using rule 127 (type -> OPEN_BRACKETS CLOSED_BRACKETS type .)

  ! ARROW           [ shift and go to state 108 ]
  ! IDENTIFIER      [ shift and go to state 107 ]


state 144

    (125) type -> LPAREN . type_arg RPAREN ARROW type
    (85) expr -> LPAREN . param_list RPAREN
    (115) expr -> LPAREN . expr RPAREN
    (128) type_arg -> . type COMMA type_arg
    (129) type_arg -> . type
    (104) param_list -> . param_list COMMA expr
    (105) param_list -> . expr COMMA expr
    (1) expr -> . expr ARROW expr
    (2) expr -> . expr OPEN_BRACKETS PLUS CLOSED_BRACKETS
    (3) expr -> . expr OPEN_BRACKETS expr CLOSED_BRACKETS
    (4) expr -> . IDENTIFIER PLUS_ASSIGN expr
    (5) expr -> . IDENTIFIER MINUS_ASSIGN expr
    (6) expr -> . IDENTIFIER SMALLER_EQUALS_ASSIGN expr
    (7) expr -> . IDENTIFIER GREATER_THAN_ASSIGN expr
    (8) expr -> . IDENTIFIER SMALLER_THAN_ASSIGN expr
    (9) expr -> . IDENTIFIER AND_ASSIGN expr
    (10) expr -> . IDENTIFIER OR_ASSIGN expr
    (11) expr -> . IDENTIFIER XOR_ASSIGN expr
    (12) expr -> . IDENTIFIER MOD_ASSIGN expr
    (13) expr -> . IDENTIFIER EXP_ASSIGN expr
    (14) expr -> . IDENTIFIER POWER_ASSIGN expr
    (15) expr -> . IDENTIFIER TIMES_ASSIGN expr
    (16) expr -> . IDENTIFIER DIVIDE_CEIL_ASSIGN expr
    (17) expr -> . IDENTIFIER DIVIDE_FLOOR_ASSIGN expr
    (18) expr -> . IDENTIFIER DIVIDE_ASSIGN expr
    (19) expr -> . IDENTIFIER EQUALS_ASSIGN expr
    (20) expr -> . IDENTIFIER UNEQUALS_ASSIGN expr
    (21) expr -> . IDENTIFIER GREATER_EQUALS_ASSIGN expr
    (26) expr -> . expr LPAREN para_expr RPAREN
    (41) expr -> . expr CONS expr
    (46) expr -> . expr PLUS expr
    (47) expr -> . expr MINUS expr
    (48) expr -> . expr EXP expr
    (49) expr -> . expr MOD expr
    (50) expr -> . NOT expr
    (51) expr -> . PLUS expr
    (52) expr -> . MINUS expr
    (53) expr -> . expr IMAG
    (54) expr -> . comp
    (55) expr -> . assign_expr
    (56) expr -> . BEGIN sequence END
    (57) expr -> . BEGIN END
    (58) expr -> . expr POWER expr
    (59) expr -> . LET letrec_assign IN expr DOT
    (60) expr -> . OPEN_BRACKETS param_list CLOSED_BRACKETS
    (61) expr -> . OPEN_BRACKETS expr CLOSED_BRACKETS
    (62) expr -> . OPEN_BRACKETS CLOSED_BRACKETS
    (63) expr -> . STRUCT BEGIN assign_list END
    (64) expr -> . STRUCT BEGIN END
    (65) expr -> . expr TIMES expr
    (66) expr -> . expr DIVIDE_CEIL expr
    (67) expr -> . expr DIVIDE_FLOOR expr
    (68) expr -> . expr DIVIDE expr
    (69) expr -> . expr AND expr
    (70) expr -> . expr XOR expr
    (71) expr -> . expr OR expr
    (73) expr -> . FLOAT
    (74) expr -> . IF expr THEN COMMA expr DOT
    (75) expr -> . IF expr THEN COMMA expr else_elif_body DOT
    (76) expr -> . IMPORT file
    (77) expr -> . OPEN_BRACKETS expr DOT DOT expr CLOSED_BRACKETS
    (78) expr -> . CLOSED_BRACKETS expr DOT DOT expr CLOSED_BRACKETS
    (79) expr -> . OPEN_BRACKETS expr DOT DOT expr OPEN_BRACKETS
    (80) expr -> . CLOSED_BRACKETS expr DOT DOT expr OPEN_BRACKETS
    (81) expr -> . LAMBDA para ARROW type COLON expr
    (82) expr -> . NULL
    (85) expr -> . LPAREN param_list RPAREN
    (86) expr -> . LOOP IDENTIFIER IN expr LOOPTHEN expr DOT
    (87) expr -> . MATCH expr WITH cases DOT
    (88) expr -> . NUMBER
    (115) expr -> . LPAREN expr RPAREN
    (120) expr -> . STRING
    (130) expr -> . T_UNDEF expr
    (131) expr -> . IDENTIFIER
    (132) expr -> . WHILE expr THEN COMMA expr DOT
    (121) type -> . T_INT
    (122) type -> . T_FLOAT
    (123) type -> . T_STRING
    (124) type -> . T_COMPLEX
    (125) type -> . LPAREN type_arg RPAREN ARROW type
    (126) type -> . type ARROW type
    (127) type -> . OPEN_BRACKETS CLOSED_BRACKETS type
    (29) comp -> . expr EQUALS expr
    (30) comp -> . comp EQUALS expr
    (31) comp -> . expr GREATER_EQUALS expr
    (32) comp -> . comp GREATER_EQUALS expr
    (33) comp -> . expr UNEQUALS expr
    (34) comp -> . comp UNEQUALS expr
    (35) comp -> . expr GREATER_THAN expr
    (36) comp -> . comp GREATER_THAN expr
    (37) comp -> . expr SMALLER_THAN expr
    (38) comp -> . comp SMALLER_THAN expr
    (39) comp -> . expr SMALLER_EQUALS expr
    (40) comp -> . comp SMALLER_EQUALS expr
    (22) assign_expr -> . type IDENTIFIER ASSIGN expr
    (23) assign_expr -> . IDENTIFIER ASSIGN expr

    IDENTIFIER      shift and go to state 6
    NOT             shift and go to state 9
    PLUS            shift and go to state 4
    MINUS           shift and go to state 8
    BEGIN           shift and go to state 12
    LET             shift and go to state 13
    OPEN_BRACKETS   shift and go to state 3
    STRUCT          shift and go to state 14
    FLOAT           shift and go to state 15
    IF              shift and go to state 16
    IMPORT          shift and go to state 17
    CLOSED_BRACKETS shift and go to state 5
    LAMBDA          shift and go to state 18
    NULL            shift and go to state 20
    LPAREN          shift and go to state 7
    LOOP            shift and go to state 21
    MATCH           shift and go to state 22
    NUMBER          shift and go to state 23
    STRING          shift and go to state 24
    T_UNDEF         shift and go to state 25
    WHILE           shift and go to state 26
    T_INT           shift and go to state 27
    T_FLOAT         shift and go to state 28
    T_STRING        shift and go to state 29
    T_COMPLEX       shift and go to state 30

    type_arg                       shift and go to state 80
    type                           shift and go to state 209
    param_list                     shift and go to state 78
    expr                           shift and go to state 79
    comp                           shift and go to state 10
    assign_expr                    shift and go to state 11

state 145

    (61) expr -> OPEN_BRACKETS expr CLOSED_BRACKETS .

    ARROW           reduce using rule 61 (expr -> OPEN_BRACKETS expr CLOSED_BRACKETS .)
    OPEN_BRACKETS   reduce using rule 61 (expr -> OPEN_BRACKETS expr CLOSED_BRACKETS .)
    LPAREN          reduce using rule 61 (expr -> OPEN_BRACKETS expr CLOSED_BRACKETS .)
    CONS            reduce using rule 61 (expr -> OPEN_BRACKETS expr CLOSED_BRACKETS .)
    PLUS            reduce using rule 61 (expr -> OPEN_BRACKETS expr CLOSED_BRACKETS .)
    MINUS           reduce using rule 61 (expr -> OPEN_BRACKETS expr CLOSED_BRACKETS .)
    EXP             reduce using rule 61 (expr -> OPEN_BRACKETS expr CLOSED_BRACKETS .)
    MOD             reduce using rule 61 (expr -> OPEN_BRACKETS expr CLOSED_BRACKETS .)
    IMAG            reduce using rule 61 (expr -> OPEN_BRACKETS expr CLOSED_BRACKETS .)
    POWER           reduce using rule 61 (expr -> OPEN_BRACKETS expr CLOSED_BRACKETS .)
    TIMES           reduce using rule 61 (expr -> OPEN_BRACKETS expr CLOSED_BRACKETS .)
    DIVIDE_CEIL     reduce using rule 61 (expr -> OPEN_BRACKETS expr CLOSED_BRACKETS .)
    DIVIDE_FLOOR    reduce using rule 61 (expr -> OPEN_BRACKETS expr CLOSED_BRACKETS .)
    DIVIDE          reduce using rule 61 (expr -> OPEN_BRACKETS expr CLOSED_BRACKETS .)
    AND             reduce using rule 61 (expr -> OPEN_BRACKETS expr CLOSED_BRACKETS .)
    XOR             reduce using rule 61 (expr -> OPEN_BRACKETS expr CLOSED_BRACKETS .)
    OR              reduce using rule 61 (expr -> OPEN_BRACKETS expr CLOSED_BRACKETS .)
    EQUALS          reduce using rule 61 (expr -> OPEN_BRACKETS expr CLOSED_BRACKETS .)
    GREATER_EQUALS  reduce using rule 61 (expr -> OPEN_BRACKETS expr CLOSED_BRACKETS .)
    UNEQUALS        reduce using rule 61 (expr -> OPEN_BRACKETS expr CLOSED_BRACKETS .)
    GREATER_THAN    reduce using rule 61 (expr -> OPEN_BRACKETS expr CLOSED_BRACKETS .)
    SMALLER_THAN    reduce using rule 61 (expr -> OPEN_BRACKETS expr CLOSED_BRACKETS .)
    SMALLER_EQUALS  reduce using rule 61 (expr -> OPEN_BRACKETS expr CLOSED_BRACKETS .)
    $end            reduce using rule 61 (expr -> OPEN_BRACKETS expr CLOSED_BRACKETS .)
    CLOSED_BRACKETS reduce using rule 61 (expr -> OPEN_BRACKETS expr CLOSED_BRACKETS .)
    DOT             reduce using rule 61 (expr -> OPEN_BRACKETS expr CLOSED_BRACKETS .)
    COMMA           reduce using rule 61 (expr -> OPEN_BRACKETS expr CLOSED_BRACKETS .)
    RPAREN          reduce using rule 61 (expr -> OPEN_BRACKETS expr CLOSED_BRACKETS .)
    SEMICOLON       reduce using rule 61 (expr -> OPEN_BRACKETS expr CLOSED_BRACKETS .)
    END             reduce using rule 61 (expr -> OPEN_BRACKETS expr CLOSED_BRACKETS .)
    THEN            reduce using rule 61 (expr -> OPEN_BRACKETS expr CLOSED_BRACKETS .)
    WITH            reduce using rule 61 (expr -> OPEN_BRACKETS expr CLOSED_BRACKETS .)
    COLON           reduce using rule 61 (expr -> OPEN_BRACKETS expr CLOSED_BRACKETS .)
    IN              reduce using rule 61 (expr -> OPEN_BRACKETS expr CLOSED_BRACKETS .)
    LOOPTHEN        reduce using rule 61 (expr -> OPEN_BRACKETS expr CLOSED_BRACKETS .)
    ELSE            reduce using rule 61 (expr -> OPEN_BRACKETS expr CLOSED_BRACKETS .)


state 146

    (77) expr -> OPEN_BRACKETS expr DOT . DOT expr CLOSED_BRACKETS
    (79) expr -> OPEN_BRACKETS expr DOT . DOT expr OPEN_BRACKETS

    DOT             shift and go to state 210


state 147

    (105) param_list -> expr COMMA . expr
    (1) expr -> . expr ARROW expr
    (2) expr -> . expr OPEN_BRACKETS PLUS CLOSED_BRACKETS
    (3) expr -> . expr OPEN_BRACKETS expr CLOSED_BRACKETS
    (4) expr -> . IDENTIFIER PLUS_ASSIGN expr
    (5) expr -> . IDENTIFIER MINUS_ASSIGN expr
    (6) expr -> . IDENTIFIER SMALLER_EQUALS_ASSIGN expr
    (7) expr -> . IDENTIFIER GREATER_THAN_ASSIGN expr
    (8) expr -> . IDENTIFIER SMALLER_THAN_ASSIGN expr
    (9) expr -> . IDENTIFIER AND_ASSIGN expr
    (10) expr -> . IDENTIFIER OR_ASSIGN expr
    (11) expr -> . IDENTIFIER XOR_ASSIGN expr
    (12) expr -> . IDENTIFIER MOD_ASSIGN expr
    (13) expr -> . IDENTIFIER EXP_ASSIGN expr
    (14) expr -> . IDENTIFIER POWER_ASSIGN expr
    (15) expr -> . IDENTIFIER TIMES_ASSIGN expr
    (16) expr -> . IDENTIFIER DIVIDE_CEIL_ASSIGN expr
    (17) expr -> . IDENTIFIER DIVIDE_FLOOR_ASSIGN expr
    (18) expr -> . IDENTIFIER DIVIDE_ASSIGN expr
    (19) expr -> . IDENTIFIER EQUALS_ASSIGN expr
    (20) expr -> . IDENTIFIER UNEQUALS_ASSIGN expr
    (21) expr -> . IDENTIFIER GREATER_EQUALS_ASSIGN expr
    (26) expr -> . expr LPAREN para_expr RPAREN
    (41) expr -> . expr CONS expr
    (46) expr -> . expr PLUS expr
    (47) expr -> . expr MINUS expr
    (48) expr -> . expr EXP expr
    (49) expr -> . expr MOD expr
    (50) expr -> . NOT expr
    (51) expr -> . PLUS expr
    (52) expr -> . MINUS expr
    (53) expr -> . expr IMAG
    (54) expr -> . comp
    (55) expr -> . assign_expr
    (56) expr -> . BEGIN sequence END
    (57) expr -> . BEGIN END
    (58) expr -> . expr POWER expr
    (59) expr -> . LET letrec_assign IN expr DOT
    (60) expr -> . OPEN_BRACKETS param_list CLOSED_BRACKETS
    (61) expr -> . OPEN_BRACKETS expr CLOSED_BRACKETS
    (62) expr -> . OPEN_BRACKETS CLOSED_BRACKETS
    (63) expr -> . STRUCT BEGIN assign_list END
    (64) expr -> . STRUCT BEGIN END
    (65) expr -> . expr TIMES expr
    (66) expr -> . expr DIVIDE_CEIL expr
    (67) expr -> . expr DIVIDE_FLOOR expr
    (68) expr -> . expr DIVIDE expr
    (69) expr -> . expr AND expr
    (70) expr -> . expr XOR expr
    (71) expr -> . expr OR expr
    (73) expr -> . FLOAT
    (74) expr -> . IF expr THEN COMMA expr DOT
    (75) expr -> . IF expr THEN COMMA expr else_elif_body DOT
    (76) expr -> . IMPORT file
    (77) expr -> . OPEN_BRACKETS expr DOT DOT expr CLOSED_BRACKETS
    (78) expr -> . CLOSED_BRACKETS expr DOT DOT expr CLOSED_BRACKETS
    (79) expr -> . OPEN_BRACKETS expr DOT DOT expr OPEN_BRACKETS
    (80) expr -> . CLOSED_BRACKETS expr DOT DOT expr OPEN_BRACKETS
    (81) expr -> . LAMBDA para ARROW type COLON expr
    (82) expr -> . NULL
    (85) expr -> . LPAREN param_list RPAREN
    (86) expr -> . LOOP IDENTIFIER IN expr LOOPTHEN expr DOT
    (87) expr -> . MATCH expr WITH cases DOT
    (88) expr -> . NUMBER
    (115) expr -> . LPAREN expr RPAREN
    (120) expr -> . STRING
    (130) expr -> . T_UNDEF expr
    (131) expr -> . IDENTIFIER
    (132) expr -> . WHILE expr THEN COMMA expr DOT
    (29) comp -> . expr EQUALS expr
    (30) comp -> . comp EQUALS expr
    (31) comp -> . expr GREATER_EQUALS expr
    (32) comp -> . comp GREATER_EQUALS expr
    (33) comp -> . expr UNEQUALS expr
    (34) comp -> . comp UNEQUALS expr
    (35) comp -> . expr GREATER_THAN expr
    (36) comp -> . comp GREATER_THAN expr
    (37) comp -> . expr SMALLER_THAN expr
    (38) comp -> . comp SMALLER_THAN expr
    (39) comp -> . expr SMALLER_EQUALS expr
    (40) comp -> . comp SMALLER_EQUALS expr
    (22) assign_expr -> . type IDENTIFIER ASSIGN expr
    (23) assign_expr -> . IDENTIFIER ASSIGN expr
    (121) type -> . T_INT
    (122) type -> . T_FLOAT
    (123) type -> . T_STRING
    (124) type -> . T_COMPLEX
    (125) type -> . LPAREN type_arg RPAREN ARROW type
    (126) type -> . type ARROW type
    (127) type -> . OPEN_BRACKETS CLOSED_BRACKETS type

    IDENTIFIER      shift and go to state 6
    NOT             shift and go to state 9
    PLUS            shift and go to state 4
    MINUS           shift and go to state 8
    BEGIN           shift and go to state 12
    LET             shift and go to state 13
    OPEN_BRACKETS   shift and go to state 3
    STRUCT          shift and go to state 14
    FLOAT           shift and go to state 15
    IF              shift and go to state 16
    IMPORT          shift and go to state 17
    CLOSED_BRACKETS shift and go to state 5
    LAMBDA          shift and go to state 18
    NULL            shift and go to state 20
    LPAREN          shift and go to state 7
    LOOP            shift and go to state 21
    MATCH           shift and go to state 22
    NUMBER          shift and go to state 23
    STRING          shift and go to state 24
    T_UNDEF         shift and go to state 25
    WHILE           shift and go to state 26
    T_INT           shift and go to state 27
    T_FLOAT         shift and go to state 28
    T_STRING        shift and go to state 29
    T_COMPLEX       shift and go to state 30

    expr                           shift and go to state 211
    comp                           shift and go to state 10
    assign_expr                    shift and go to state 11
    type                           shift and go to state 19

state 148

    (78) expr -> CLOSED_BRACKETS expr DOT . DOT expr CLOSED_BRACKETS
    (80) expr -> CLOSED_BRACKETS expr DOT . DOT expr OPEN_BRACKETS

    DOT             shift and go to state 212


state 149

    (4) expr -> IDENTIFIER PLUS_ASSIGN expr .
    (1) expr -> expr . ARROW expr
    (2) expr -> expr . OPEN_BRACKETS PLUS CLOSED_BRACKETS
    (3) expr -> expr . OPEN_BRACKETS expr CLOSED_BRACKETS
    (26) expr -> expr . LPAREN para_expr RPAREN
    (41) expr -> expr . CONS expr
    (46) expr -> expr . PLUS expr
    (47) expr -> expr . MINUS expr
    (48) expr -> expr . EXP expr
    (49) expr -> expr . MOD expr
    (53) expr -> expr . IMAG
    (58) expr -> expr . POWER expr
    (65) expr -> expr . TIMES expr
    (66) expr -> expr . DIVIDE_CEIL expr
    (67) expr -> expr . DIVIDE_FLOOR expr
    (68) expr -> expr . DIVIDE expr
    (69) expr -> expr . AND expr
    (70) expr -> expr . XOR expr
    (71) expr -> expr . OR expr
    (29) comp -> expr . EQUALS expr
    (31) comp -> expr . GREATER_EQUALS expr
    (33) comp -> expr . UNEQUALS expr
    (35) comp -> expr . GREATER_THAN expr
    (37) comp -> expr . SMALLER_THAN expr
    (39) comp -> expr . SMALLER_EQUALS expr

    $end            reduce using rule 4 (expr -> IDENTIFIER PLUS_ASSIGN expr .)
    CLOSED_BRACKETS reduce using rule 4 (expr -> IDENTIFIER PLUS_ASSIGN expr .)
    DOT             reduce using rule 4 (expr -> IDENTIFIER PLUS_ASSIGN expr .)
    COMMA           reduce using rule 4 (expr -> IDENTIFIER PLUS_ASSIGN expr .)
    RPAREN          reduce using rule 4 (expr -> IDENTIFIER PLUS_ASSIGN expr .)
    SEMICOLON       reduce using rule 4 (expr -> IDENTIFIER PLUS_ASSIGN expr .)
    END             reduce using rule 4 (expr -> IDENTIFIER PLUS_ASSIGN expr .)
    THEN            reduce using rule 4 (expr -> IDENTIFIER PLUS_ASSIGN expr .)
    WITH            reduce using rule 4 (expr -> IDENTIFIER PLUS_ASSIGN expr .)
    COLON           reduce using rule 4 (expr -> IDENTIFIER PLUS_ASSIGN expr .)
    IN              reduce using rule 4 (expr -> IDENTIFIER PLUS_ASSIGN expr .)
    LOOPTHEN        reduce using rule 4 (expr -> IDENTIFIER PLUS_ASSIGN expr .)
    ELSE            reduce using rule 4 (expr -> IDENTIFIER PLUS_ASSIGN expr .)
    ARROW           shift and go to state 31
    OPEN_BRACKETS   shift and go to state 32
    LPAREN          shift and go to state 34
    CONS            shift and go to state 35
    PLUS            shift and go to state 33
    MINUS           shift and go to state 36
    EXP             shift and go to state 37
    MOD             shift and go to state 38
    IMAG            shift and go to state 39
    POWER           shift and go to state 40
    TIMES           shift and go to state 41
    DIVIDE_CEIL     shift and go to state 42
    DIVIDE_FLOOR    shift and go to state 43
    DIVIDE          shift and go to state 44
    AND             shift and go to state 45
    XOR             shift and go to state 46
    OR              shift and go to state 47
    EQUALS          shift and go to state 48
    GREATER_EQUALS  shift and go to state 49
    UNEQUALS        shift and go to state 50
    GREATER_THAN    shift and go to state 51
    SMALLER_THAN    shift and go to state 52
    SMALLER_EQUALS  shift and go to state 53

  ! ARROW           [ reduce using rule 4 (expr -> IDENTIFIER PLUS_ASSIGN expr .) ]
  ! OPEN_BRACKETS   [ reduce using rule 4 (expr -> IDENTIFIER PLUS_ASSIGN expr .) ]
  ! LPAREN          [ reduce using rule 4 (expr -> IDENTIFIER PLUS_ASSIGN expr .) ]
  ! CONS            [ reduce using rule 4 (expr -> IDENTIFIER PLUS_ASSIGN expr .) ]
  ! PLUS            [ reduce using rule 4 (expr -> IDENTIFIER PLUS_ASSIGN expr .) ]
  ! MINUS           [ reduce using rule 4 (expr -> IDENTIFIER PLUS_ASSIGN expr .) ]
  ! EXP             [ reduce using rule 4 (expr -> IDENTIFIER PLUS_ASSIGN expr .) ]
  ! MOD             [ reduce using rule 4 (expr -> IDENTIFIER PLUS_ASSIGN expr .) ]
  ! IMAG            [ reduce using rule 4 (expr -> IDENTIFIER PLUS_ASSIGN expr .) ]
  ! POWER           [ reduce using rule 4 (expr -> IDENTIFIER PLUS_ASSIGN expr .) ]
  ! TIMES           [ reduce using rule 4 (expr -> IDENTIFIER PLUS_ASSIGN expr .) ]
  ! DIVIDE_CEIL     [ reduce using rule 4 (expr -> IDENTIFIER PLUS_ASSIGN expr .) ]
  ! DIVIDE_FLOOR    [ reduce using rule 4 (expr -> IDENTIFIER PLUS_ASSIGN expr .) ]
  ! DIVIDE          [ reduce using rule 4 (expr -> IDENTIFIER PLUS_ASSIGN expr .) ]
  ! AND             [ reduce using rule 4 (expr -> IDENTIFIER PLUS_ASSIGN expr .) ]
  ! XOR             [ reduce using rule 4 (expr -> IDENTIFIER PLUS_ASSIGN expr .) ]
  ! OR              [ reduce using rule 4 (expr -> IDENTIFIER PLUS_ASSIGN expr .) ]
  ! EQUALS          [ reduce using rule 4 (expr -> IDENTIFIER PLUS_ASSIGN expr .) ]
  ! GREATER_EQUALS  [ reduce using rule 4 (expr -> IDENTIFIER PLUS_ASSIGN expr .) ]
  ! UNEQUALS        [ reduce using rule 4 (expr -> IDENTIFIER PLUS_ASSIGN expr .) ]
  ! GREATER_THAN    [ reduce using rule 4 (expr -> IDENTIFIER PLUS_ASSIGN expr .) ]
  ! SMALLER_THAN    [ reduce using rule 4 (expr -> IDENTIFIER PLUS_ASSIGN expr .) ]
  ! SMALLER_EQUALS  [ reduce using rule 4 (expr -> IDENTIFIER PLUS_ASSIGN expr .) ]


state 150

    (5) expr -> IDENTIFIER MINUS_ASSIGN expr .
    (1) expr -> expr . ARROW expr
    (2) expr -> expr . OPEN_BRACKETS PLUS CLOSED_BRACKETS
    (3) expr -> expr . OPEN_BRACKETS expr CLOSED_BRACKETS
    (26) expr -> expr . LPAREN para_expr RPAREN
    (41) expr -> expr . CONS expr
    (46) expr -> expr . PLUS expr
    (47) expr -> expr . MINUS expr
    (48) expr -> expr . EXP expr
    (49) expr -> expr . MOD expr
    (53) expr -> expr . IMAG
    (58) expr -> expr . POWER expr
    (65) expr -> expr . TIMES expr
    (66) expr -> expr . DIVIDE_CEIL expr
    (67) expr -> expr . DIVIDE_FLOOR expr
    (68) expr -> expr . DIVIDE expr
    (69) expr -> expr . AND expr
    (70) expr -> expr . XOR expr
    (71) expr -> expr . OR expr
    (29) comp -> expr . EQUALS expr
    (31) comp -> expr . GREATER_EQUALS expr
    (33) comp -> expr . UNEQUALS expr
    (35) comp -> expr . GREATER_THAN expr
    (37) comp -> expr . SMALLER_THAN expr
    (39) comp -> expr . SMALLER_EQUALS expr

    $end            reduce using rule 5 (expr -> IDENTIFIER MINUS_ASSIGN expr .)
    CLOSED_BRACKETS reduce using rule 5 (expr -> IDENTIFIER MINUS_ASSIGN expr .)
    DOT             reduce using rule 5 (expr -> IDENTIFIER MINUS_ASSIGN expr .)
    COMMA           reduce using rule 5 (expr -> IDENTIFIER MINUS_ASSIGN expr .)
    RPAREN          reduce using rule 5 (expr -> IDENTIFIER MINUS_ASSIGN expr .)
    SEMICOLON       reduce using rule 5 (expr -> IDENTIFIER MINUS_ASSIGN expr .)
    END             reduce using rule 5 (expr -> IDENTIFIER MINUS_ASSIGN expr .)
    THEN            reduce using rule 5 (expr -> IDENTIFIER MINUS_ASSIGN expr .)
    WITH            reduce using rule 5 (expr -> IDENTIFIER MINUS_ASSIGN expr .)
    COLON           reduce using rule 5 (expr -> IDENTIFIER MINUS_ASSIGN expr .)
    IN              reduce using rule 5 (expr -> IDENTIFIER MINUS_ASSIGN expr .)
    LOOPTHEN        reduce using rule 5 (expr -> IDENTIFIER MINUS_ASSIGN expr .)
    ELSE            reduce using rule 5 (expr -> IDENTIFIER MINUS_ASSIGN expr .)
    ARROW           shift and go to state 31
    OPEN_BRACKETS   shift and go to state 32
    LPAREN          shift and go to state 34
    CONS            shift and go to state 35
    PLUS            shift and go to state 33
    MINUS           shift and go to state 36
    EXP             shift and go to state 37
    MOD             shift and go to state 38
    IMAG            shift and go to state 39
    POWER           shift and go to state 40
    TIMES           shift and go to state 41
    DIVIDE_CEIL     shift and go to state 42
    DIVIDE_FLOOR    shift and go to state 43
    DIVIDE          shift and go to state 44
    AND             shift and go to state 45
    XOR             shift and go to state 46
    OR              shift and go to state 47
    EQUALS          shift and go to state 48
    GREATER_EQUALS  shift and go to state 49
    UNEQUALS        shift and go to state 50
    GREATER_THAN    shift and go to state 51
    SMALLER_THAN    shift and go to state 52
    SMALLER_EQUALS  shift and go to state 53

  ! ARROW           [ reduce using rule 5 (expr -> IDENTIFIER MINUS_ASSIGN expr .) ]
  ! OPEN_BRACKETS   [ reduce using rule 5 (expr -> IDENTIFIER MINUS_ASSIGN expr .) ]
  ! LPAREN          [ reduce using rule 5 (expr -> IDENTIFIER MINUS_ASSIGN expr .) ]
  ! CONS            [ reduce using rule 5 (expr -> IDENTIFIER MINUS_ASSIGN expr .) ]
  ! PLUS            [ reduce using rule 5 (expr -> IDENTIFIER MINUS_ASSIGN expr .) ]
  ! MINUS           [ reduce using rule 5 (expr -> IDENTIFIER MINUS_ASSIGN expr .) ]
  ! EXP             [ reduce using rule 5 (expr -> IDENTIFIER MINUS_ASSIGN expr .) ]
  ! MOD             [ reduce using rule 5 (expr -> IDENTIFIER MINUS_ASSIGN expr .) ]
  ! IMAG            [ reduce using rule 5 (expr -> IDENTIFIER MINUS_ASSIGN expr .) ]
  ! POWER           [ reduce using rule 5 (expr -> IDENTIFIER MINUS_ASSIGN expr .) ]
  ! TIMES           [ reduce using rule 5 (expr -> IDENTIFIER MINUS_ASSIGN expr .) ]
  ! DIVIDE_CEIL     [ reduce using rule 5 (expr -> IDENTIFIER MINUS_ASSIGN expr .) ]
  ! DIVIDE_FLOOR    [ reduce using rule 5 (expr -> IDENTIFIER MINUS_ASSIGN expr .) ]
  ! DIVIDE          [ reduce using rule 5 (expr -> IDENTIFIER MINUS_ASSIGN expr .) ]
  ! AND             [ reduce using rule 5 (expr -> IDENTIFIER MINUS_ASSIGN expr .) ]
  ! XOR             [ reduce using rule 5 (expr -> IDENTIFIER MINUS_ASSIGN expr .) ]
  ! OR              [ reduce using rule 5 (expr -> IDENTIFIER MINUS_ASSIGN expr .) ]
  ! EQUALS          [ reduce using rule 5 (expr -> IDENTIFIER MINUS_ASSIGN expr .) ]
  ! GREATER_EQUALS  [ reduce using rule 5 (expr -> IDENTIFIER MINUS_ASSIGN expr .) ]
  ! UNEQUALS        [ reduce using rule 5 (expr -> IDENTIFIER MINUS_ASSIGN expr .) ]
  ! GREATER_THAN    [ reduce using rule 5 (expr -> IDENTIFIER MINUS_ASSIGN expr .) ]
  ! SMALLER_THAN    [ reduce using rule 5 (expr -> IDENTIFIER MINUS_ASSIGN expr .) ]
  ! SMALLER_EQUALS  [ reduce using rule 5 (expr -> IDENTIFIER MINUS_ASSIGN expr .) ]


state 151

    (6) expr -> IDENTIFIER SMALLER_EQUALS_ASSIGN expr .
    (1) expr -> expr . ARROW expr
    (2) expr -> expr . OPEN_BRACKETS PLUS CLOSED_BRACKETS
    (3) expr -> expr . OPEN_BRACKETS expr CLOSED_BRACKETS
    (26) expr -> expr . LPAREN para_expr RPAREN
    (41) expr -> expr . CONS expr
    (46) expr -> expr . PLUS expr
    (47) expr -> expr . MINUS expr
    (48) expr -> expr . EXP expr
    (49) expr -> expr . MOD expr
    (53) expr -> expr . IMAG
    (58) expr -> expr . POWER expr
    (65) expr -> expr . TIMES expr
    (66) expr -> expr . DIVIDE_CEIL expr
    (67) expr -> expr . DIVIDE_FLOOR expr
    (68) expr -> expr . DIVIDE expr
    (69) expr -> expr . AND expr
    (70) expr -> expr . XOR expr
    (71) expr -> expr . OR expr
    (29) comp -> expr . EQUALS expr
    (31) comp -> expr . GREATER_EQUALS expr
    (33) comp -> expr . UNEQUALS expr
    (35) comp -> expr . GREATER_THAN expr
    (37) comp -> expr . SMALLER_THAN expr
    (39) comp -> expr . SMALLER_EQUALS expr

    $end            reduce using rule 6 (expr -> IDENTIFIER SMALLER_EQUALS_ASSIGN expr .)
    CLOSED_BRACKETS reduce using rule 6 (expr -> IDENTIFIER SMALLER_EQUALS_ASSIGN expr .)
    DOT             reduce using rule 6 (expr -> IDENTIFIER SMALLER_EQUALS_ASSIGN expr .)
    COMMA           reduce using rule 6 (expr -> IDENTIFIER SMALLER_EQUALS_ASSIGN expr .)
    RPAREN          reduce using rule 6 (expr -> IDENTIFIER SMALLER_EQUALS_ASSIGN expr .)
    SEMICOLON       reduce using rule 6 (expr -> IDENTIFIER SMALLER_EQUALS_ASSIGN expr .)
    END             reduce using rule 6 (expr -> IDENTIFIER SMALLER_EQUALS_ASSIGN expr .)
    THEN            reduce using rule 6 (expr -> IDENTIFIER SMALLER_EQUALS_ASSIGN expr .)
    WITH            reduce using rule 6 (expr -> IDENTIFIER SMALLER_EQUALS_ASSIGN expr .)
    COLON           reduce using rule 6 (expr -> IDENTIFIER SMALLER_EQUALS_ASSIGN expr .)
    IN              reduce using rule 6 (expr -> IDENTIFIER SMALLER_EQUALS_ASSIGN expr .)
    LOOPTHEN        reduce using rule 6 (expr -> IDENTIFIER SMALLER_EQUALS_ASSIGN expr .)
    ELSE            reduce using rule 6 (expr -> IDENTIFIER SMALLER_EQUALS_ASSIGN expr .)
    ARROW           shift and go to state 31
    OPEN_BRACKETS   shift and go to state 32
    LPAREN          shift and go to state 34
    CONS            shift and go to state 35
    PLUS            shift and go to state 33
    MINUS           shift and go to state 36
    EXP             shift and go to state 37
    MOD             shift and go to state 38
    IMAG            shift and go to state 39
    POWER           shift and go to state 40
    TIMES           shift and go to state 41
    DIVIDE_CEIL     shift and go to state 42
    DIVIDE_FLOOR    shift and go to state 43
    DIVIDE          shift and go to state 44
    AND             shift and go to state 45
    XOR             shift and go to state 46
    OR              shift and go to state 47
    EQUALS          shift and go to state 48
    GREATER_EQUALS  shift and go to state 49
    UNEQUALS        shift and go to state 50
    GREATER_THAN    shift and go to state 51
    SMALLER_THAN    shift and go to state 52
    SMALLER_EQUALS  shift and go to state 53

  ! ARROW           [ reduce using rule 6 (expr -> IDENTIFIER SMALLER_EQUALS_ASSIGN expr .) ]
  ! OPEN_BRACKETS   [ reduce using rule 6 (expr -> IDENTIFIER SMALLER_EQUALS_ASSIGN expr .) ]
  ! LPAREN          [ reduce using rule 6 (expr -> IDENTIFIER SMALLER_EQUALS_ASSIGN expr .) ]
  ! CONS            [ reduce using rule 6 (expr -> IDENTIFIER SMALLER_EQUALS_ASSIGN expr .) ]
  ! PLUS            [ reduce using rule 6 (expr -> IDENTIFIER SMALLER_EQUALS_ASSIGN expr .) ]
  ! MINUS           [ reduce using rule 6 (expr -> IDENTIFIER SMALLER_EQUALS_ASSIGN expr .) ]
  ! EXP             [ reduce using rule 6 (expr -> IDENTIFIER SMALLER_EQUALS_ASSIGN expr .) ]
  ! MOD             [ reduce using rule 6 (expr -> IDENTIFIER SMALLER_EQUALS_ASSIGN expr .) ]
  ! IMAG            [ reduce using rule 6 (expr -> IDENTIFIER SMALLER_EQUALS_ASSIGN expr .) ]
  ! POWER           [ reduce using rule 6 (expr -> IDENTIFIER SMALLER_EQUALS_ASSIGN expr .) ]
  ! TIMES           [ reduce using rule 6 (expr -> IDENTIFIER SMALLER_EQUALS_ASSIGN expr .) ]
  ! DIVIDE_CEIL     [ reduce using rule 6 (expr -> IDENTIFIER SMALLER_EQUALS_ASSIGN expr .) ]
  ! DIVIDE_FLOOR    [ reduce using rule 6 (expr -> IDENTIFIER SMALLER_EQUALS_ASSIGN expr .) ]
  ! DIVIDE          [ reduce using rule 6 (expr -> IDENTIFIER SMALLER_EQUALS_ASSIGN expr .) ]
  ! AND             [ reduce using rule 6 (expr -> IDENTIFIER SMALLER_EQUALS_ASSIGN expr .) ]
  ! XOR             [ reduce using rule 6 (expr -> IDENTIFIER SMALLER_EQUALS_ASSIGN expr .) ]
  ! OR              [ reduce using rule 6 (expr -> IDENTIFIER SMALLER_EQUALS_ASSIGN expr .) ]
  ! EQUALS          [ reduce using rule 6 (expr -> IDENTIFIER SMALLER_EQUALS_ASSIGN expr .) ]
  ! GREATER_EQUALS  [ reduce using rule 6 (expr -> IDENTIFIER SMALLER_EQUALS_ASSIGN expr .) ]
  ! UNEQUALS        [ reduce using rule 6 (expr -> IDENTIFIER SMALLER_EQUALS_ASSIGN expr .) ]
  ! GREATER_THAN    [ reduce using rule 6 (expr -> IDENTIFIER SMALLER_EQUALS_ASSIGN expr .) ]
  ! SMALLER_THAN    [ reduce using rule 6 (expr -> IDENTIFIER SMALLER_EQUALS_ASSIGN expr .) ]
  ! SMALLER_EQUALS  [ reduce using rule 6 (expr -> IDENTIFIER SMALLER_EQUALS_ASSIGN expr .) ]


state 152

    (7) expr -> IDENTIFIER GREATER_THAN_ASSIGN expr .
    (1) expr -> expr . ARROW expr
    (2) expr -> expr . OPEN_BRACKETS PLUS CLOSED_BRACKETS
    (3) expr -> expr . OPEN_BRACKETS expr CLOSED_BRACKETS
    (26) expr -> expr . LPAREN para_expr RPAREN
    (41) expr -> expr . CONS expr
    (46) expr -> expr . PLUS expr
    (47) expr -> expr . MINUS expr
    (48) expr -> expr . EXP expr
    (49) expr -> expr . MOD expr
    (53) expr -> expr . IMAG
    (58) expr -> expr . POWER expr
    (65) expr -> expr . TIMES expr
    (66) expr -> expr . DIVIDE_CEIL expr
    (67) expr -> expr . DIVIDE_FLOOR expr
    (68) expr -> expr . DIVIDE expr
    (69) expr -> expr . AND expr
    (70) expr -> expr . XOR expr
    (71) expr -> expr . OR expr
    (29) comp -> expr . EQUALS expr
    (31) comp -> expr . GREATER_EQUALS expr
    (33) comp -> expr . UNEQUALS expr
    (35) comp -> expr . GREATER_THAN expr
    (37) comp -> expr . SMALLER_THAN expr
    (39) comp -> expr . SMALLER_EQUALS expr

    $end            reduce using rule 7 (expr -> IDENTIFIER GREATER_THAN_ASSIGN expr .)
    CLOSED_BRACKETS reduce using rule 7 (expr -> IDENTIFIER GREATER_THAN_ASSIGN expr .)
    DOT             reduce using rule 7 (expr -> IDENTIFIER GREATER_THAN_ASSIGN expr .)
    COMMA           reduce using rule 7 (expr -> IDENTIFIER GREATER_THAN_ASSIGN expr .)
    RPAREN          reduce using rule 7 (expr -> IDENTIFIER GREATER_THAN_ASSIGN expr .)
    SEMICOLON       reduce using rule 7 (expr -> IDENTIFIER GREATER_THAN_ASSIGN expr .)
    END             reduce using rule 7 (expr -> IDENTIFIER GREATER_THAN_ASSIGN expr .)
    THEN            reduce using rule 7 (expr -> IDENTIFIER GREATER_THAN_ASSIGN expr .)
    WITH            reduce using rule 7 (expr -> IDENTIFIER GREATER_THAN_ASSIGN expr .)
    COLON           reduce using rule 7 (expr -> IDENTIFIER GREATER_THAN_ASSIGN expr .)
    IN              reduce using rule 7 (expr -> IDENTIFIER GREATER_THAN_ASSIGN expr .)
    LOOPTHEN        reduce using rule 7 (expr -> IDENTIFIER GREATER_THAN_ASSIGN expr .)
    ELSE            reduce using rule 7 (expr -> IDENTIFIER GREATER_THAN_ASSIGN expr .)
    ARROW           shift and go to state 31
    OPEN_BRACKETS   shift and go to state 32
    LPAREN          shift and go to state 34
    CONS            shift and go to state 35
    PLUS            shift and go to state 33
    MINUS           shift and go to state 36
    EXP             shift and go to state 37
    MOD             shift and go to state 38
    IMAG            shift and go to state 39
    POWER           shift and go to state 40
    TIMES           shift and go to state 41
    DIVIDE_CEIL     shift and go to state 42
    DIVIDE_FLOOR    shift and go to state 43
    DIVIDE          shift and go to state 44
    AND             shift and go to state 45
    XOR             shift and go to state 46
    OR              shift and go to state 47
    EQUALS          shift and go to state 48
    GREATER_EQUALS  shift and go to state 49
    UNEQUALS        shift and go to state 50
    GREATER_THAN    shift and go to state 51
    SMALLER_THAN    shift and go to state 52
    SMALLER_EQUALS  shift and go to state 53

  ! ARROW           [ reduce using rule 7 (expr -> IDENTIFIER GREATER_THAN_ASSIGN expr .) ]
  ! OPEN_BRACKETS   [ reduce using rule 7 (expr -> IDENTIFIER GREATER_THAN_ASSIGN expr .) ]
  ! LPAREN          [ reduce using rule 7 (expr -> IDENTIFIER GREATER_THAN_ASSIGN expr .) ]
  ! CONS            [ reduce using rule 7 (expr -> IDENTIFIER GREATER_THAN_ASSIGN expr .) ]
  ! PLUS            [ reduce using rule 7 (expr -> IDENTIFIER GREATER_THAN_ASSIGN expr .) ]
  ! MINUS           [ reduce using rule 7 (expr -> IDENTIFIER GREATER_THAN_ASSIGN expr .) ]
  ! EXP             [ reduce using rule 7 (expr -> IDENTIFIER GREATER_THAN_ASSIGN expr .) ]
  ! MOD             [ reduce using rule 7 (expr -> IDENTIFIER GREATER_THAN_ASSIGN expr .) ]
  ! IMAG            [ reduce using rule 7 (expr -> IDENTIFIER GREATER_THAN_ASSIGN expr .) ]
  ! POWER           [ reduce using rule 7 (expr -> IDENTIFIER GREATER_THAN_ASSIGN expr .) ]
  ! TIMES           [ reduce using rule 7 (expr -> IDENTIFIER GREATER_THAN_ASSIGN expr .) ]
  ! DIVIDE_CEIL     [ reduce using rule 7 (expr -> IDENTIFIER GREATER_THAN_ASSIGN expr .) ]
  ! DIVIDE_FLOOR    [ reduce using rule 7 (expr -> IDENTIFIER GREATER_THAN_ASSIGN expr .) ]
  ! DIVIDE          [ reduce using rule 7 (expr -> IDENTIFIER GREATER_THAN_ASSIGN expr .) ]
  ! AND             [ reduce using rule 7 (expr -> IDENTIFIER GREATER_THAN_ASSIGN expr .) ]
  ! XOR             [ reduce using rule 7 (expr -> IDENTIFIER GREATER_THAN_ASSIGN expr .) ]
  ! OR              [ reduce using rule 7 (expr -> IDENTIFIER GREATER_THAN_ASSIGN expr .) ]
  ! EQUALS          [ reduce using rule 7 (expr -> IDENTIFIER GREATER_THAN_ASSIGN expr .) ]
  ! GREATER_EQUALS  [ reduce using rule 7 (expr -> IDENTIFIER GREATER_THAN_ASSIGN expr .) ]
  ! UNEQUALS        [ reduce using rule 7 (expr -> IDENTIFIER GREATER_THAN_ASSIGN expr .) ]
  ! GREATER_THAN    [ reduce using rule 7 (expr -> IDENTIFIER GREATER_THAN_ASSIGN expr .) ]
  ! SMALLER_THAN    [ reduce using rule 7 (expr -> IDENTIFIER GREATER_THAN_ASSIGN expr .) ]
  ! SMALLER_EQUALS  [ reduce using rule 7 (expr -> IDENTIFIER GREATER_THAN_ASSIGN expr .) ]


state 153

    (8) expr -> IDENTIFIER SMALLER_THAN_ASSIGN expr .
    (1) expr -> expr . ARROW expr
    (2) expr -> expr . OPEN_BRACKETS PLUS CLOSED_BRACKETS
    (3) expr -> expr . OPEN_BRACKETS expr CLOSED_BRACKETS
    (26) expr -> expr . LPAREN para_expr RPAREN
    (41) expr -> expr . CONS expr
    (46) expr -> expr . PLUS expr
    (47) expr -> expr . MINUS expr
    (48) expr -> expr . EXP expr
    (49) expr -> expr . MOD expr
    (53) expr -> expr . IMAG
    (58) expr -> expr . POWER expr
    (65) expr -> expr . TIMES expr
    (66) expr -> expr . DIVIDE_CEIL expr
    (67) expr -> expr . DIVIDE_FLOOR expr
    (68) expr -> expr . DIVIDE expr
    (69) expr -> expr . AND expr
    (70) expr -> expr . XOR expr
    (71) expr -> expr . OR expr
    (29) comp -> expr . EQUALS expr
    (31) comp -> expr . GREATER_EQUALS expr
    (33) comp -> expr . UNEQUALS expr
    (35) comp -> expr . GREATER_THAN expr
    (37) comp -> expr . SMALLER_THAN expr
    (39) comp -> expr . SMALLER_EQUALS expr

    $end            reduce using rule 8 (expr -> IDENTIFIER SMALLER_THAN_ASSIGN expr .)
    CLOSED_BRACKETS reduce using rule 8 (expr -> IDENTIFIER SMALLER_THAN_ASSIGN expr .)
    DOT             reduce using rule 8 (expr -> IDENTIFIER SMALLER_THAN_ASSIGN expr .)
    COMMA           reduce using rule 8 (expr -> IDENTIFIER SMALLER_THAN_ASSIGN expr .)
    RPAREN          reduce using rule 8 (expr -> IDENTIFIER SMALLER_THAN_ASSIGN expr .)
    SEMICOLON       reduce using rule 8 (expr -> IDENTIFIER SMALLER_THAN_ASSIGN expr .)
    END             reduce using rule 8 (expr -> IDENTIFIER SMALLER_THAN_ASSIGN expr .)
    THEN            reduce using rule 8 (expr -> IDENTIFIER SMALLER_THAN_ASSIGN expr .)
    WITH            reduce using rule 8 (expr -> IDENTIFIER SMALLER_THAN_ASSIGN expr .)
    COLON           reduce using rule 8 (expr -> IDENTIFIER SMALLER_THAN_ASSIGN expr .)
    IN              reduce using rule 8 (expr -> IDENTIFIER SMALLER_THAN_ASSIGN expr .)
    LOOPTHEN        reduce using rule 8 (expr -> IDENTIFIER SMALLER_THAN_ASSIGN expr .)
    ELSE            reduce using rule 8 (expr -> IDENTIFIER SMALLER_THAN_ASSIGN expr .)
    ARROW           shift and go to state 31
    OPEN_BRACKETS   shift and go to state 32
    LPAREN          shift and go to state 34
    CONS            shift and go to state 35
    PLUS            shift and go to state 33
    MINUS           shift and go to state 36
    EXP             shift and go to state 37
    MOD             shift and go to state 38
    IMAG            shift and go to state 39
    POWER           shift and go to state 40
    TIMES           shift and go to state 41
    DIVIDE_CEIL     shift and go to state 42
    DIVIDE_FLOOR    shift and go to state 43
    DIVIDE          shift and go to state 44
    AND             shift and go to state 45
    XOR             shift and go to state 46
    OR              shift and go to state 47
    EQUALS          shift and go to state 48
    GREATER_EQUALS  shift and go to state 49
    UNEQUALS        shift and go to state 50
    GREATER_THAN    shift and go to state 51
    SMALLER_THAN    shift and go to state 52
    SMALLER_EQUALS  shift and go to state 53

  ! ARROW           [ reduce using rule 8 (expr -> IDENTIFIER SMALLER_THAN_ASSIGN expr .) ]
  ! OPEN_BRACKETS   [ reduce using rule 8 (expr -> IDENTIFIER SMALLER_THAN_ASSIGN expr .) ]
  ! LPAREN          [ reduce using rule 8 (expr -> IDENTIFIER SMALLER_THAN_ASSIGN expr .) ]
  ! CONS            [ reduce using rule 8 (expr -> IDENTIFIER SMALLER_THAN_ASSIGN expr .) ]
  ! PLUS            [ reduce using rule 8 (expr -> IDENTIFIER SMALLER_THAN_ASSIGN expr .) ]
  ! MINUS           [ reduce using rule 8 (expr -> IDENTIFIER SMALLER_THAN_ASSIGN expr .) ]
  ! EXP             [ reduce using rule 8 (expr -> IDENTIFIER SMALLER_THAN_ASSIGN expr .) ]
  ! MOD             [ reduce using rule 8 (expr -> IDENTIFIER SMALLER_THAN_ASSIGN expr .) ]
  ! IMAG            [ reduce using rule 8 (expr -> IDENTIFIER SMALLER_THAN_ASSIGN expr .) ]
  ! POWER           [ reduce using rule 8 (expr -> IDENTIFIER SMALLER_THAN_ASSIGN expr .) ]
  ! TIMES           [ reduce using rule 8 (expr -> IDENTIFIER SMALLER_THAN_ASSIGN expr .) ]
  ! DIVIDE_CEIL     [ reduce using rule 8 (expr -> IDENTIFIER SMALLER_THAN_ASSIGN expr .) ]
  ! DIVIDE_FLOOR    [ reduce using rule 8 (expr -> IDENTIFIER SMALLER_THAN_ASSIGN expr .) ]
  ! DIVIDE          [ reduce using rule 8 (expr -> IDENTIFIER SMALLER_THAN_ASSIGN expr .) ]
  ! AND             [ reduce using rule 8 (expr -> IDENTIFIER SMALLER_THAN_ASSIGN expr .) ]
  ! XOR             [ reduce using rule 8 (expr -> IDENTIFIER SMALLER_THAN_ASSIGN expr .) ]
  ! OR              [ reduce using rule 8 (expr -> IDENTIFIER SMALLER_THAN_ASSIGN expr .) ]
  ! EQUALS          [ reduce using rule 8 (expr -> IDENTIFIER SMALLER_THAN_ASSIGN expr .) ]
  ! GREATER_EQUALS  [ reduce using rule 8 (expr -> IDENTIFIER SMALLER_THAN_ASSIGN expr .) ]
  ! UNEQUALS        [ reduce using rule 8 (expr -> IDENTIFIER SMALLER_THAN_ASSIGN expr .) ]
  ! GREATER_THAN    [ reduce using rule 8 (expr -> IDENTIFIER SMALLER_THAN_ASSIGN expr .) ]
  ! SMALLER_THAN    [ reduce using rule 8 (expr -> IDENTIFIER SMALLER_THAN_ASSIGN expr .) ]
  ! SMALLER_EQUALS  [ reduce using rule 8 (expr -> IDENTIFIER SMALLER_THAN_ASSIGN expr .) ]


state 154

    (9) expr -> IDENTIFIER AND_ASSIGN expr .
    (1) expr -> expr . ARROW expr
    (2) expr -> expr . OPEN_BRACKETS PLUS CLOSED_BRACKETS
    (3) expr -> expr . OPEN_BRACKETS expr CLOSED_BRACKETS
    (26) expr -> expr . LPAREN para_expr RPAREN
    (41) expr -> expr . CONS expr
    (46) expr -> expr . PLUS expr
    (47) expr -> expr . MINUS expr
    (48) expr -> expr . EXP expr
    (49) expr -> expr . MOD expr
    (53) expr -> expr . IMAG
    (58) expr -> expr . POWER expr
    (65) expr -> expr . TIMES expr
    (66) expr -> expr . DIVIDE_CEIL expr
    (67) expr -> expr . DIVIDE_FLOOR expr
    (68) expr -> expr . DIVIDE expr
    (69) expr -> expr . AND expr
    (70) expr -> expr . XOR expr
    (71) expr -> expr . OR expr
    (29) comp -> expr . EQUALS expr
    (31) comp -> expr . GREATER_EQUALS expr
    (33) comp -> expr . UNEQUALS expr
    (35) comp -> expr . GREATER_THAN expr
    (37) comp -> expr . SMALLER_THAN expr
    (39) comp -> expr . SMALLER_EQUALS expr

    $end            reduce using rule 9 (expr -> IDENTIFIER AND_ASSIGN expr .)
    CLOSED_BRACKETS reduce using rule 9 (expr -> IDENTIFIER AND_ASSIGN expr .)
    DOT             reduce using rule 9 (expr -> IDENTIFIER AND_ASSIGN expr .)
    COMMA           reduce using rule 9 (expr -> IDENTIFIER AND_ASSIGN expr .)
    RPAREN          reduce using rule 9 (expr -> IDENTIFIER AND_ASSIGN expr .)
    SEMICOLON       reduce using rule 9 (expr -> IDENTIFIER AND_ASSIGN expr .)
    END             reduce using rule 9 (expr -> IDENTIFIER AND_ASSIGN expr .)
    THEN            reduce using rule 9 (expr -> IDENTIFIER AND_ASSIGN expr .)
    WITH            reduce using rule 9 (expr -> IDENTIFIER AND_ASSIGN expr .)
    COLON           reduce using rule 9 (expr -> IDENTIFIER AND_ASSIGN expr .)
    IN              reduce using rule 9 (expr -> IDENTIFIER AND_ASSIGN expr .)
    LOOPTHEN        reduce using rule 9 (expr -> IDENTIFIER AND_ASSIGN expr .)
    ELSE            reduce using rule 9 (expr -> IDENTIFIER AND_ASSIGN expr .)
    ARROW           shift and go to state 31
    OPEN_BRACKETS   shift and go to state 32
    LPAREN          shift and go to state 34
    CONS            shift and go to state 35
    PLUS            shift and go to state 33
    MINUS           shift and go to state 36
    EXP             shift and go to state 37
    MOD             shift and go to state 38
    IMAG            shift and go to state 39
    POWER           shift and go to state 40
    TIMES           shift and go to state 41
    DIVIDE_CEIL     shift and go to state 42
    DIVIDE_FLOOR    shift and go to state 43
    DIVIDE          shift and go to state 44
    AND             shift and go to state 45
    XOR             shift and go to state 46
    OR              shift and go to state 47
    EQUALS          shift and go to state 48
    GREATER_EQUALS  shift and go to state 49
    UNEQUALS        shift and go to state 50
    GREATER_THAN    shift and go to state 51
    SMALLER_THAN    shift and go to state 52
    SMALLER_EQUALS  shift and go to state 53

  ! ARROW           [ reduce using rule 9 (expr -> IDENTIFIER AND_ASSIGN expr .) ]
  ! OPEN_BRACKETS   [ reduce using rule 9 (expr -> IDENTIFIER AND_ASSIGN expr .) ]
  ! LPAREN          [ reduce using rule 9 (expr -> IDENTIFIER AND_ASSIGN expr .) ]
  ! CONS            [ reduce using rule 9 (expr -> IDENTIFIER AND_ASSIGN expr .) ]
  ! PLUS            [ reduce using rule 9 (expr -> IDENTIFIER AND_ASSIGN expr .) ]
  ! MINUS           [ reduce using rule 9 (expr -> IDENTIFIER AND_ASSIGN expr .) ]
  ! EXP             [ reduce using rule 9 (expr -> IDENTIFIER AND_ASSIGN expr .) ]
  ! MOD             [ reduce using rule 9 (expr -> IDENTIFIER AND_ASSIGN expr .) ]
  ! IMAG            [ reduce using rule 9 (expr -> IDENTIFIER AND_ASSIGN expr .) ]
  ! POWER           [ reduce using rule 9 (expr -> IDENTIFIER AND_ASSIGN expr .) ]
  ! TIMES           [ reduce using rule 9 (expr -> IDENTIFIER AND_ASSIGN expr .) ]
  ! DIVIDE_CEIL     [ reduce using rule 9 (expr -> IDENTIFIER AND_ASSIGN expr .) ]
  ! DIVIDE_FLOOR    [ reduce using rule 9 (expr -> IDENTIFIER AND_ASSIGN expr .) ]
  ! DIVIDE          [ reduce using rule 9 (expr -> IDENTIFIER AND_ASSIGN expr .) ]
  ! AND             [ reduce using rule 9 (expr -> IDENTIFIER AND_ASSIGN expr .) ]
  ! XOR             [ reduce using rule 9 (expr -> IDENTIFIER AND_ASSIGN expr .) ]
  ! OR              [ reduce using rule 9 (expr -> IDENTIFIER AND_ASSIGN expr .) ]
  ! EQUALS          [ reduce using rule 9 (expr -> IDENTIFIER AND_ASSIGN expr .) ]
  ! GREATER_EQUALS  [ reduce using rule 9 (expr -> IDENTIFIER AND_ASSIGN expr .) ]
  ! UNEQUALS        [ reduce using rule 9 (expr -> IDENTIFIER AND_ASSIGN expr .) ]
  ! GREATER_THAN    [ reduce using rule 9 (expr -> IDENTIFIER AND_ASSIGN expr .) ]
  ! SMALLER_THAN    [ reduce using rule 9 (expr -> IDENTIFIER AND_ASSIGN expr .) ]
  ! SMALLER_EQUALS  [ reduce using rule 9 (expr -> IDENTIFIER AND_ASSIGN expr .) ]


state 155

    (10) expr -> IDENTIFIER OR_ASSIGN expr .
    (1) expr -> expr . ARROW expr
    (2) expr -> expr . OPEN_BRACKETS PLUS CLOSED_BRACKETS
    (3) expr -> expr . OPEN_BRACKETS expr CLOSED_BRACKETS
    (26) expr -> expr . LPAREN para_expr RPAREN
    (41) expr -> expr . CONS expr
    (46) expr -> expr . PLUS expr
    (47) expr -> expr . MINUS expr
    (48) expr -> expr . EXP expr
    (49) expr -> expr . MOD expr
    (53) expr -> expr . IMAG
    (58) expr -> expr . POWER expr
    (65) expr -> expr . TIMES expr
    (66) expr -> expr . DIVIDE_CEIL expr
    (67) expr -> expr . DIVIDE_FLOOR expr
    (68) expr -> expr . DIVIDE expr
    (69) expr -> expr . AND expr
    (70) expr -> expr . XOR expr
    (71) expr -> expr . OR expr
    (29) comp -> expr . EQUALS expr
    (31) comp -> expr . GREATER_EQUALS expr
    (33) comp -> expr . UNEQUALS expr
    (35) comp -> expr . GREATER_THAN expr
    (37) comp -> expr . SMALLER_THAN expr
    (39) comp -> expr . SMALLER_EQUALS expr

    $end            reduce using rule 10 (expr -> IDENTIFIER OR_ASSIGN expr .)
    CLOSED_BRACKETS reduce using rule 10 (expr -> IDENTIFIER OR_ASSIGN expr .)
    DOT             reduce using rule 10 (expr -> IDENTIFIER OR_ASSIGN expr .)
    COMMA           reduce using rule 10 (expr -> IDENTIFIER OR_ASSIGN expr .)
    RPAREN          reduce using rule 10 (expr -> IDENTIFIER OR_ASSIGN expr .)
    SEMICOLON       reduce using rule 10 (expr -> IDENTIFIER OR_ASSIGN expr .)
    END             reduce using rule 10 (expr -> IDENTIFIER OR_ASSIGN expr .)
    THEN            reduce using rule 10 (expr -> IDENTIFIER OR_ASSIGN expr .)
    WITH            reduce using rule 10 (expr -> IDENTIFIER OR_ASSIGN expr .)
    COLON           reduce using rule 10 (expr -> IDENTIFIER OR_ASSIGN expr .)
    IN              reduce using rule 10 (expr -> IDENTIFIER OR_ASSIGN expr .)
    LOOPTHEN        reduce using rule 10 (expr -> IDENTIFIER OR_ASSIGN expr .)
    ELSE            reduce using rule 10 (expr -> IDENTIFIER OR_ASSIGN expr .)
    ARROW           shift and go to state 31
    OPEN_BRACKETS   shift and go to state 32
    LPAREN          shift and go to state 34
    CONS            shift and go to state 35
    PLUS            shift and go to state 33
    MINUS           shift and go to state 36
    EXP             shift and go to state 37
    MOD             shift and go to state 38
    IMAG            shift and go to state 39
    POWER           shift and go to state 40
    TIMES           shift and go to state 41
    DIVIDE_CEIL     shift and go to state 42
    DIVIDE_FLOOR    shift and go to state 43
    DIVIDE          shift and go to state 44
    AND             shift and go to state 45
    XOR             shift and go to state 46
    OR              shift and go to state 47
    EQUALS          shift and go to state 48
    GREATER_EQUALS  shift and go to state 49
    UNEQUALS        shift and go to state 50
    GREATER_THAN    shift and go to state 51
    SMALLER_THAN    shift and go to state 52
    SMALLER_EQUALS  shift and go to state 53

  ! ARROW           [ reduce using rule 10 (expr -> IDENTIFIER OR_ASSIGN expr .) ]
  ! OPEN_BRACKETS   [ reduce using rule 10 (expr -> IDENTIFIER OR_ASSIGN expr .) ]
  ! LPAREN          [ reduce using rule 10 (expr -> IDENTIFIER OR_ASSIGN expr .) ]
  ! CONS            [ reduce using rule 10 (expr -> IDENTIFIER OR_ASSIGN expr .) ]
  ! PLUS            [ reduce using rule 10 (expr -> IDENTIFIER OR_ASSIGN expr .) ]
  ! MINUS           [ reduce using rule 10 (expr -> IDENTIFIER OR_ASSIGN expr .) ]
  ! EXP             [ reduce using rule 10 (expr -> IDENTIFIER OR_ASSIGN expr .) ]
  ! MOD             [ reduce using rule 10 (expr -> IDENTIFIER OR_ASSIGN expr .) ]
  ! IMAG            [ reduce using rule 10 (expr -> IDENTIFIER OR_ASSIGN expr .) ]
  ! POWER           [ reduce using rule 10 (expr -> IDENTIFIER OR_ASSIGN expr .) ]
  ! TIMES           [ reduce using rule 10 (expr -> IDENTIFIER OR_ASSIGN expr .) ]
  ! DIVIDE_CEIL     [ reduce using rule 10 (expr -> IDENTIFIER OR_ASSIGN expr .) ]
  ! DIVIDE_FLOOR    [ reduce using rule 10 (expr -> IDENTIFIER OR_ASSIGN expr .) ]
  ! DIVIDE          [ reduce using rule 10 (expr -> IDENTIFIER OR_ASSIGN expr .) ]
  ! AND             [ reduce using rule 10 (expr -> IDENTIFIER OR_ASSIGN expr .) ]
  ! XOR             [ reduce using rule 10 (expr -> IDENTIFIER OR_ASSIGN expr .) ]
  ! OR              [ reduce using rule 10 (expr -> IDENTIFIER OR_ASSIGN expr .) ]
  ! EQUALS          [ reduce using rule 10 (expr -> IDENTIFIER OR_ASSIGN expr .) ]
  ! GREATER_EQUALS  [ reduce using rule 10 (expr -> IDENTIFIER OR_ASSIGN expr .) ]
  ! UNEQUALS        [ reduce using rule 10 (expr -> IDENTIFIER OR_ASSIGN expr .) ]
  ! GREATER_THAN    [ reduce using rule 10 (expr -> IDENTIFIER OR_ASSIGN expr .) ]
  ! SMALLER_THAN    [ reduce using rule 10 (expr -> IDENTIFIER OR_ASSIGN expr .) ]
  ! SMALLER_EQUALS  [ reduce using rule 10 (expr -> IDENTIFIER OR_ASSIGN expr .) ]


state 156

    (11) expr -> IDENTIFIER XOR_ASSIGN expr .
    (1) expr -> expr . ARROW expr
    (2) expr -> expr . OPEN_BRACKETS PLUS CLOSED_BRACKETS
    (3) expr -> expr . OPEN_BRACKETS expr CLOSED_BRACKETS
    (26) expr -> expr . LPAREN para_expr RPAREN
    (41) expr -> expr . CONS expr
    (46) expr -> expr . PLUS expr
    (47) expr -> expr . MINUS expr
    (48) expr -> expr . EXP expr
    (49) expr -> expr . MOD expr
    (53) expr -> expr . IMAG
    (58) expr -> expr . POWER expr
    (65) expr -> expr . TIMES expr
    (66) expr -> expr . DIVIDE_CEIL expr
    (67) expr -> expr . DIVIDE_FLOOR expr
    (68) expr -> expr . DIVIDE expr
    (69) expr -> expr . AND expr
    (70) expr -> expr . XOR expr
    (71) expr -> expr . OR expr
    (29) comp -> expr . EQUALS expr
    (31) comp -> expr . GREATER_EQUALS expr
    (33) comp -> expr . UNEQUALS expr
    (35) comp -> expr . GREATER_THAN expr
    (37) comp -> expr . SMALLER_THAN expr
    (39) comp -> expr . SMALLER_EQUALS expr

    $end            reduce using rule 11 (expr -> IDENTIFIER XOR_ASSIGN expr .)
    CLOSED_BRACKETS reduce using rule 11 (expr -> IDENTIFIER XOR_ASSIGN expr .)
    DOT             reduce using rule 11 (expr -> IDENTIFIER XOR_ASSIGN expr .)
    COMMA           reduce using rule 11 (expr -> IDENTIFIER XOR_ASSIGN expr .)
    RPAREN          reduce using rule 11 (expr -> IDENTIFIER XOR_ASSIGN expr .)
    SEMICOLON       reduce using rule 11 (expr -> IDENTIFIER XOR_ASSIGN expr .)
    END             reduce using rule 11 (expr -> IDENTIFIER XOR_ASSIGN expr .)
    THEN            reduce using rule 11 (expr -> IDENTIFIER XOR_ASSIGN expr .)
    WITH            reduce using rule 11 (expr -> IDENTIFIER XOR_ASSIGN expr .)
    COLON           reduce using rule 11 (expr -> IDENTIFIER XOR_ASSIGN expr .)
    IN              reduce using rule 11 (expr -> IDENTIFIER XOR_ASSIGN expr .)
    LOOPTHEN        reduce using rule 11 (expr -> IDENTIFIER XOR_ASSIGN expr .)
    ELSE            reduce using rule 11 (expr -> IDENTIFIER XOR_ASSIGN expr .)
    ARROW           shift and go to state 31
    OPEN_BRACKETS   shift and go to state 32
    LPAREN          shift and go to state 34
    CONS            shift and go to state 35
    PLUS            shift and go to state 33
    MINUS           shift and go to state 36
    EXP             shift and go to state 37
    MOD             shift and go to state 38
    IMAG            shift and go to state 39
    POWER           shift and go to state 40
    TIMES           shift and go to state 41
    DIVIDE_CEIL     shift and go to state 42
    DIVIDE_FLOOR    shift and go to state 43
    DIVIDE          shift and go to state 44
    AND             shift and go to state 45
    XOR             shift and go to state 46
    OR              shift and go to state 47
    EQUALS          shift and go to state 48
    GREATER_EQUALS  shift and go to state 49
    UNEQUALS        shift and go to state 50
    GREATER_THAN    shift and go to state 51
    SMALLER_THAN    shift and go to state 52
    SMALLER_EQUALS  shift and go to state 53

  ! ARROW           [ reduce using rule 11 (expr -> IDENTIFIER XOR_ASSIGN expr .) ]
  ! OPEN_BRACKETS   [ reduce using rule 11 (expr -> IDENTIFIER XOR_ASSIGN expr .) ]
  ! LPAREN          [ reduce using rule 11 (expr -> IDENTIFIER XOR_ASSIGN expr .) ]
  ! CONS            [ reduce using rule 11 (expr -> IDENTIFIER XOR_ASSIGN expr .) ]
  ! PLUS            [ reduce using rule 11 (expr -> IDENTIFIER XOR_ASSIGN expr .) ]
  ! MINUS           [ reduce using rule 11 (expr -> IDENTIFIER XOR_ASSIGN expr .) ]
  ! EXP             [ reduce using rule 11 (expr -> IDENTIFIER XOR_ASSIGN expr .) ]
  ! MOD             [ reduce using rule 11 (expr -> IDENTIFIER XOR_ASSIGN expr .) ]
  ! IMAG            [ reduce using rule 11 (expr -> IDENTIFIER XOR_ASSIGN expr .) ]
  ! POWER           [ reduce using rule 11 (expr -> IDENTIFIER XOR_ASSIGN expr .) ]
  ! TIMES           [ reduce using rule 11 (expr -> IDENTIFIER XOR_ASSIGN expr .) ]
  ! DIVIDE_CEIL     [ reduce using rule 11 (expr -> IDENTIFIER XOR_ASSIGN expr .) ]
  ! DIVIDE_FLOOR    [ reduce using rule 11 (expr -> IDENTIFIER XOR_ASSIGN expr .) ]
  ! DIVIDE          [ reduce using rule 11 (expr -> IDENTIFIER XOR_ASSIGN expr .) ]
  ! AND             [ reduce using rule 11 (expr -> IDENTIFIER XOR_ASSIGN expr .) ]
  ! XOR             [ reduce using rule 11 (expr -> IDENTIFIER XOR_ASSIGN expr .) ]
  ! OR              [ reduce using rule 11 (expr -> IDENTIFIER XOR_ASSIGN expr .) ]
  ! EQUALS          [ reduce using rule 11 (expr -> IDENTIFIER XOR_ASSIGN expr .) ]
  ! GREATER_EQUALS  [ reduce using rule 11 (expr -> IDENTIFIER XOR_ASSIGN expr .) ]
  ! UNEQUALS        [ reduce using rule 11 (expr -> IDENTIFIER XOR_ASSIGN expr .) ]
  ! GREATER_THAN    [ reduce using rule 11 (expr -> IDENTIFIER XOR_ASSIGN expr .) ]
  ! SMALLER_THAN    [ reduce using rule 11 (expr -> IDENTIFIER XOR_ASSIGN expr .) ]
  ! SMALLER_EQUALS  [ reduce using rule 11 (expr -> IDENTIFIER XOR_ASSIGN expr .) ]


state 157

    (12) expr -> IDENTIFIER MOD_ASSIGN expr .
    (1) expr -> expr . ARROW expr
    (2) expr -> expr . OPEN_BRACKETS PLUS CLOSED_BRACKETS
    (3) expr -> expr . OPEN_BRACKETS expr CLOSED_BRACKETS
    (26) expr -> expr . LPAREN para_expr RPAREN
    (41) expr -> expr . CONS expr
    (46) expr -> expr . PLUS expr
    (47) expr -> expr . MINUS expr
    (48) expr -> expr . EXP expr
    (49) expr -> expr . MOD expr
    (53) expr -> expr . IMAG
    (58) expr -> expr . POWER expr
    (65) expr -> expr . TIMES expr
    (66) expr -> expr . DIVIDE_CEIL expr
    (67) expr -> expr . DIVIDE_FLOOR expr
    (68) expr -> expr . DIVIDE expr
    (69) expr -> expr . AND expr
    (70) expr -> expr . XOR expr
    (71) expr -> expr . OR expr
    (29) comp -> expr . EQUALS expr
    (31) comp -> expr . GREATER_EQUALS expr
    (33) comp -> expr . UNEQUALS expr
    (35) comp -> expr . GREATER_THAN expr
    (37) comp -> expr . SMALLER_THAN expr
    (39) comp -> expr . SMALLER_EQUALS expr

    $end            reduce using rule 12 (expr -> IDENTIFIER MOD_ASSIGN expr .)
    CLOSED_BRACKETS reduce using rule 12 (expr -> IDENTIFIER MOD_ASSIGN expr .)
    DOT             reduce using rule 12 (expr -> IDENTIFIER MOD_ASSIGN expr .)
    COMMA           reduce using rule 12 (expr -> IDENTIFIER MOD_ASSIGN expr .)
    RPAREN          reduce using rule 12 (expr -> IDENTIFIER MOD_ASSIGN expr .)
    SEMICOLON       reduce using rule 12 (expr -> IDENTIFIER MOD_ASSIGN expr .)
    END             reduce using rule 12 (expr -> IDENTIFIER MOD_ASSIGN expr .)
    THEN            reduce using rule 12 (expr -> IDENTIFIER MOD_ASSIGN expr .)
    WITH            reduce using rule 12 (expr -> IDENTIFIER MOD_ASSIGN expr .)
    COLON           reduce using rule 12 (expr -> IDENTIFIER MOD_ASSIGN expr .)
    IN              reduce using rule 12 (expr -> IDENTIFIER MOD_ASSIGN expr .)
    LOOPTHEN        reduce using rule 12 (expr -> IDENTIFIER MOD_ASSIGN expr .)
    ELSE            reduce using rule 12 (expr -> IDENTIFIER MOD_ASSIGN expr .)
    ARROW           shift and go to state 31
    OPEN_BRACKETS   shift and go to state 32
    LPAREN          shift and go to state 34
    CONS            shift and go to state 35
    PLUS            shift and go to state 33
    MINUS           shift and go to state 36
    EXP             shift and go to state 37
    MOD             shift and go to state 38
    IMAG            shift and go to state 39
    POWER           shift and go to state 40
    TIMES           shift and go to state 41
    DIVIDE_CEIL     shift and go to state 42
    DIVIDE_FLOOR    shift and go to state 43
    DIVIDE          shift and go to state 44
    AND             shift and go to state 45
    XOR             shift and go to state 46
    OR              shift and go to state 47
    EQUALS          shift and go to state 48
    GREATER_EQUALS  shift and go to state 49
    UNEQUALS        shift and go to state 50
    GREATER_THAN    shift and go to state 51
    SMALLER_THAN    shift and go to state 52
    SMALLER_EQUALS  shift and go to state 53

  ! ARROW           [ reduce using rule 12 (expr -> IDENTIFIER MOD_ASSIGN expr .) ]
  ! OPEN_BRACKETS   [ reduce using rule 12 (expr -> IDENTIFIER MOD_ASSIGN expr .) ]
  ! LPAREN          [ reduce using rule 12 (expr -> IDENTIFIER MOD_ASSIGN expr .) ]
  ! CONS            [ reduce using rule 12 (expr -> IDENTIFIER MOD_ASSIGN expr .) ]
  ! PLUS            [ reduce using rule 12 (expr -> IDENTIFIER MOD_ASSIGN expr .) ]
  ! MINUS           [ reduce using rule 12 (expr -> IDENTIFIER MOD_ASSIGN expr .) ]
  ! EXP             [ reduce using rule 12 (expr -> IDENTIFIER MOD_ASSIGN expr .) ]
  ! MOD             [ reduce using rule 12 (expr -> IDENTIFIER MOD_ASSIGN expr .) ]
  ! IMAG            [ reduce using rule 12 (expr -> IDENTIFIER MOD_ASSIGN expr .) ]
  ! POWER           [ reduce using rule 12 (expr -> IDENTIFIER MOD_ASSIGN expr .) ]
  ! TIMES           [ reduce using rule 12 (expr -> IDENTIFIER MOD_ASSIGN expr .) ]
  ! DIVIDE_CEIL     [ reduce using rule 12 (expr -> IDENTIFIER MOD_ASSIGN expr .) ]
  ! DIVIDE_FLOOR    [ reduce using rule 12 (expr -> IDENTIFIER MOD_ASSIGN expr .) ]
  ! DIVIDE          [ reduce using rule 12 (expr -> IDENTIFIER MOD_ASSIGN expr .) ]
  ! AND             [ reduce using rule 12 (expr -> IDENTIFIER MOD_ASSIGN expr .) ]
  ! XOR             [ reduce using rule 12 (expr -> IDENTIFIER MOD_ASSIGN expr .) ]
  ! OR              [ reduce using rule 12 (expr -> IDENTIFIER MOD_ASSIGN expr .) ]
  ! EQUALS          [ reduce using rule 12 (expr -> IDENTIFIER MOD_ASSIGN expr .) ]
  ! GREATER_EQUALS  [ reduce using rule 12 (expr -> IDENTIFIER MOD_ASSIGN expr .) ]
  ! UNEQUALS        [ reduce using rule 12 (expr -> IDENTIFIER MOD_ASSIGN expr .) ]
  ! GREATER_THAN    [ reduce using rule 12 (expr -> IDENTIFIER MOD_ASSIGN expr .) ]
  ! SMALLER_THAN    [ reduce using rule 12 (expr -> IDENTIFIER MOD_ASSIGN expr .) ]
  ! SMALLER_EQUALS  [ reduce using rule 12 (expr -> IDENTIFIER MOD_ASSIGN expr .) ]


state 158

    (13) expr -> IDENTIFIER EXP_ASSIGN expr .
    (1) expr -> expr . ARROW expr
    (2) expr -> expr . OPEN_BRACKETS PLUS CLOSED_BRACKETS
    (3) expr -> expr . OPEN_BRACKETS expr CLOSED_BRACKETS
    (26) expr -> expr . LPAREN para_expr RPAREN
    (41) expr -> expr . CONS expr
    (46) expr -> expr . PLUS expr
    (47) expr -> expr . MINUS expr
    (48) expr -> expr . EXP expr
    (49) expr -> expr . MOD expr
    (53) expr -> expr . IMAG
    (58) expr -> expr . POWER expr
    (65) expr -> expr . TIMES expr
    (66) expr -> expr . DIVIDE_CEIL expr
    (67) expr -> expr . DIVIDE_FLOOR expr
    (68) expr -> expr . DIVIDE expr
    (69) expr -> expr . AND expr
    (70) expr -> expr . XOR expr
    (71) expr -> expr . OR expr
    (29) comp -> expr . EQUALS expr
    (31) comp -> expr . GREATER_EQUALS expr
    (33) comp -> expr . UNEQUALS expr
    (35) comp -> expr . GREATER_THAN expr
    (37) comp -> expr . SMALLER_THAN expr
    (39) comp -> expr . SMALLER_EQUALS expr

    $end            reduce using rule 13 (expr -> IDENTIFIER EXP_ASSIGN expr .)
    CLOSED_BRACKETS reduce using rule 13 (expr -> IDENTIFIER EXP_ASSIGN expr .)
    DOT             reduce using rule 13 (expr -> IDENTIFIER EXP_ASSIGN expr .)
    COMMA           reduce using rule 13 (expr -> IDENTIFIER EXP_ASSIGN expr .)
    RPAREN          reduce using rule 13 (expr -> IDENTIFIER EXP_ASSIGN expr .)
    SEMICOLON       reduce using rule 13 (expr -> IDENTIFIER EXP_ASSIGN expr .)
    END             reduce using rule 13 (expr -> IDENTIFIER EXP_ASSIGN expr .)
    THEN            reduce using rule 13 (expr -> IDENTIFIER EXP_ASSIGN expr .)
    WITH            reduce using rule 13 (expr -> IDENTIFIER EXP_ASSIGN expr .)
    COLON           reduce using rule 13 (expr -> IDENTIFIER EXP_ASSIGN expr .)
    IN              reduce using rule 13 (expr -> IDENTIFIER EXP_ASSIGN expr .)
    LOOPTHEN        reduce using rule 13 (expr -> IDENTIFIER EXP_ASSIGN expr .)
    ELSE            reduce using rule 13 (expr -> IDENTIFIER EXP_ASSIGN expr .)
    ARROW           shift and go to state 31
    OPEN_BRACKETS   shift and go to state 32
    LPAREN          shift and go to state 34
    CONS            shift and go to state 35
    PLUS            shift and go to state 33
    MINUS           shift and go to state 36
    EXP             shift and go to state 37
    MOD             shift and go to state 38
    IMAG            shift and go to state 39
    POWER           shift and go to state 40
    TIMES           shift and go to state 41
    DIVIDE_CEIL     shift and go to state 42
    DIVIDE_FLOOR    shift and go to state 43
    DIVIDE          shift and go to state 44
    AND             shift and go to state 45
    XOR             shift and go to state 46
    OR              shift and go to state 47
    EQUALS          shift and go to state 48
    GREATER_EQUALS  shift and go to state 49
    UNEQUALS        shift and go to state 50
    GREATER_THAN    shift and go to state 51
    SMALLER_THAN    shift and go to state 52
    SMALLER_EQUALS  shift and go to state 53

  ! ARROW           [ reduce using rule 13 (expr -> IDENTIFIER EXP_ASSIGN expr .) ]
  ! OPEN_BRACKETS   [ reduce using rule 13 (expr -> IDENTIFIER EXP_ASSIGN expr .) ]
  ! LPAREN          [ reduce using rule 13 (expr -> IDENTIFIER EXP_ASSIGN expr .) ]
  ! CONS            [ reduce using rule 13 (expr -> IDENTIFIER EXP_ASSIGN expr .) ]
  ! PLUS            [ reduce using rule 13 (expr -> IDENTIFIER EXP_ASSIGN expr .) ]
  ! MINUS           [ reduce using rule 13 (expr -> IDENTIFIER EXP_ASSIGN expr .) ]
  ! EXP             [ reduce using rule 13 (expr -> IDENTIFIER EXP_ASSIGN expr .) ]
  ! MOD             [ reduce using rule 13 (expr -> IDENTIFIER EXP_ASSIGN expr .) ]
  ! IMAG            [ reduce using rule 13 (expr -> IDENTIFIER EXP_ASSIGN expr .) ]
  ! POWER           [ reduce using rule 13 (expr -> IDENTIFIER EXP_ASSIGN expr .) ]
  ! TIMES           [ reduce using rule 13 (expr -> IDENTIFIER EXP_ASSIGN expr .) ]
  ! DIVIDE_CEIL     [ reduce using rule 13 (expr -> IDENTIFIER EXP_ASSIGN expr .) ]
  ! DIVIDE_FLOOR    [ reduce using rule 13 (expr -> IDENTIFIER EXP_ASSIGN expr .) ]
  ! DIVIDE          [ reduce using rule 13 (expr -> IDENTIFIER EXP_ASSIGN expr .) ]
  ! AND             [ reduce using rule 13 (expr -> IDENTIFIER EXP_ASSIGN expr .) ]
  ! XOR             [ reduce using rule 13 (expr -> IDENTIFIER EXP_ASSIGN expr .) ]
  ! OR              [ reduce using rule 13 (expr -> IDENTIFIER EXP_ASSIGN expr .) ]
  ! EQUALS          [ reduce using rule 13 (expr -> IDENTIFIER EXP_ASSIGN expr .) ]
  ! GREATER_EQUALS  [ reduce using rule 13 (expr -> IDENTIFIER EXP_ASSIGN expr .) ]
  ! UNEQUALS        [ reduce using rule 13 (expr -> IDENTIFIER EXP_ASSIGN expr .) ]
  ! GREATER_THAN    [ reduce using rule 13 (expr -> IDENTIFIER EXP_ASSIGN expr .) ]
  ! SMALLER_THAN    [ reduce using rule 13 (expr -> IDENTIFIER EXP_ASSIGN expr .) ]
  ! SMALLER_EQUALS  [ reduce using rule 13 (expr -> IDENTIFIER EXP_ASSIGN expr .) ]


state 159

    (14) expr -> IDENTIFIER POWER_ASSIGN expr .
    (1) expr -> expr . ARROW expr
    (2) expr -> expr . OPEN_BRACKETS PLUS CLOSED_BRACKETS
    (3) expr -> expr . OPEN_BRACKETS expr CLOSED_BRACKETS
    (26) expr -> expr . LPAREN para_expr RPAREN
    (41) expr -> expr . CONS expr
    (46) expr -> expr . PLUS expr
    (47) expr -> expr . MINUS expr
    (48) expr -> expr . EXP expr
    (49) expr -> expr . MOD expr
    (53) expr -> expr . IMAG
    (58) expr -> expr . POWER expr
    (65) expr -> expr . TIMES expr
    (66) expr -> expr . DIVIDE_CEIL expr
    (67) expr -> expr . DIVIDE_FLOOR expr
    (68) expr -> expr . DIVIDE expr
    (69) expr -> expr . AND expr
    (70) expr -> expr . XOR expr
    (71) expr -> expr . OR expr
    (29) comp -> expr . EQUALS expr
    (31) comp -> expr . GREATER_EQUALS expr
    (33) comp -> expr . UNEQUALS expr
    (35) comp -> expr . GREATER_THAN expr
    (37) comp -> expr . SMALLER_THAN expr
    (39) comp -> expr . SMALLER_EQUALS expr

    $end            reduce using rule 14 (expr -> IDENTIFIER POWER_ASSIGN expr .)
    CLOSED_BRACKETS reduce using rule 14 (expr -> IDENTIFIER POWER_ASSIGN expr .)
    DOT             reduce using rule 14 (expr -> IDENTIFIER POWER_ASSIGN expr .)
    COMMA           reduce using rule 14 (expr -> IDENTIFIER POWER_ASSIGN expr .)
    RPAREN          reduce using rule 14 (expr -> IDENTIFIER POWER_ASSIGN expr .)
    SEMICOLON       reduce using rule 14 (expr -> IDENTIFIER POWER_ASSIGN expr .)
    END             reduce using rule 14 (expr -> IDENTIFIER POWER_ASSIGN expr .)
    THEN            reduce using rule 14 (expr -> IDENTIFIER POWER_ASSIGN expr .)
    WITH            reduce using rule 14 (expr -> IDENTIFIER POWER_ASSIGN expr .)
    COLON           reduce using rule 14 (expr -> IDENTIFIER POWER_ASSIGN expr .)
    IN              reduce using rule 14 (expr -> IDENTIFIER POWER_ASSIGN expr .)
    LOOPTHEN        reduce using rule 14 (expr -> IDENTIFIER POWER_ASSIGN expr .)
    ELSE            reduce using rule 14 (expr -> IDENTIFIER POWER_ASSIGN expr .)
    ARROW           shift and go to state 31
    OPEN_BRACKETS   shift and go to state 32
    LPAREN          shift and go to state 34
    CONS            shift and go to state 35
    PLUS            shift and go to state 33
    MINUS           shift and go to state 36
    EXP             shift and go to state 37
    MOD             shift and go to state 38
    IMAG            shift and go to state 39
    POWER           shift and go to state 40
    TIMES           shift and go to state 41
    DIVIDE_CEIL     shift and go to state 42
    DIVIDE_FLOOR    shift and go to state 43
    DIVIDE          shift and go to state 44
    AND             shift and go to state 45
    XOR             shift and go to state 46
    OR              shift and go to state 47
    EQUALS          shift and go to state 48
    GREATER_EQUALS  shift and go to state 49
    UNEQUALS        shift and go to state 50
    GREATER_THAN    shift and go to state 51
    SMALLER_THAN    shift and go to state 52
    SMALLER_EQUALS  shift and go to state 53

  ! ARROW           [ reduce using rule 14 (expr -> IDENTIFIER POWER_ASSIGN expr .) ]
  ! OPEN_BRACKETS   [ reduce using rule 14 (expr -> IDENTIFIER POWER_ASSIGN expr .) ]
  ! LPAREN          [ reduce using rule 14 (expr -> IDENTIFIER POWER_ASSIGN expr .) ]
  ! CONS            [ reduce using rule 14 (expr -> IDENTIFIER POWER_ASSIGN expr .) ]
  ! PLUS            [ reduce using rule 14 (expr -> IDENTIFIER POWER_ASSIGN expr .) ]
  ! MINUS           [ reduce using rule 14 (expr -> IDENTIFIER POWER_ASSIGN expr .) ]
  ! EXP             [ reduce using rule 14 (expr -> IDENTIFIER POWER_ASSIGN expr .) ]
  ! MOD             [ reduce using rule 14 (expr -> IDENTIFIER POWER_ASSIGN expr .) ]
  ! IMAG            [ reduce using rule 14 (expr -> IDENTIFIER POWER_ASSIGN expr .) ]
  ! POWER           [ reduce using rule 14 (expr -> IDENTIFIER POWER_ASSIGN expr .) ]
  ! TIMES           [ reduce using rule 14 (expr -> IDENTIFIER POWER_ASSIGN expr .) ]
  ! DIVIDE_CEIL     [ reduce using rule 14 (expr -> IDENTIFIER POWER_ASSIGN expr .) ]
  ! DIVIDE_FLOOR    [ reduce using rule 14 (expr -> IDENTIFIER POWER_ASSIGN expr .) ]
  ! DIVIDE          [ reduce using rule 14 (expr -> IDENTIFIER POWER_ASSIGN expr .) ]
  ! AND             [ reduce using rule 14 (expr -> IDENTIFIER POWER_ASSIGN expr .) ]
  ! XOR             [ reduce using rule 14 (expr -> IDENTIFIER POWER_ASSIGN expr .) ]
  ! OR              [ reduce using rule 14 (expr -> IDENTIFIER POWER_ASSIGN expr .) ]
  ! EQUALS          [ reduce using rule 14 (expr -> IDENTIFIER POWER_ASSIGN expr .) ]
  ! GREATER_EQUALS  [ reduce using rule 14 (expr -> IDENTIFIER POWER_ASSIGN expr .) ]
  ! UNEQUALS        [ reduce using rule 14 (expr -> IDENTIFIER POWER_ASSIGN expr .) ]
  ! GREATER_THAN    [ reduce using rule 14 (expr -> IDENTIFIER POWER_ASSIGN expr .) ]
  ! SMALLER_THAN    [ reduce using rule 14 (expr -> IDENTIFIER POWER_ASSIGN expr .) ]
  ! SMALLER_EQUALS  [ reduce using rule 14 (expr -> IDENTIFIER POWER_ASSIGN expr .) ]


state 160

    (15) expr -> IDENTIFIER TIMES_ASSIGN expr .
    (1) expr -> expr . ARROW expr
    (2) expr -> expr . OPEN_BRACKETS PLUS CLOSED_BRACKETS
    (3) expr -> expr . OPEN_BRACKETS expr CLOSED_BRACKETS
    (26) expr -> expr . LPAREN para_expr RPAREN
    (41) expr -> expr . CONS expr
    (46) expr -> expr . PLUS expr
    (47) expr -> expr . MINUS expr
    (48) expr -> expr . EXP expr
    (49) expr -> expr . MOD expr
    (53) expr -> expr . IMAG
    (58) expr -> expr . POWER expr
    (65) expr -> expr . TIMES expr
    (66) expr -> expr . DIVIDE_CEIL expr
    (67) expr -> expr . DIVIDE_FLOOR expr
    (68) expr -> expr . DIVIDE expr
    (69) expr -> expr . AND expr
    (70) expr -> expr . XOR expr
    (71) expr -> expr . OR expr
    (29) comp -> expr . EQUALS expr
    (31) comp -> expr . GREATER_EQUALS expr
    (33) comp -> expr . UNEQUALS expr
    (35) comp -> expr . GREATER_THAN expr
    (37) comp -> expr . SMALLER_THAN expr
    (39) comp -> expr . SMALLER_EQUALS expr

    $end            reduce using rule 15 (expr -> IDENTIFIER TIMES_ASSIGN expr .)
    CLOSED_BRACKETS reduce using rule 15 (expr -> IDENTIFIER TIMES_ASSIGN expr .)
    DOT             reduce using rule 15 (expr -> IDENTIFIER TIMES_ASSIGN expr .)
    COMMA           reduce using rule 15 (expr -> IDENTIFIER TIMES_ASSIGN expr .)
    RPAREN          reduce using rule 15 (expr -> IDENTIFIER TIMES_ASSIGN expr .)
    SEMICOLON       reduce using rule 15 (expr -> IDENTIFIER TIMES_ASSIGN expr .)
    END             reduce using rule 15 (expr -> IDENTIFIER TIMES_ASSIGN expr .)
    THEN            reduce using rule 15 (expr -> IDENTIFIER TIMES_ASSIGN expr .)
    WITH            reduce using rule 15 (expr -> IDENTIFIER TIMES_ASSIGN expr .)
    COLON           reduce using rule 15 (expr -> IDENTIFIER TIMES_ASSIGN expr .)
    IN              reduce using rule 15 (expr -> IDENTIFIER TIMES_ASSIGN expr .)
    LOOPTHEN        reduce using rule 15 (expr -> IDENTIFIER TIMES_ASSIGN expr .)
    ELSE            reduce using rule 15 (expr -> IDENTIFIER TIMES_ASSIGN expr .)
    ARROW           shift and go to state 31
    OPEN_BRACKETS   shift and go to state 32
    LPAREN          shift and go to state 34
    CONS            shift and go to state 35
    PLUS            shift and go to state 33
    MINUS           shift and go to state 36
    EXP             shift and go to state 37
    MOD             shift and go to state 38
    IMAG            shift and go to state 39
    POWER           shift and go to state 40
    TIMES           shift and go to state 41
    DIVIDE_CEIL     shift and go to state 42
    DIVIDE_FLOOR    shift and go to state 43
    DIVIDE          shift and go to state 44
    AND             shift and go to state 45
    XOR             shift and go to state 46
    OR              shift and go to state 47
    EQUALS          shift and go to state 48
    GREATER_EQUALS  shift and go to state 49
    UNEQUALS        shift and go to state 50
    GREATER_THAN    shift and go to state 51
    SMALLER_THAN    shift and go to state 52
    SMALLER_EQUALS  shift and go to state 53

  ! ARROW           [ reduce using rule 15 (expr -> IDENTIFIER TIMES_ASSIGN expr .) ]
  ! OPEN_BRACKETS   [ reduce using rule 15 (expr -> IDENTIFIER TIMES_ASSIGN expr .) ]
  ! LPAREN          [ reduce using rule 15 (expr -> IDENTIFIER TIMES_ASSIGN expr .) ]
  ! CONS            [ reduce using rule 15 (expr -> IDENTIFIER TIMES_ASSIGN expr .) ]
  ! PLUS            [ reduce using rule 15 (expr -> IDENTIFIER TIMES_ASSIGN expr .) ]
  ! MINUS           [ reduce using rule 15 (expr -> IDENTIFIER TIMES_ASSIGN expr .) ]
  ! EXP             [ reduce using rule 15 (expr -> IDENTIFIER TIMES_ASSIGN expr .) ]
  ! MOD             [ reduce using rule 15 (expr -> IDENTIFIER TIMES_ASSIGN expr .) ]
  ! IMAG            [ reduce using rule 15 (expr -> IDENTIFIER TIMES_ASSIGN expr .) ]
  ! POWER           [ reduce using rule 15 (expr -> IDENTIFIER TIMES_ASSIGN expr .) ]
  ! TIMES           [ reduce using rule 15 (expr -> IDENTIFIER TIMES_ASSIGN expr .) ]
  ! DIVIDE_CEIL     [ reduce using rule 15 (expr -> IDENTIFIER TIMES_ASSIGN expr .) ]
  ! DIVIDE_FLOOR    [ reduce using rule 15 (expr -> IDENTIFIER TIMES_ASSIGN expr .) ]
  ! DIVIDE          [ reduce using rule 15 (expr -> IDENTIFIER TIMES_ASSIGN expr .) ]
  ! AND             [ reduce using rule 15 (expr -> IDENTIFIER TIMES_ASSIGN expr .) ]
  ! XOR             [ reduce using rule 15 (expr -> IDENTIFIER TIMES_ASSIGN expr .) ]
  ! OR              [ reduce using rule 15 (expr -> IDENTIFIER TIMES_ASSIGN expr .) ]
  ! EQUALS          [ reduce using rule 15 (expr -> IDENTIFIER TIMES_ASSIGN expr .) ]
  ! GREATER_EQUALS  [ reduce using rule 15 (expr -> IDENTIFIER TIMES_ASSIGN expr .) ]
  ! UNEQUALS        [ reduce using rule 15 (expr -> IDENTIFIER TIMES_ASSIGN expr .) ]
  ! GREATER_THAN    [ reduce using rule 15 (expr -> IDENTIFIER TIMES_ASSIGN expr .) ]
  ! SMALLER_THAN    [ reduce using rule 15 (expr -> IDENTIFIER TIMES_ASSIGN expr .) ]
  ! SMALLER_EQUALS  [ reduce using rule 15 (expr -> IDENTIFIER TIMES_ASSIGN expr .) ]


state 161

    (16) expr -> IDENTIFIER DIVIDE_CEIL_ASSIGN expr .
    (1) expr -> expr . ARROW expr
    (2) expr -> expr . OPEN_BRACKETS PLUS CLOSED_BRACKETS
    (3) expr -> expr . OPEN_BRACKETS expr CLOSED_BRACKETS
    (26) expr -> expr . LPAREN para_expr RPAREN
    (41) expr -> expr . CONS expr
    (46) expr -> expr . PLUS expr
    (47) expr -> expr . MINUS expr
    (48) expr -> expr . EXP expr
    (49) expr -> expr . MOD expr
    (53) expr -> expr . IMAG
    (58) expr -> expr . POWER expr
    (65) expr -> expr . TIMES expr
    (66) expr -> expr . DIVIDE_CEIL expr
    (67) expr -> expr . DIVIDE_FLOOR expr
    (68) expr -> expr . DIVIDE expr
    (69) expr -> expr . AND expr
    (70) expr -> expr . XOR expr
    (71) expr -> expr . OR expr
    (29) comp -> expr . EQUALS expr
    (31) comp -> expr . GREATER_EQUALS expr
    (33) comp -> expr . UNEQUALS expr
    (35) comp -> expr . GREATER_THAN expr
    (37) comp -> expr . SMALLER_THAN expr
    (39) comp -> expr . SMALLER_EQUALS expr

    $end            reduce using rule 16 (expr -> IDENTIFIER DIVIDE_CEIL_ASSIGN expr .)
    CLOSED_BRACKETS reduce using rule 16 (expr -> IDENTIFIER DIVIDE_CEIL_ASSIGN expr .)
    DOT             reduce using rule 16 (expr -> IDENTIFIER DIVIDE_CEIL_ASSIGN expr .)
    COMMA           reduce using rule 16 (expr -> IDENTIFIER DIVIDE_CEIL_ASSIGN expr .)
    RPAREN          reduce using rule 16 (expr -> IDENTIFIER DIVIDE_CEIL_ASSIGN expr .)
    SEMICOLON       reduce using rule 16 (expr -> IDENTIFIER DIVIDE_CEIL_ASSIGN expr .)
    END             reduce using rule 16 (expr -> IDENTIFIER DIVIDE_CEIL_ASSIGN expr .)
    THEN            reduce using rule 16 (expr -> IDENTIFIER DIVIDE_CEIL_ASSIGN expr .)
    WITH            reduce using rule 16 (expr -> IDENTIFIER DIVIDE_CEIL_ASSIGN expr .)
    COLON           reduce using rule 16 (expr -> IDENTIFIER DIVIDE_CEIL_ASSIGN expr .)
    IN              reduce using rule 16 (expr -> IDENTIFIER DIVIDE_CEIL_ASSIGN expr .)
    LOOPTHEN        reduce using rule 16 (expr -> IDENTIFIER DIVIDE_CEIL_ASSIGN expr .)
    ELSE            reduce using rule 16 (expr -> IDENTIFIER DIVIDE_CEIL_ASSIGN expr .)
    ARROW           shift and go to state 31
    OPEN_BRACKETS   shift and go to state 32
    LPAREN          shift and go to state 34
    CONS            shift and go to state 35
    PLUS            shift and go to state 33
    MINUS           shift and go to state 36
    EXP             shift and go to state 37
    MOD             shift and go to state 38
    IMAG            shift and go to state 39
    POWER           shift and go to state 40
    TIMES           shift and go to state 41
    DIVIDE_CEIL     shift and go to state 42
    DIVIDE_FLOOR    shift and go to state 43
    DIVIDE          shift and go to state 44
    AND             shift and go to state 45
    XOR             shift and go to state 46
    OR              shift and go to state 47
    EQUALS          shift and go to state 48
    GREATER_EQUALS  shift and go to state 49
    UNEQUALS        shift and go to state 50
    GREATER_THAN    shift and go to state 51
    SMALLER_THAN    shift and go to state 52
    SMALLER_EQUALS  shift and go to state 53

  ! ARROW           [ reduce using rule 16 (expr -> IDENTIFIER DIVIDE_CEIL_ASSIGN expr .) ]
  ! OPEN_BRACKETS   [ reduce using rule 16 (expr -> IDENTIFIER DIVIDE_CEIL_ASSIGN expr .) ]
  ! LPAREN          [ reduce using rule 16 (expr -> IDENTIFIER DIVIDE_CEIL_ASSIGN expr .) ]
  ! CONS            [ reduce using rule 16 (expr -> IDENTIFIER DIVIDE_CEIL_ASSIGN expr .) ]
  ! PLUS            [ reduce using rule 16 (expr -> IDENTIFIER DIVIDE_CEIL_ASSIGN expr .) ]
  ! MINUS           [ reduce using rule 16 (expr -> IDENTIFIER DIVIDE_CEIL_ASSIGN expr .) ]
  ! EXP             [ reduce using rule 16 (expr -> IDENTIFIER DIVIDE_CEIL_ASSIGN expr .) ]
  ! MOD             [ reduce using rule 16 (expr -> IDENTIFIER DIVIDE_CEIL_ASSIGN expr .) ]
  ! IMAG            [ reduce using rule 16 (expr -> IDENTIFIER DIVIDE_CEIL_ASSIGN expr .) ]
  ! POWER           [ reduce using rule 16 (expr -> IDENTIFIER DIVIDE_CEIL_ASSIGN expr .) ]
  ! TIMES           [ reduce using rule 16 (expr -> IDENTIFIER DIVIDE_CEIL_ASSIGN expr .) ]
  ! DIVIDE_CEIL     [ reduce using rule 16 (expr -> IDENTIFIER DIVIDE_CEIL_ASSIGN expr .) ]
  ! DIVIDE_FLOOR    [ reduce using rule 16 (expr -> IDENTIFIER DIVIDE_CEIL_ASSIGN expr .) ]
  ! DIVIDE          [ reduce using rule 16 (expr -> IDENTIFIER DIVIDE_CEIL_ASSIGN expr .) ]
  ! AND             [ reduce using rule 16 (expr -> IDENTIFIER DIVIDE_CEIL_ASSIGN expr .) ]
  ! XOR             [ reduce using rule 16 (expr -> IDENTIFIER DIVIDE_CEIL_ASSIGN expr .) ]
  ! OR              [ reduce using rule 16 (expr -> IDENTIFIER DIVIDE_CEIL_ASSIGN expr .) ]
  ! EQUALS          [ reduce using rule 16 (expr -> IDENTIFIER DIVIDE_CEIL_ASSIGN expr .) ]
  ! GREATER_EQUALS  [ reduce using rule 16 (expr -> IDENTIFIER DIVIDE_CEIL_ASSIGN expr .) ]
  ! UNEQUALS        [ reduce using rule 16 (expr -> IDENTIFIER DIVIDE_CEIL_ASSIGN expr .) ]
  ! GREATER_THAN    [ reduce using rule 16 (expr -> IDENTIFIER DIVIDE_CEIL_ASSIGN expr .) ]
  ! SMALLER_THAN    [ reduce using rule 16 (expr -> IDENTIFIER DIVIDE_CEIL_ASSIGN expr .) ]
  ! SMALLER_EQUALS  [ reduce using rule 16 (expr -> IDENTIFIER DIVIDE_CEIL_ASSIGN expr .) ]


state 162

    (17) expr -> IDENTIFIER DIVIDE_FLOOR_ASSIGN expr .
    (1) expr -> expr . ARROW expr
    (2) expr -> expr . OPEN_BRACKETS PLUS CLOSED_BRACKETS
    (3) expr -> expr . OPEN_BRACKETS expr CLOSED_BRACKETS
    (26) expr -> expr . LPAREN para_expr RPAREN
    (41) expr -> expr . CONS expr
    (46) expr -> expr . PLUS expr
    (47) expr -> expr . MINUS expr
    (48) expr -> expr . EXP expr
    (49) expr -> expr . MOD expr
    (53) expr -> expr . IMAG
    (58) expr -> expr . POWER expr
    (65) expr -> expr . TIMES expr
    (66) expr -> expr . DIVIDE_CEIL expr
    (67) expr -> expr . DIVIDE_FLOOR expr
    (68) expr -> expr . DIVIDE expr
    (69) expr -> expr . AND expr
    (70) expr -> expr . XOR expr
    (71) expr -> expr . OR expr
    (29) comp -> expr . EQUALS expr
    (31) comp -> expr . GREATER_EQUALS expr
    (33) comp -> expr . UNEQUALS expr
    (35) comp -> expr . GREATER_THAN expr
    (37) comp -> expr . SMALLER_THAN expr
    (39) comp -> expr . SMALLER_EQUALS expr

    $end            reduce using rule 17 (expr -> IDENTIFIER DIVIDE_FLOOR_ASSIGN expr .)
    CLOSED_BRACKETS reduce using rule 17 (expr -> IDENTIFIER DIVIDE_FLOOR_ASSIGN expr .)
    DOT             reduce using rule 17 (expr -> IDENTIFIER DIVIDE_FLOOR_ASSIGN expr .)
    COMMA           reduce using rule 17 (expr -> IDENTIFIER DIVIDE_FLOOR_ASSIGN expr .)
    RPAREN          reduce using rule 17 (expr -> IDENTIFIER DIVIDE_FLOOR_ASSIGN expr .)
    SEMICOLON       reduce using rule 17 (expr -> IDENTIFIER DIVIDE_FLOOR_ASSIGN expr .)
    END             reduce using rule 17 (expr -> IDENTIFIER DIVIDE_FLOOR_ASSIGN expr .)
    THEN            reduce using rule 17 (expr -> IDENTIFIER DIVIDE_FLOOR_ASSIGN expr .)
    WITH            reduce using rule 17 (expr -> IDENTIFIER DIVIDE_FLOOR_ASSIGN expr .)
    COLON           reduce using rule 17 (expr -> IDENTIFIER DIVIDE_FLOOR_ASSIGN expr .)
    IN              reduce using rule 17 (expr -> IDENTIFIER DIVIDE_FLOOR_ASSIGN expr .)
    LOOPTHEN        reduce using rule 17 (expr -> IDENTIFIER DIVIDE_FLOOR_ASSIGN expr .)
    ELSE            reduce using rule 17 (expr -> IDENTIFIER DIVIDE_FLOOR_ASSIGN expr .)
    ARROW           shift and go to state 31
    OPEN_BRACKETS   shift and go to state 32
    LPAREN          shift and go to state 34
    CONS            shift and go to state 35
    PLUS            shift and go to state 33
    MINUS           shift and go to state 36
    EXP             shift and go to state 37
    MOD             shift and go to state 38
    IMAG            shift and go to state 39
    POWER           shift and go to state 40
    TIMES           shift and go to state 41
    DIVIDE_CEIL     shift and go to state 42
    DIVIDE_FLOOR    shift and go to state 43
    DIVIDE          shift and go to state 44
    AND             shift and go to state 45
    XOR             shift and go to state 46
    OR              shift and go to state 47
    EQUALS          shift and go to state 48
    GREATER_EQUALS  shift and go to state 49
    UNEQUALS        shift and go to state 50
    GREATER_THAN    shift and go to state 51
    SMALLER_THAN    shift and go to state 52
    SMALLER_EQUALS  shift and go to state 53

  ! ARROW           [ reduce using rule 17 (expr -> IDENTIFIER DIVIDE_FLOOR_ASSIGN expr .) ]
  ! OPEN_BRACKETS   [ reduce using rule 17 (expr -> IDENTIFIER DIVIDE_FLOOR_ASSIGN expr .) ]
  ! LPAREN          [ reduce using rule 17 (expr -> IDENTIFIER DIVIDE_FLOOR_ASSIGN expr .) ]
  ! CONS            [ reduce using rule 17 (expr -> IDENTIFIER DIVIDE_FLOOR_ASSIGN expr .) ]
  ! PLUS            [ reduce using rule 17 (expr -> IDENTIFIER DIVIDE_FLOOR_ASSIGN expr .) ]
  ! MINUS           [ reduce using rule 17 (expr -> IDENTIFIER DIVIDE_FLOOR_ASSIGN expr .) ]
  ! EXP             [ reduce using rule 17 (expr -> IDENTIFIER DIVIDE_FLOOR_ASSIGN expr .) ]
  ! MOD             [ reduce using rule 17 (expr -> IDENTIFIER DIVIDE_FLOOR_ASSIGN expr .) ]
  ! IMAG            [ reduce using rule 17 (expr -> IDENTIFIER DIVIDE_FLOOR_ASSIGN expr .) ]
  ! POWER           [ reduce using rule 17 (expr -> IDENTIFIER DIVIDE_FLOOR_ASSIGN expr .) ]
  ! TIMES           [ reduce using rule 17 (expr -> IDENTIFIER DIVIDE_FLOOR_ASSIGN expr .) ]
  ! DIVIDE_CEIL     [ reduce using rule 17 (expr -> IDENTIFIER DIVIDE_FLOOR_ASSIGN expr .) ]
  ! DIVIDE_FLOOR    [ reduce using rule 17 (expr -> IDENTIFIER DIVIDE_FLOOR_ASSIGN expr .) ]
  ! DIVIDE          [ reduce using rule 17 (expr -> IDENTIFIER DIVIDE_FLOOR_ASSIGN expr .) ]
  ! AND             [ reduce using rule 17 (expr -> IDENTIFIER DIVIDE_FLOOR_ASSIGN expr .) ]
  ! XOR             [ reduce using rule 17 (expr -> IDENTIFIER DIVIDE_FLOOR_ASSIGN expr .) ]
  ! OR              [ reduce using rule 17 (expr -> IDENTIFIER DIVIDE_FLOOR_ASSIGN expr .) ]
  ! EQUALS          [ reduce using rule 17 (expr -> IDENTIFIER DIVIDE_FLOOR_ASSIGN expr .) ]
  ! GREATER_EQUALS  [ reduce using rule 17 (expr -> IDENTIFIER DIVIDE_FLOOR_ASSIGN expr .) ]
  ! UNEQUALS        [ reduce using rule 17 (expr -> IDENTIFIER DIVIDE_FLOOR_ASSIGN expr .) ]
  ! GREATER_THAN    [ reduce using rule 17 (expr -> IDENTIFIER DIVIDE_FLOOR_ASSIGN expr .) ]
  ! SMALLER_THAN    [ reduce using rule 17 (expr -> IDENTIFIER DIVIDE_FLOOR_ASSIGN expr .) ]
  ! SMALLER_EQUALS  [ reduce using rule 17 (expr -> IDENTIFIER DIVIDE_FLOOR_ASSIGN expr .) ]


state 163

    (18) expr -> IDENTIFIER DIVIDE_ASSIGN expr .
    (1) expr -> expr . ARROW expr
    (2) expr -> expr . OPEN_BRACKETS PLUS CLOSED_BRACKETS
    (3) expr -> expr . OPEN_BRACKETS expr CLOSED_BRACKETS
    (26) expr -> expr . LPAREN para_expr RPAREN
    (41) expr -> expr . CONS expr
    (46) expr -> expr . PLUS expr
    (47) expr -> expr . MINUS expr
    (48) expr -> expr . EXP expr
    (49) expr -> expr . MOD expr
    (53) expr -> expr . IMAG
    (58) expr -> expr . POWER expr
    (65) expr -> expr . TIMES expr
    (66) expr -> expr . DIVIDE_CEIL expr
    (67) expr -> expr . DIVIDE_FLOOR expr
    (68) expr -> expr . DIVIDE expr
    (69) expr -> expr . AND expr
    (70) expr -> expr . XOR expr
    (71) expr -> expr . OR expr
    (29) comp -> expr . EQUALS expr
    (31) comp -> expr . GREATER_EQUALS expr
    (33) comp -> expr . UNEQUALS expr
    (35) comp -> expr . GREATER_THAN expr
    (37) comp -> expr . SMALLER_THAN expr
    (39) comp -> expr . SMALLER_EQUALS expr

    $end            reduce using rule 18 (expr -> IDENTIFIER DIVIDE_ASSIGN expr .)
    CLOSED_BRACKETS reduce using rule 18 (expr -> IDENTIFIER DIVIDE_ASSIGN expr .)
    DOT             reduce using rule 18 (expr -> IDENTIFIER DIVIDE_ASSIGN expr .)
    COMMA           reduce using rule 18 (expr -> IDENTIFIER DIVIDE_ASSIGN expr .)
    RPAREN          reduce using rule 18 (expr -> IDENTIFIER DIVIDE_ASSIGN expr .)
    SEMICOLON       reduce using rule 18 (expr -> IDENTIFIER DIVIDE_ASSIGN expr .)
    END             reduce using rule 18 (expr -> IDENTIFIER DIVIDE_ASSIGN expr .)
    THEN            reduce using rule 18 (expr -> IDENTIFIER DIVIDE_ASSIGN expr .)
    WITH            reduce using rule 18 (expr -> IDENTIFIER DIVIDE_ASSIGN expr .)
    COLON           reduce using rule 18 (expr -> IDENTIFIER DIVIDE_ASSIGN expr .)
    IN              reduce using rule 18 (expr -> IDENTIFIER DIVIDE_ASSIGN expr .)
    LOOPTHEN        reduce using rule 18 (expr -> IDENTIFIER DIVIDE_ASSIGN expr .)
    ELSE            reduce using rule 18 (expr -> IDENTIFIER DIVIDE_ASSIGN expr .)
    ARROW           shift and go to state 31
    OPEN_BRACKETS   shift and go to state 32
    LPAREN          shift and go to state 34
    CONS            shift and go to state 35
    PLUS            shift and go to state 33
    MINUS           shift and go to state 36
    EXP             shift and go to state 37
    MOD             shift and go to state 38
    IMAG            shift and go to state 39
    POWER           shift and go to state 40
    TIMES           shift and go to state 41
    DIVIDE_CEIL     shift and go to state 42
    DIVIDE_FLOOR    shift and go to state 43
    DIVIDE          shift and go to state 44
    AND             shift and go to state 45
    XOR             shift and go to state 46
    OR              shift and go to state 47
    EQUALS          shift and go to state 48
    GREATER_EQUALS  shift and go to state 49
    UNEQUALS        shift and go to state 50
    GREATER_THAN    shift and go to state 51
    SMALLER_THAN    shift and go to state 52
    SMALLER_EQUALS  shift and go to state 53

  ! ARROW           [ reduce using rule 18 (expr -> IDENTIFIER DIVIDE_ASSIGN expr .) ]
  ! OPEN_BRACKETS   [ reduce using rule 18 (expr -> IDENTIFIER DIVIDE_ASSIGN expr .) ]
  ! LPAREN          [ reduce using rule 18 (expr -> IDENTIFIER DIVIDE_ASSIGN expr .) ]
  ! CONS            [ reduce using rule 18 (expr -> IDENTIFIER DIVIDE_ASSIGN expr .) ]
  ! PLUS            [ reduce using rule 18 (expr -> IDENTIFIER DIVIDE_ASSIGN expr .) ]
  ! MINUS           [ reduce using rule 18 (expr -> IDENTIFIER DIVIDE_ASSIGN expr .) ]
  ! EXP             [ reduce using rule 18 (expr -> IDENTIFIER DIVIDE_ASSIGN expr .) ]
  ! MOD             [ reduce using rule 18 (expr -> IDENTIFIER DIVIDE_ASSIGN expr .) ]
  ! IMAG            [ reduce using rule 18 (expr -> IDENTIFIER DIVIDE_ASSIGN expr .) ]
  ! POWER           [ reduce using rule 18 (expr -> IDENTIFIER DIVIDE_ASSIGN expr .) ]
  ! TIMES           [ reduce using rule 18 (expr -> IDENTIFIER DIVIDE_ASSIGN expr .) ]
  ! DIVIDE_CEIL     [ reduce using rule 18 (expr -> IDENTIFIER DIVIDE_ASSIGN expr .) ]
  ! DIVIDE_FLOOR    [ reduce using rule 18 (expr -> IDENTIFIER DIVIDE_ASSIGN expr .) ]
  ! DIVIDE          [ reduce using rule 18 (expr -> IDENTIFIER DIVIDE_ASSIGN expr .) ]
  ! AND             [ reduce using rule 18 (expr -> IDENTIFIER DIVIDE_ASSIGN expr .) ]
  ! XOR             [ reduce using rule 18 (expr -> IDENTIFIER DIVIDE_ASSIGN expr .) ]
  ! OR              [ reduce using rule 18 (expr -> IDENTIFIER DIVIDE_ASSIGN expr .) ]
  ! EQUALS          [ reduce using rule 18 (expr -> IDENTIFIER DIVIDE_ASSIGN expr .) ]
  ! GREATER_EQUALS  [ reduce using rule 18 (expr -> IDENTIFIER DIVIDE_ASSIGN expr .) ]
  ! UNEQUALS        [ reduce using rule 18 (expr -> IDENTIFIER DIVIDE_ASSIGN expr .) ]
  ! GREATER_THAN    [ reduce using rule 18 (expr -> IDENTIFIER DIVIDE_ASSIGN expr .) ]
  ! SMALLER_THAN    [ reduce using rule 18 (expr -> IDENTIFIER DIVIDE_ASSIGN expr .) ]
  ! SMALLER_EQUALS  [ reduce using rule 18 (expr -> IDENTIFIER DIVIDE_ASSIGN expr .) ]


state 164

    (19) expr -> IDENTIFIER EQUALS_ASSIGN expr .
    (1) expr -> expr . ARROW expr
    (2) expr -> expr . OPEN_BRACKETS PLUS CLOSED_BRACKETS
    (3) expr -> expr . OPEN_BRACKETS expr CLOSED_BRACKETS
    (26) expr -> expr . LPAREN para_expr RPAREN
    (41) expr -> expr . CONS expr
    (46) expr -> expr . PLUS expr
    (47) expr -> expr . MINUS expr
    (48) expr -> expr . EXP expr
    (49) expr -> expr . MOD expr
    (53) expr -> expr . IMAG
    (58) expr -> expr . POWER expr
    (65) expr -> expr . TIMES expr
    (66) expr -> expr . DIVIDE_CEIL expr
    (67) expr -> expr . DIVIDE_FLOOR expr
    (68) expr -> expr . DIVIDE expr
    (69) expr -> expr . AND expr
    (70) expr -> expr . XOR expr
    (71) expr -> expr . OR expr
    (29) comp -> expr . EQUALS expr
    (31) comp -> expr . GREATER_EQUALS expr
    (33) comp -> expr . UNEQUALS expr
    (35) comp -> expr . GREATER_THAN expr
    (37) comp -> expr . SMALLER_THAN expr
    (39) comp -> expr . SMALLER_EQUALS expr

    $end            reduce using rule 19 (expr -> IDENTIFIER EQUALS_ASSIGN expr .)
    CLOSED_BRACKETS reduce using rule 19 (expr -> IDENTIFIER EQUALS_ASSIGN expr .)
    DOT             reduce using rule 19 (expr -> IDENTIFIER EQUALS_ASSIGN expr .)
    COMMA           reduce using rule 19 (expr -> IDENTIFIER EQUALS_ASSIGN expr .)
    RPAREN          reduce using rule 19 (expr -> IDENTIFIER EQUALS_ASSIGN expr .)
    SEMICOLON       reduce using rule 19 (expr -> IDENTIFIER EQUALS_ASSIGN expr .)
    END             reduce using rule 19 (expr -> IDENTIFIER EQUALS_ASSIGN expr .)
    THEN            reduce using rule 19 (expr -> IDENTIFIER EQUALS_ASSIGN expr .)
    WITH            reduce using rule 19 (expr -> IDENTIFIER EQUALS_ASSIGN expr .)
    COLON           reduce using rule 19 (expr -> IDENTIFIER EQUALS_ASSIGN expr .)
    IN              reduce using rule 19 (expr -> IDENTIFIER EQUALS_ASSIGN expr .)
    LOOPTHEN        reduce using rule 19 (expr -> IDENTIFIER EQUALS_ASSIGN expr .)
    ELSE            reduce using rule 19 (expr -> IDENTIFIER EQUALS_ASSIGN expr .)
    ARROW           shift and go to state 31
    OPEN_BRACKETS   shift and go to state 32
    LPAREN          shift and go to state 34
    CONS            shift and go to state 35
    PLUS            shift and go to state 33
    MINUS           shift and go to state 36
    EXP             shift and go to state 37
    MOD             shift and go to state 38
    IMAG            shift and go to state 39
    POWER           shift and go to state 40
    TIMES           shift and go to state 41
    DIVIDE_CEIL     shift and go to state 42
    DIVIDE_FLOOR    shift and go to state 43
    DIVIDE          shift and go to state 44
    AND             shift and go to state 45
    XOR             shift and go to state 46
    OR              shift and go to state 47
    EQUALS          shift and go to state 48
    GREATER_EQUALS  shift and go to state 49
    UNEQUALS        shift and go to state 50
    GREATER_THAN    shift and go to state 51
    SMALLER_THAN    shift and go to state 52
    SMALLER_EQUALS  shift and go to state 53

  ! ARROW           [ reduce using rule 19 (expr -> IDENTIFIER EQUALS_ASSIGN expr .) ]
  ! OPEN_BRACKETS   [ reduce using rule 19 (expr -> IDENTIFIER EQUALS_ASSIGN expr .) ]
  ! LPAREN          [ reduce using rule 19 (expr -> IDENTIFIER EQUALS_ASSIGN expr .) ]
  ! CONS            [ reduce using rule 19 (expr -> IDENTIFIER EQUALS_ASSIGN expr .) ]
  ! PLUS            [ reduce using rule 19 (expr -> IDENTIFIER EQUALS_ASSIGN expr .) ]
  ! MINUS           [ reduce using rule 19 (expr -> IDENTIFIER EQUALS_ASSIGN expr .) ]
  ! EXP             [ reduce using rule 19 (expr -> IDENTIFIER EQUALS_ASSIGN expr .) ]
  ! MOD             [ reduce using rule 19 (expr -> IDENTIFIER EQUALS_ASSIGN expr .) ]
  ! IMAG            [ reduce using rule 19 (expr -> IDENTIFIER EQUALS_ASSIGN expr .) ]
  ! POWER           [ reduce using rule 19 (expr -> IDENTIFIER EQUALS_ASSIGN expr .) ]
  ! TIMES           [ reduce using rule 19 (expr -> IDENTIFIER EQUALS_ASSIGN expr .) ]
  ! DIVIDE_CEIL     [ reduce using rule 19 (expr -> IDENTIFIER EQUALS_ASSIGN expr .) ]
  ! DIVIDE_FLOOR    [ reduce using rule 19 (expr -> IDENTIFIER EQUALS_ASSIGN expr .) ]
  ! DIVIDE          [ reduce using rule 19 (expr -> IDENTIFIER EQUALS_ASSIGN expr .) ]
  ! AND             [ reduce using rule 19 (expr -> IDENTIFIER EQUALS_ASSIGN expr .) ]
  ! XOR             [ reduce using rule 19 (expr -> IDENTIFIER EQUALS_ASSIGN expr .) ]
  ! OR              [ reduce using rule 19 (expr -> IDENTIFIER EQUALS_ASSIGN expr .) ]
  ! EQUALS          [ reduce using rule 19 (expr -> IDENTIFIER EQUALS_ASSIGN expr .) ]
  ! GREATER_EQUALS  [ reduce using rule 19 (expr -> IDENTIFIER EQUALS_ASSIGN expr .) ]
  ! UNEQUALS        [ reduce using rule 19 (expr -> IDENTIFIER EQUALS_ASSIGN expr .) ]
  ! GREATER_THAN    [ reduce using rule 19 (expr -> IDENTIFIER EQUALS_ASSIGN expr .) ]
  ! SMALLER_THAN    [ reduce using rule 19 (expr -> IDENTIFIER EQUALS_ASSIGN expr .) ]
  ! SMALLER_EQUALS  [ reduce using rule 19 (expr -> IDENTIFIER EQUALS_ASSIGN expr .) ]


state 165

    (20) expr -> IDENTIFIER UNEQUALS_ASSIGN expr .
    (1) expr -> expr . ARROW expr
    (2) expr -> expr . OPEN_BRACKETS PLUS CLOSED_BRACKETS
    (3) expr -> expr . OPEN_BRACKETS expr CLOSED_BRACKETS
    (26) expr -> expr . LPAREN para_expr RPAREN
    (41) expr -> expr . CONS expr
    (46) expr -> expr . PLUS expr
    (47) expr -> expr . MINUS expr
    (48) expr -> expr . EXP expr
    (49) expr -> expr . MOD expr
    (53) expr -> expr . IMAG
    (58) expr -> expr . POWER expr
    (65) expr -> expr . TIMES expr
    (66) expr -> expr . DIVIDE_CEIL expr
    (67) expr -> expr . DIVIDE_FLOOR expr
    (68) expr -> expr . DIVIDE expr
    (69) expr -> expr . AND expr
    (70) expr -> expr . XOR expr
    (71) expr -> expr . OR expr
    (29) comp -> expr . EQUALS expr
    (31) comp -> expr . GREATER_EQUALS expr
    (33) comp -> expr . UNEQUALS expr
    (35) comp -> expr . GREATER_THAN expr
    (37) comp -> expr . SMALLER_THAN expr
    (39) comp -> expr . SMALLER_EQUALS expr

    $end            reduce using rule 20 (expr -> IDENTIFIER UNEQUALS_ASSIGN expr .)
    CLOSED_BRACKETS reduce using rule 20 (expr -> IDENTIFIER UNEQUALS_ASSIGN expr .)
    DOT             reduce using rule 20 (expr -> IDENTIFIER UNEQUALS_ASSIGN expr .)
    COMMA           reduce using rule 20 (expr -> IDENTIFIER UNEQUALS_ASSIGN expr .)
    RPAREN          reduce using rule 20 (expr -> IDENTIFIER UNEQUALS_ASSIGN expr .)
    SEMICOLON       reduce using rule 20 (expr -> IDENTIFIER UNEQUALS_ASSIGN expr .)
    END             reduce using rule 20 (expr -> IDENTIFIER UNEQUALS_ASSIGN expr .)
    THEN            reduce using rule 20 (expr -> IDENTIFIER UNEQUALS_ASSIGN expr .)
    WITH            reduce using rule 20 (expr -> IDENTIFIER UNEQUALS_ASSIGN expr .)
    COLON           reduce using rule 20 (expr -> IDENTIFIER UNEQUALS_ASSIGN expr .)
    IN              reduce using rule 20 (expr -> IDENTIFIER UNEQUALS_ASSIGN expr .)
    LOOPTHEN        reduce using rule 20 (expr -> IDENTIFIER UNEQUALS_ASSIGN expr .)
    ELSE            reduce using rule 20 (expr -> IDENTIFIER UNEQUALS_ASSIGN expr .)
    ARROW           shift and go to state 31
    OPEN_BRACKETS   shift and go to state 32
    LPAREN          shift and go to state 34
    CONS            shift and go to state 35
    PLUS            shift and go to state 33
    MINUS           shift and go to state 36
    EXP             shift and go to state 37
    MOD             shift and go to state 38
    IMAG            shift and go to state 39
    POWER           shift and go to state 40
    TIMES           shift and go to state 41
    DIVIDE_CEIL     shift and go to state 42
    DIVIDE_FLOOR    shift and go to state 43
    DIVIDE          shift and go to state 44
    AND             shift and go to state 45
    XOR             shift and go to state 46
    OR              shift and go to state 47
    EQUALS          shift and go to state 48
    GREATER_EQUALS  shift and go to state 49
    UNEQUALS        shift and go to state 50
    GREATER_THAN    shift and go to state 51
    SMALLER_THAN    shift and go to state 52
    SMALLER_EQUALS  shift and go to state 53

  ! ARROW           [ reduce using rule 20 (expr -> IDENTIFIER UNEQUALS_ASSIGN expr .) ]
  ! OPEN_BRACKETS   [ reduce using rule 20 (expr -> IDENTIFIER UNEQUALS_ASSIGN expr .) ]
  ! LPAREN          [ reduce using rule 20 (expr -> IDENTIFIER UNEQUALS_ASSIGN expr .) ]
  ! CONS            [ reduce using rule 20 (expr -> IDENTIFIER UNEQUALS_ASSIGN expr .) ]
  ! PLUS            [ reduce using rule 20 (expr -> IDENTIFIER UNEQUALS_ASSIGN expr .) ]
  ! MINUS           [ reduce using rule 20 (expr -> IDENTIFIER UNEQUALS_ASSIGN expr .) ]
  ! EXP             [ reduce using rule 20 (expr -> IDENTIFIER UNEQUALS_ASSIGN expr .) ]
  ! MOD             [ reduce using rule 20 (expr -> IDENTIFIER UNEQUALS_ASSIGN expr .) ]
  ! IMAG            [ reduce using rule 20 (expr -> IDENTIFIER UNEQUALS_ASSIGN expr .) ]
  ! POWER           [ reduce using rule 20 (expr -> IDENTIFIER UNEQUALS_ASSIGN expr .) ]
  ! TIMES           [ reduce using rule 20 (expr -> IDENTIFIER UNEQUALS_ASSIGN expr .) ]
  ! DIVIDE_CEIL     [ reduce using rule 20 (expr -> IDENTIFIER UNEQUALS_ASSIGN expr .) ]
  ! DIVIDE_FLOOR    [ reduce using rule 20 (expr -> IDENTIFIER UNEQUALS_ASSIGN expr .) ]
  ! DIVIDE          [ reduce using rule 20 (expr -> IDENTIFIER UNEQUALS_ASSIGN expr .) ]
  ! AND             [ reduce using rule 20 (expr -> IDENTIFIER UNEQUALS_ASSIGN expr .) ]
  ! XOR             [ reduce using rule 20 (expr -> IDENTIFIER UNEQUALS_ASSIGN expr .) ]
  ! OR              [ reduce using rule 20 (expr -> IDENTIFIER UNEQUALS_ASSIGN expr .) ]
  ! EQUALS          [ reduce using rule 20 (expr -> IDENTIFIER UNEQUALS_ASSIGN expr .) ]
  ! GREATER_EQUALS  [ reduce using rule 20 (expr -> IDENTIFIER UNEQUALS_ASSIGN expr .) ]
  ! UNEQUALS        [ reduce using rule 20 (expr -> IDENTIFIER UNEQUALS_ASSIGN expr .) ]
  ! GREATER_THAN    [ reduce using rule 20 (expr -> IDENTIFIER UNEQUALS_ASSIGN expr .) ]
  ! SMALLER_THAN    [ reduce using rule 20 (expr -> IDENTIFIER UNEQUALS_ASSIGN expr .) ]
  ! SMALLER_EQUALS  [ reduce using rule 20 (expr -> IDENTIFIER UNEQUALS_ASSIGN expr .) ]


state 166

    (21) expr -> IDENTIFIER GREATER_EQUALS_ASSIGN expr .
    (1) expr -> expr . ARROW expr
    (2) expr -> expr . OPEN_BRACKETS PLUS CLOSED_BRACKETS
    (3) expr -> expr . OPEN_BRACKETS expr CLOSED_BRACKETS
    (26) expr -> expr . LPAREN para_expr RPAREN
    (41) expr -> expr . CONS expr
    (46) expr -> expr . PLUS expr
    (47) expr -> expr . MINUS expr
    (48) expr -> expr . EXP expr
    (49) expr -> expr . MOD expr
    (53) expr -> expr . IMAG
    (58) expr -> expr . POWER expr
    (65) expr -> expr . TIMES expr
    (66) expr -> expr . DIVIDE_CEIL expr
    (67) expr -> expr . DIVIDE_FLOOR expr
    (68) expr -> expr . DIVIDE expr
    (69) expr -> expr . AND expr
    (70) expr -> expr . XOR expr
    (71) expr -> expr . OR expr
    (29) comp -> expr . EQUALS expr
    (31) comp -> expr . GREATER_EQUALS expr
    (33) comp -> expr . UNEQUALS expr
    (35) comp -> expr . GREATER_THAN expr
    (37) comp -> expr . SMALLER_THAN expr
    (39) comp -> expr . SMALLER_EQUALS expr

    $end            reduce using rule 21 (expr -> IDENTIFIER GREATER_EQUALS_ASSIGN expr .)
    CLOSED_BRACKETS reduce using rule 21 (expr -> IDENTIFIER GREATER_EQUALS_ASSIGN expr .)
    DOT             reduce using rule 21 (expr -> IDENTIFIER GREATER_EQUALS_ASSIGN expr .)
    COMMA           reduce using rule 21 (expr -> IDENTIFIER GREATER_EQUALS_ASSIGN expr .)
    RPAREN          reduce using rule 21 (expr -> IDENTIFIER GREATER_EQUALS_ASSIGN expr .)
    SEMICOLON       reduce using rule 21 (expr -> IDENTIFIER GREATER_EQUALS_ASSIGN expr .)
    END             reduce using rule 21 (expr -> IDENTIFIER GREATER_EQUALS_ASSIGN expr .)
    THEN            reduce using rule 21 (expr -> IDENTIFIER GREATER_EQUALS_ASSIGN expr .)
    WITH            reduce using rule 21 (expr -> IDENTIFIER GREATER_EQUALS_ASSIGN expr .)
    COLON           reduce using rule 21 (expr -> IDENTIFIER GREATER_EQUALS_ASSIGN expr .)
    IN              reduce using rule 21 (expr -> IDENTIFIER GREATER_EQUALS_ASSIGN expr .)
    LOOPTHEN        reduce using rule 21 (expr -> IDENTIFIER GREATER_EQUALS_ASSIGN expr .)
    ELSE            reduce using rule 21 (expr -> IDENTIFIER GREATER_EQUALS_ASSIGN expr .)
    ARROW           shift and go to state 31
    OPEN_BRACKETS   shift and go to state 32
    LPAREN          shift and go to state 34
    CONS            shift and go to state 35
    PLUS            shift and go to state 33
    MINUS           shift and go to state 36
    EXP             shift and go to state 37
    MOD             shift and go to state 38
    IMAG            shift and go to state 39
    POWER           shift and go to state 40
    TIMES           shift and go to state 41
    DIVIDE_CEIL     shift and go to state 42
    DIVIDE_FLOOR    shift and go to state 43
    DIVIDE          shift and go to state 44
    AND             shift and go to state 45
    XOR             shift and go to state 46
    OR              shift and go to state 47
    EQUALS          shift and go to state 48
    GREATER_EQUALS  shift and go to state 49
    UNEQUALS        shift and go to state 50
    GREATER_THAN    shift and go to state 51
    SMALLER_THAN    shift and go to state 52
    SMALLER_EQUALS  shift and go to state 53

  ! ARROW           [ reduce using rule 21 (expr -> IDENTIFIER GREATER_EQUALS_ASSIGN expr .) ]
  ! OPEN_BRACKETS   [ reduce using rule 21 (expr -> IDENTIFIER GREATER_EQUALS_ASSIGN expr .) ]
  ! LPAREN          [ reduce using rule 21 (expr -> IDENTIFIER GREATER_EQUALS_ASSIGN expr .) ]
  ! CONS            [ reduce using rule 21 (expr -> IDENTIFIER GREATER_EQUALS_ASSIGN expr .) ]
  ! PLUS            [ reduce using rule 21 (expr -> IDENTIFIER GREATER_EQUALS_ASSIGN expr .) ]
  ! MINUS           [ reduce using rule 21 (expr -> IDENTIFIER GREATER_EQUALS_ASSIGN expr .) ]
  ! EXP             [ reduce using rule 21 (expr -> IDENTIFIER GREATER_EQUALS_ASSIGN expr .) ]
  ! MOD             [ reduce using rule 21 (expr -> IDENTIFIER GREATER_EQUALS_ASSIGN expr .) ]
  ! IMAG            [ reduce using rule 21 (expr -> IDENTIFIER GREATER_EQUALS_ASSIGN expr .) ]
  ! POWER           [ reduce using rule 21 (expr -> IDENTIFIER GREATER_EQUALS_ASSIGN expr .) ]
  ! TIMES           [ reduce using rule 21 (expr -> IDENTIFIER GREATER_EQUALS_ASSIGN expr .) ]
  ! DIVIDE_CEIL     [ reduce using rule 21 (expr -> IDENTIFIER GREATER_EQUALS_ASSIGN expr .) ]
  ! DIVIDE_FLOOR    [ reduce using rule 21 (expr -> IDENTIFIER GREATER_EQUALS_ASSIGN expr .) ]
  ! DIVIDE          [ reduce using rule 21 (expr -> IDENTIFIER GREATER_EQUALS_ASSIGN expr .) ]
  ! AND             [ reduce using rule 21 (expr -> IDENTIFIER GREATER_EQUALS_ASSIGN expr .) ]
  ! XOR             [ reduce using rule 21 (expr -> IDENTIFIER GREATER_EQUALS_ASSIGN expr .) ]
  ! OR              [ reduce using rule 21 (expr -> IDENTIFIER GREATER_EQUALS_ASSIGN expr .) ]
  ! EQUALS          [ reduce using rule 21 (expr -> IDENTIFIER GREATER_EQUALS_ASSIGN expr .) ]
  ! GREATER_EQUALS  [ reduce using rule 21 (expr -> IDENTIFIER GREATER_EQUALS_ASSIGN expr .) ]
  ! UNEQUALS        [ reduce using rule 21 (expr -> IDENTIFIER GREATER_EQUALS_ASSIGN expr .) ]
  ! GREATER_THAN    [ reduce using rule 21 (expr -> IDENTIFIER GREATER_EQUALS_ASSIGN expr .) ]
  ! SMALLER_THAN    [ reduce using rule 21 (expr -> IDENTIFIER GREATER_EQUALS_ASSIGN expr .) ]
  ! SMALLER_EQUALS  [ reduce using rule 21 (expr -> IDENTIFIER GREATER_EQUALS_ASSIGN expr .) ]


state 167

    (23) assign_expr -> IDENTIFIER ASSIGN expr .
    (1) expr -> expr . ARROW expr
    (2) expr -> expr . OPEN_BRACKETS PLUS CLOSED_BRACKETS
    (3) expr -> expr . OPEN_BRACKETS expr CLOSED_BRACKETS
    (26) expr -> expr . LPAREN para_expr RPAREN
    (41) expr -> expr . CONS expr
    (46) expr -> expr . PLUS expr
    (47) expr -> expr . MINUS expr
    (48) expr -> expr . EXP expr
    (49) expr -> expr . MOD expr
    (53) expr -> expr . IMAG
    (58) expr -> expr . POWER expr
    (65) expr -> expr . TIMES expr
    (66) expr -> expr . DIVIDE_CEIL expr
    (67) expr -> expr . DIVIDE_FLOOR expr
    (68) expr -> expr . DIVIDE expr
    (69) expr -> expr . AND expr
    (70) expr -> expr . XOR expr
    (71) expr -> expr . OR expr
    (29) comp -> expr . EQUALS expr
    (31) comp -> expr . GREATER_EQUALS expr
    (33) comp -> expr . UNEQUALS expr
    (35) comp -> expr . GREATER_THAN expr
    (37) comp -> expr . SMALLER_THAN expr
    (39) comp -> expr . SMALLER_EQUALS expr

    $end            reduce using rule 23 (assign_expr -> IDENTIFIER ASSIGN expr .)
    CLOSED_BRACKETS reduce using rule 23 (assign_expr -> IDENTIFIER ASSIGN expr .)
    DOT             reduce using rule 23 (assign_expr -> IDENTIFIER ASSIGN expr .)
    COMMA           reduce using rule 23 (assign_expr -> IDENTIFIER ASSIGN expr .)
    RPAREN          reduce using rule 23 (assign_expr -> IDENTIFIER ASSIGN expr .)
    SEMICOLON       reduce using rule 23 (assign_expr -> IDENTIFIER ASSIGN expr .)
    END             reduce using rule 23 (assign_expr -> IDENTIFIER ASSIGN expr .)
    THEN            reduce using rule 23 (assign_expr -> IDENTIFIER ASSIGN expr .)
    WITH            reduce using rule 23 (assign_expr -> IDENTIFIER ASSIGN expr .)
    COLON           reduce using rule 23 (assign_expr -> IDENTIFIER ASSIGN expr .)
    IN              reduce using rule 23 (assign_expr -> IDENTIFIER ASSIGN expr .)
    LOOPTHEN        reduce using rule 23 (assign_expr -> IDENTIFIER ASSIGN expr .)
    ELSE            reduce using rule 23 (assign_expr -> IDENTIFIER ASSIGN expr .)
    ARROW           shift and go to state 31
    OPEN_BRACKETS   shift and go to state 32
    LPAREN          shift and go to state 34
    CONS            shift and go to state 35
    PLUS            shift and go to state 33
    MINUS           shift and go to state 36
    EXP             shift and go to state 37
    MOD             shift and go to state 38
    IMAG            shift and go to state 39
    POWER           shift and go to state 40
    TIMES           shift and go to state 41
    DIVIDE_CEIL     shift and go to state 42
    DIVIDE_FLOOR    shift and go to state 43
    DIVIDE          shift and go to state 44
    AND             shift and go to state 45
    XOR             shift and go to state 46
    OR              shift and go to state 47
    EQUALS          shift and go to state 48
    GREATER_EQUALS  shift and go to state 49
    UNEQUALS        shift and go to state 50
    GREATER_THAN    shift and go to state 51
    SMALLER_THAN    shift and go to state 52
    SMALLER_EQUALS  shift and go to state 53

  ! ARROW           [ reduce using rule 23 (assign_expr -> IDENTIFIER ASSIGN expr .) ]
  ! OPEN_BRACKETS   [ reduce using rule 23 (assign_expr -> IDENTIFIER ASSIGN expr .) ]
  ! LPAREN          [ reduce using rule 23 (assign_expr -> IDENTIFIER ASSIGN expr .) ]
  ! CONS            [ reduce using rule 23 (assign_expr -> IDENTIFIER ASSIGN expr .) ]
  ! PLUS            [ reduce using rule 23 (assign_expr -> IDENTIFIER ASSIGN expr .) ]
  ! MINUS           [ reduce using rule 23 (assign_expr -> IDENTIFIER ASSIGN expr .) ]
  ! EXP             [ reduce using rule 23 (assign_expr -> IDENTIFIER ASSIGN expr .) ]
  ! MOD             [ reduce using rule 23 (assign_expr -> IDENTIFIER ASSIGN expr .) ]
  ! IMAG            [ reduce using rule 23 (assign_expr -> IDENTIFIER ASSIGN expr .) ]
  ! POWER           [ reduce using rule 23 (assign_expr -> IDENTIFIER ASSIGN expr .) ]
  ! TIMES           [ reduce using rule 23 (assign_expr -> IDENTIFIER ASSIGN expr .) ]
  ! DIVIDE_CEIL     [ reduce using rule 23 (assign_expr -> IDENTIFIER ASSIGN expr .) ]
  ! DIVIDE_FLOOR    [ reduce using rule 23 (assign_expr -> IDENTIFIER ASSIGN expr .) ]
  ! DIVIDE          [ reduce using rule 23 (assign_expr -> IDENTIFIER ASSIGN expr .) ]
  ! AND             [ reduce using rule 23 (assign_expr -> IDENTIFIER ASSIGN expr .) ]
  ! XOR             [ reduce using rule 23 (assign_expr -> IDENTIFIER ASSIGN expr .) ]
  ! OR              [ reduce using rule 23 (assign_expr -> IDENTIFIER ASSIGN expr .) ]
  ! EQUALS          [ reduce using rule 23 (assign_expr -> IDENTIFIER ASSIGN expr .) ]
  ! GREATER_EQUALS  [ reduce using rule 23 (assign_expr -> IDENTIFIER ASSIGN expr .) ]
  ! UNEQUALS        [ reduce using rule 23 (assign_expr -> IDENTIFIER ASSIGN expr .) ]
  ! GREATER_THAN    [ reduce using rule 23 (assign_expr -> IDENTIFIER ASSIGN expr .) ]
  ! SMALLER_THAN    [ reduce using rule 23 (assign_expr -> IDENTIFIER ASSIGN expr .) ]
  ! SMALLER_EQUALS  [ reduce using rule 23 (assign_expr -> IDENTIFIER ASSIGN expr .) ]


state 168

    (85) expr -> LPAREN param_list RPAREN .

    ARROW           reduce using rule 85 (expr -> LPAREN param_list RPAREN .)
    OPEN_BRACKETS   reduce using rule 85 (expr -> LPAREN param_list RPAREN .)
    LPAREN          reduce using rule 85 (expr -> LPAREN param_list RPAREN .)
    CONS            reduce using rule 85 (expr -> LPAREN param_list RPAREN .)
    PLUS            reduce using rule 85 (expr -> LPAREN param_list RPAREN .)
    MINUS           reduce using rule 85 (expr -> LPAREN param_list RPAREN .)
    EXP             reduce using rule 85 (expr -> LPAREN param_list RPAREN .)
    MOD             reduce using rule 85 (expr -> LPAREN param_list RPAREN .)
    IMAG            reduce using rule 85 (expr -> LPAREN param_list RPAREN .)
    POWER           reduce using rule 85 (expr -> LPAREN param_list RPAREN .)
    TIMES           reduce using rule 85 (expr -> LPAREN param_list RPAREN .)
    DIVIDE_CEIL     reduce using rule 85 (expr -> LPAREN param_list RPAREN .)
    DIVIDE_FLOOR    reduce using rule 85 (expr -> LPAREN param_list RPAREN .)
    DIVIDE          reduce using rule 85 (expr -> LPAREN param_list RPAREN .)
    AND             reduce using rule 85 (expr -> LPAREN param_list RPAREN .)
    XOR             reduce using rule 85 (expr -> LPAREN param_list RPAREN .)
    OR              reduce using rule 85 (expr -> LPAREN param_list RPAREN .)
    EQUALS          reduce using rule 85 (expr -> LPAREN param_list RPAREN .)
    GREATER_EQUALS  reduce using rule 85 (expr -> LPAREN param_list RPAREN .)
    UNEQUALS        reduce using rule 85 (expr -> LPAREN param_list RPAREN .)
    GREATER_THAN    reduce using rule 85 (expr -> LPAREN param_list RPAREN .)
    SMALLER_THAN    reduce using rule 85 (expr -> LPAREN param_list RPAREN .)
    SMALLER_EQUALS  reduce using rule 85 (expr -> LPAREN param_list RPAREN .)
    $end            reduce using rule 85 (expr -> LPAREN param_list RPAREN .)
    CLOSED_BRACKETS reduce using rule 85 (expr -> LPAREN param_list RPAREN .)
    DOT             reduce using rule 85 (expr -> LPAREN param_list RPAREN .)
    COMMA           reduce using rule 85 (expr -> LPAREN param_list RPAREN .)
    RPAREN          reduce using rule 85 (expr -> LPAREN param_list RPAREN .)
    SEMICOLON       reduce using rule 85 (expr -> LPAREN param_list RPAREN .)
    END             reduce using rule 85 (expr -> LPAREN param_list RPAREN .)
    THEN            reduce using rule 85 (expr -> LPAREN param_list RPAREN .)
    WITH            reduce using rule 85 (expr -> LPAREN param_list RPAREN .)
    COLON           reduce using rule 85 (expr -> LPAREN param_list RPAREN .)
    IN              reduce using rule 85 (expr -> LPAREN param_list RPAREN .)
    LOOPTHEN        reduce using rule 85 (expr -> LPAREN param_list RPAREN .)
    ELSE            reduce using rule 85 (expr -> LPAREN param_list RPAREN .)


state 169

    (115) expr -> LPAREN expr RPAREN .

    ARROW           reduce using rule 115 (expr -> LPAREN expr RPAREN .)
    OPEN_BRACKETS   reduce using rule 115 (expr -> LPAREN expr RPAREN .)
    LPAREN          reduce using rule 115 (expr -> LPAREN expr RPAREN .)
    CONS            reduce using rule 115 (expr -> LPAREN expr RPAREN .)
    PLUS            reduce using rule 115 (expr -> LPAREN expr RPAREN .)
    MINUS           reduce using rule 115 (expr -> LPAREN expr RPAREN .)
    EXP             reduce using rule 115 (expr -> LPAREN expr RPAREN .)
    MOD             reduce using rule 115 (expr -> LPAREN expr RPAREN .)
    IMAG            reduce using rule 115 (expr -> LPAREN expr RPAREN .)
    POWER           reduce using rule 115 (expr -> LPAREN expr RPAREN .)
    TIMES           reduce using rule 115 (expr -> LPAREN expr RPAREN .)
    DIVIDE_CEIL     reduce using rule 115 (expr -> LPAREN expr RPAREN .)
    DIVIDE_FLOOR    reduce using rule 115 (expr -> LPAREN expr RPAREN .)
    DIVIDE          reduce using rule 115 (expr -> LPAREN expr RPAREN .)
    AND             reduce using rule 115 (expr -> LPAREN expr RPAREN .)
    XOR             reduce using rule 115 (expr -> LPAREN expr RPAREN .)
    OR              reduce using rule 115 (expr -> LPAREN expr RPAREN .)
    EQUALS          reduce using rule 115 (expr -> LPAREN expr RPAREN .)
    GREATER_EQUALS  reduce using rule 115 (expr -> LPAREN expr RPAREN .)
    UNEQUALS        reduce using rule 115 (expr -> LPAREN expr RPAREN .)
    GREATER_THAN    reduce using rule 115 (expr -> LPAREN expr RPAREN .)
    SMALLER_THAN    reduce using rule 115 (expr -> LPAREN expr RPAREN .)
    SMALLER_EQUALS  reduce using rule 115 (expr -> LPAREN expr RPAREN .)
    $end            reduce using rule 115 (expr -> LPAREN expr RPAREN .)
    CLOSED_BRACKETS reduce using rule 115 (expr -> LPAREN expr RPAREN .)
    DOT             reduce using rule 115 (expr -> LPAREN expr RPAREN .)
    COMMA           reduce using rule 115 (expr -> LPAREN expr RPAREN .)
    RPAREN          reduce using rule 115 (expr -> LPAREN expr RPAREN .)
    SEMICOLON       reduce using rule 115 (expr -> LPAREN expr RPAREN .)
    END             reduce using rule 115 (expr -> LPAREN expr RPAREN .)
    THEN            reduce using rule 115 (expr -> LPAREN expr RPAREN .)
    WITH            reduce using rule 115 (expr -> LPAREN expr RPAREN .)
    COLON           reduce using rule 115 (expr -> LPAREN expr RPAREN .)
    IN              reduce using rule 115 (expr -> LPAREN expr RPAREN .)
    LOOPTHEN        reduce using rule 115 (expr -> LPAREN expr RPAREN .)
    ELSE            reduce using rule 115 (expr -> LPAREN expr RPAREN .)


state 170

    (125) type -> LPAREN type_arg RPAREN . ARROW type

    ARROW           shift and go to state 213


state 171

    (128) type_arg -> type COMMA . type_arg
    (128) type_arg -> . type COMMA type_arg
    (129) type_arg -> . type
    (121) type -> . T_INT
    (122) type -> . T_FLOAT
    (123) type -> . T_STRING
    (124) type -> . T_COMPLEX
    (125) type -> . LPAREN type_arg RPAREN ARROW type
    (126) type -> . type ARROW type
    (127) type -> . OPEN_BRACKETS CLOSED_BRACKETS type

    T_INT           shift and go to state 27
    T_FLOAT         shift and go to state 28
    T_STRING        shift and go to state 29
    T_COMPLEX       shift and go to state 30
    LPAREN          shift and go to state 96
    OPEN_BRACKETS   shift and go to state 97

    type                           shift and go to state 182
    type_arg                       shift and go to state 214

state 172

    (30) comp -> comp EQUALS expr .
    (1) expr -> expr . ARROW expr
    (2) expr -> expr . OPEN_BRACKETS PLUS CLOSED_BRACKETS
    (3) expr -> expr . OPEN_BRACKETS expr CLOSED_BRACKETS
    (26) expr -> expr . LPAREN para_expr RPAREN
    (41) expr -> expr . CONS expr
    (46) expr -> expr . PLUS expr
    (47) expr -> expr . MINUS expr
    (48) expr -> expr . EXP expr
    (49) expr -> expr . MOD expr
    (53) expr -> expr . IMAG
    (58) expr -> expr . POWER expr
    (65) expr -> expr . TIMES expr
    (66) expr -> expr . DIVIDE_CEIL expr
    (67) expr -> expr . DIVIDE_FLOOR expr
    (68) expr -> expr . DIVIDE expr
    (69) expr -> expr . AND expr
    (70) expr -> expr . XOR expr
    (71) expr -> expr . OR expr
    (29) comp -> expr . EQUALS expr
    (31) comp -> expr . GREATER_EQUALS expr
    (33) comp -> expr . UNEQUALS expr
    (35) comp -> expr . GREATER_THAN expr
    (37) comp -> expr . SMALLER_THAN expr
    (39) comp -> expr . SMALLER_EQUALS expr

    AND             reduce using rule 30 (comp -> comp EQUALS expr .)
    XOR             reduce using rule 30 (comp -> comp EQUALS expr .)
    OR              reduce using rule 30 (comp -> comp EQUALS expr .)
    $end            reduce using rule 30 (comp -> comp EQUALS expr .)
    CLOSED_BRACKETS reduce using rule 30 (comp -> comp EQUALS expr .)
    DOT             reduce using rule 30 (comp -> comp EQUALS expr .)
    COMMA           reduce using rule 30 (comp -> comp EQUALS expr .)
    RPAREN          reduce using rule 30 (comp -> comp EQUALS expr .)
    SEMICOLON       reduce using rule 30 (comp -> comp EQUALS expr .)
    END             reduce using rule 30 (comp -> comp EQUALS expr .)
    THEN            reduce using rule 30 (comp -> comp EQUALS expr .)
    WITH            reduce using rule 30 (comp -> comp EQUALS expr .)
    COLON           reduce using rule 30 (comp -> comp EQUALS expr .)
    IN              reduce using rule 30 (comp -> comp EQUALS expr .)
    LOOPTHEN        reduce using rule 30 (comp -> comp EQUALS expr .)
    ELSE            reduce using rule 30 (comp -> comp EQUALS expr .)
    ARROW           shift and go to state 31
    OPEN_BRACKETS   shift and go to state 32
    LPAREN          shift and go to state 34
    CONS            shift and go to state 35
    PLUS            shift and go to state 33
    MINUS           shift and go to state 36
    EXP             shift and go to state 37
    MOD             shift and go to state 38
    IMAG            shift and go to state 39
    POWER           shift and go to state 40
    TIMES           shift and go to state 41
    DIVIDE_CEIL     shift and go to state 42
    DIVIDE_FLOOR    shift and go to state 43
    DIVIDE          shift and go to state 44
    EQUALS          shift and go to state 48
    GREATER_EQUALS  shift and go to state 49
    UNEQUALS        shift and go to state 50
    GREATER_THAN    shift and go to state 51
    SMALLER_THAN    shift and go to state 52
    SMALLER_EQUALS  shift and go to state 53

  ! EQUALS          [ reduce using rule 30 (comp -> comp EQUALS expr .) ]
  ! GREATER_EQUALS  [ reduce using rule 30 (comp -> comp EQUALS expr .) ]
  ! UNEQUALS        [ reduce using rule 30 (comp -> comp EQUALS expr .) ]
  ! GREATER_THAN    [ reduce using rule 30 (comp -> comp EQUALS expr .) ]
  ! SMALLER_THAN    [ reduce using rule 30 (comp -> comp EQUALS expr .) ]
  ! SMALLER_EQUALS  [ reduce using rule 30 (comp -> comp EQUALS expr .) ]
  ! ARROW           [ reduce using rule 30 (comp -> comp EQUALS expr .) ]
  ! OPEN_BRACKETS   [ reduce using rule 30 (comp -> comp EQUALS expr .) ]
  ! LPAREN          [ reduce using rule 30 (comp -> comp EQUALS expr .) ]
  ! CONS            [ reduce using rule 30 (comp -> comp EQUALS expr .) ]
  ! PLUS            [ reduce using rule 30 (comp -> comp EQUALS expr .) ]
  ! MINUS           [ reduce using rule 30 (comp -> comp EQUALS expr .) ]
  ! EXP             [ reduce using rule 30 (comp -> comp EQUALS expr .) ]
  ! MOD             [ reduce using rule 30 (comp -> comp EQUALS expr .) ]
  ! IMAG            [ reduce using rule 30 (comp -> comp EQUALS expr .) ]
  ! POWER           [ reduce using rule 30 (comp -> comp EQUALS expr .) ]
  ! TIMES           [ reduce using rule 30 (comp -> comp EQUALS expr .) ]
  ! DIVIDE_CEIL     [ reduce using rule 30 (comp -> comp EQUALS expr .) ]
  ! DIVIDE_FLOOR    [ reduce using rule 30 (comp -> comp EQUALS expr .) ]
  ! DIVIDE          [ reduce using rule 30 (comp -> comp EQUALS expr .) ]
  ! AND             [ shift and go to state 45 ]
  ! XOR             [ shift and go to state 46 ]
  ! OR              [ shift and go to state 47 ]


state 173

    (32) comp -> comp GREATER_EQUALS expr .
    (1) expr -> expr . ARROW expr
    (2) expr -> expr . OPEN_BRACKETS PLUS CLOSED_BRACKETS
    (3) expr -> expr . OPEN_BRACKETS expr CLOSED_BRACKETS
    (26) expr -> expr . LPAREN para_expr RPAREN
    (41) expr -> expr . CONS expr
    (46) expr -> expr . PLUS expr
    (47) expr -> expr . MINUS expr
    (48) expr -> expr . EXP expr
    (49) expr -> expr . MOD expr
    (53) expr -> expr . IMAG
    (58) expr -> expr . POWER expr
    (65) expr -> expr . TIMES expr
    (66) expr -> expr . DIVIDE_CEIL expr
    (67) expr -> expr . DIVIDE_FLOOR expr
    (68) expr -> expr . DIVIDE expr
    (69) expr -> expr . AND expr
    (70) expr -> expr . XOR expr
    (71) expr -> expr . OR expr
    (29) comp -> expr . EQUALS expr
    (31) comp -> expr . GREATER_EQUALS expr
    (33) comp -> expr . UNEQUALS expr
    (35) comp -> expr . GREATER_THAN expr
    (37) comp -> expr . SMALLER_THAN expr
    (39) comp -> expr . SMALLER_EQUALS expr

    AND             reduce using rule 32 (comp -> comp GREATER_EQUALS expr .)
    XOR             reduce using rule 32 (comp -> comp GREATER_EQUALS expr .)
    OR              reduce using rule 32 (comp -> comp GREATER_EQUALS expr .)
    $end            reduce using rule 32 (comp -> comp GREATER_EQUALS expr .)
    CLOSED_BRACKETS reduce using rule 32 (comp -> comp GREATER_EQUALS expr .)
    DOT             reduce using rule 32 (comp -> comp GREATER_EQUALS expr .)
    COMMA           reduce using rule 32 (comp -> comp GREATER_EQUALS expr .)
    RPAREN          reduce using rule 32 (comp -> comp GREATER_EQUALS expr .)
    SEMICOLON       reduce using rule 32 (comp -> comp GREATER_EQUALS expr .)
    END             reduce using rule 32 (comp -> comp GREATER_EQUALS expr .)
    THEN            reduce using rule 32 (comp -> comp GREATER_EQUALS expr .)
    WITH            reduce using rule 32 (comp -> comp GREATER_EQUALS expr .)
    COLON           reduce using rule 32 (comp -> comp GREATER_EQUALS expr .)
    IN              reduce using rule 32 (comp -> comp GREATER_EQUALS expr .)
    LOOPTHEN        reduce using rule 32 (comp -> comp GREATER_EQUALS expr .)
    ELSE            reduce using rule 32 (comp -> comp GREATER_EQUALS expr .)
    ARROW           shift and go to state 31
    OPEN_BRACKETS   shift and go to state 32
    LPAREN          shift and go to state 34
    CONS            shift and go to state 35
    PLUS            shift and go to state 33
    MINUS           shift and go to state 36
    EXP             shift and go to state 37
    MOD             shift and go to state 38
    IMAG            shift and go to state 39
    POWER           shift and go to state 40
    TIMES           shift and go to state 41
    DIVIDE_CEIL     shift and go to state 42
    DIVIDE_FLOOR    shift and go to state 43
    DIVIDE          shift and go to state 44
    EQUALS          shift and go to state 48
    GREATER_EQUALS  shift and go to state 49
    UNEQUALS        shift and go to state 50
    GREATER_THAN    shift and go to state 51
    SMALLER_THAN    shift and go to state 52
    SMALLER_EQUALS  shift and go to state 53

  ! EQUALS          [ reduce using rule 32 (comp -> comp GREATER_EQUALS expr .) ]
  ! GREATER_EQUALS  [ reduce using rule 32 (comp -> comp GREATER_EQUALS expr .) ]
  ! UNEQUALS        [ reduce using rule 32 (comp -> comp GREATER_EQUALS expr .) ]
  ! GREATER_THAN    [ reduce using rule 32 (comp -> comp GREATER_EQUALS expr .) ]
  ! SMALLER_THAN    [ reduce using rule 32 (comp -> comp GREATER_EQUALS expr .) ]
  ! SMALLER_EQUALS  [ reduce using rule 32 (comp -> comp GREATER_EQUALS expr .) ]
  ! ARROW           [ reduce using rule 32 (comp -> comp GREATER_EQUALS expr .) ]
  ! OPEN_BRACKETS   [ reduce using rule 32 (comp -> comp GREATER_EQUALS expr .) ]
  ! LPAREN          [ reduce using rule 32 (comp -> comp GREATER_EQUALS expr .) ]
  ! CONS            [ reduce using rule 32 (comp -> comp GREATER_EQUALS expr .) ]
  ! PLUS            [ reduce using rule 32 (comp -> comp GREATER_EQUALS expr .) ]
  ! MINUS           [ reduce using rule 32 (comp -> comp GREATER_EQUALS expr .) ]
  ! EXP             [ reduce using rule 32 (comp -> comp GREATER_EQUALS expr .) ]
  ! MOD             [ reduce using rule 32 (comp -> comp GREATER_EQUALS expr .) ]
  ! IMAG            [ reduce using rule 32 (comp -> comp GREATER_EQUALS expr .) ]
  ! POWER           [ reduce using rule 32 (comp -> comp GREATER_EQUALS expr .) ]
  ! TIMES           [ reduce using rule 32 (comp -> comp GREATER_EQUALS expr .) ]
  ! DIVIDE_CEIL     [ reduce using rule 32 (comp -> comp GREATER_EQUALS expr .) ]
  ! DIVIDE_FLOOR    [ reduce using rule 32 (comp -> comp GREATER_EQUALS expr .) ]
  ! DIVIDE          [ reduce using rule 32 (comp -> comp GREATER_EQUALS expr .) ]
  ! AND             [ shift and go to state 45 ]
  ! XOR             [ shift and go to state 46 ]
  ! OR              [ shift and go to state 47 ]


state 174

    (34) comp -> comp UNEQUALS expr .
    (1) expr -> expr . ARROW expr
    (2) expr -> expr . OPEN_BRACKETS PLUS CLOSED_BRACKETS
    (3) expr -> expr . OPEN_BRACKETS expr CLOSED_BRACKETS
    (26) expr -> expr . LPAREN para_expr RPAREN
    (41) expr -> expr . CONS expr
    (46) expr -> expr . PLUS expr
    (47) expr -> expr . MINUS expr
    (48) expr -> expr . EXP expr
    (49) expr -> expr . MOD expr
    (53) expr -> expr . IMAG
    (58) expr -> expr . POWER expr
    (65) expr -> expr . TIMES expr
    (66) expr -> expr . DIVIDE_CEIL expr
    (67) expr -> expr . DIVIDE_FLOOR expr
    (68) expr -> expr . DIVIDE expr
    (69) expr -> expr . AND expr
    (70) expr -> expr . XOR expr
    (71) expr -> expr . OR expr
    (29) comp -> expr . EQUALS expr
    (31) comp -> expr . GREATER_EQUALS expr
    (33) comp -> expr . UNEQUALS expr
    (35) comp -> expr . GREATER_THAN expr
    (37) comp -> expr . SMALLER_THAN expr
    (39) comp -> expr . SMALLER_EQUALS expr

    AND             reduce using rule 34 (comp -> comp UNEQUALS expr .)
    XOR             reduce using rule 34 (comp -> comp UNEQUALS expr .)
    OR              reduce using rule 34 (comp -> comp UNEQUALS expr .)
    $end            reduce using rule 34 (comp -> comp UNEQUALS expr .)
    CLOSED_BRACKETS reduce using rule 34 (comp -> comp UNEQUALS expr .)
    DOT             reduce using rule 34 (comp -> comp UNEQUALS expr .)
    COMMA           reduce using rule 34 (comp -> comp UNEQUALS expr .)
    RPAREN          reduce using rule 34 (comp -> comp UNEQUALS expr .)
    SEMICOLON       reduce using rule 34 (comp -> comp UNEQUALS expr .)
    END             reduce using rule 34 (comp -> comp UNEQUALS expr .)
    THEN            reduce using rule 34 (comp -> comp UNEQUALS expr .)
    WITH            reduce using rule 34 (comp -> comp UNEQUALS expr .)
    COLON           reduce using rule 34 (comp -> comp UNEQUALS expr .)
    IN              reduce using rule 34 (comp -> comp UNEQUALS expr .)
    LOOPTHEN        reduce using rule 34 (comp -> comp UNEQUALS expr .)
    ELSE            reduce using rule 34 (comp -> comp UNEQUALS expr .)
    ARROW           shift and go to state 31
    OPEN_BRACKETS   shift and go to state 32
    LPAREN          shift and go to state 34
    CONS            shift and go to state 35
    PLUS            shift and go to state 33
    MINUS           shift and go to state 36
    EXP             shift and go to state 37
    MOD             shift and go to state 38
    IMAG            shift and go to state 39
    POWER           shift and go to state 40
    TIMES           shift and go to state 41
    DIVIDE_CEIL     shift and go to state 42
    DIVIDE_FLOOR    shift and go to state 43
    DIVIDE          shift and go to state 44
    EQUALS          shift and go to state 48
    GREATER_EQUALS  shift and go to state 49
    UNEQUALS        shift and go to state 50
    GREATER_THAN    shift and go to state 51
    SMALLER_THAN    shift and go to state 52
    SMALLER_EQUALS  shift and go to state 53

  ! EQUALS          [ reduce using rule 34 (comp -> comp UNEQUALS expr .) ]
  ! GREATER_EQUALS  [ reduce using rule 34 (comp -> comp UNEQUALS expr .) ]
  ! UNEQUALS        [ reduce using rule 34 (comp -> comp UNEQUALS expr .) ]
  ! GREATER_THAN    [ reduce using rule 34 (comp -> comp UNEQUALS expr .) ]
  ! SMALLER_THAN    [ reduce using rule 34 (comp -> comp UNEQUALS expr .) ]
  ! SMALLER_EQUALS  [ reduce using rule 34 (comp -> comp UNEQUALS expr .) ]
  ! ARROW           [ reduce using rule 34 (comp -> comp UNEQUALS expr .) ]
  ! OPEN_BRACKETS   [ reduce using rule 34 (comp -> comp UNEQUALS expr .) ]
  ! LPAREN          [ reduce using rule 34 (comp -> comp UNEQUALS expr .) ]
  ! CONS            [ reduce using rule 34 (comp -> comp UNEQUALS expr .) ]
  ! PLUS            [ reduce using rule 34 (comp -> comp UNEQUALS expr .) ]
  ! MINUS           [ reduce using rule 34 (comp -> comp UNEQUALS expr .) ]
  ! EXP             [ reduce using rule 34 (comp -> comp UNEQUALS expr .) ]
  ! MOD             [ reduce using rule 34 (comp -> comp UNEQUALS expr .) ]
  ! IMAG            [ reduce using rule 34 (comp -> comp UNEQUALS expr .) ]
  ! POWER           [ reduce using rule 34 (comp -> comp UNEQUALS expr .) ]
  ! TIMES           [ reduce using rule 34 (comp -> comp UNEQUALS expr .) ]
  ! DIVIDE_CEIL     [ reduce using rule 34 (comp -> comp UNEQUALS expr .) ]
  ! DIVIDE_FLOOR    [ reduce using rule 34 (comp -> comp UNEQUALS expr .) ]
  ! DIVIDE          [ reduce using rule 34 (comp -> comp UNEQUALS expr .) ]
  ! AND             [ shift and go to state 45 ]
  ! XOR             [ shift and go to state 46 ]
  ! OR              [ shift and go to state 47 ]


state 175

    (36) comp -> comp GREATER_THAN expr .
    (1) expr -> expr . ARROW expr
    (2) expr -> expr . OPEN_BRACKETS PLUS CLOSED_BRACKETS
    (3) expr -> expr . OPEN_BRACKETS expr CLOSED_BRACKETS
    (26) expr -> expr . LPAREN para_expr RPAREN
    (41) expr -> expr . CONS expr
    (46) expr -> expr . PLUS expr
    (47) expr -> expr . MINUS expr
    (48) expr -> expr . EXP expr
    (49) expr -> expr . MOD expr
    (53) expr -> expr . IMAG
    (58) expr -> expr . POWER expr
    (65) expr -> expr . TIMES expr
    (66) expr -> expr . DIVIDE_CEIL expr
    (67) expr -> expr . DIVIDE_FLOOR expr
    (68) expr -> expr . DIVIDE expr
    (69) expr -> expr . AND expr
    (70) expr -> expr . XOR expr
    (71) expr -> expr . OR expr
    (29) comp -> expr . EQUALS expr
    (31) comp -> expr . GREATER_EQUALS expr
    (33) comp -> expr . UNEQUALS expr
    (35) comp -> expr . GREATER_THAN expr
    (37) comp -> expr . SMALLER_THAN expr
    (39) comp -> expr . SMALLER_EQUALS expr

    AND             reduce using rule 36 (comp -> comp GREATER_THAN expr .)
    XOR             reduce using rule 36 (comp -> comp GREATER_THAN expr .)
    OR              reduce using rule 36 (comp -> comp GREATER_THAN expr .)
    $end            reduce using rule 36 (comp -> comp GREATER_THAN expr .)
    CLOSED_BRACKETS reduce using rule 36 (comp -> comp GREATER_THAN expr .)
    DOT             reduce using rule 36 (comp -> comp GREATER_THAN expr .)
    COMMA           reduce using rule 36 (comp -> comp GREATER_THAN expr .)
    RPAREN          reduce using rule 36 (comp -> comp GREATER_THAN expr .)
    SEMICOLON       reduce using rule 36 (comp -> comp GREATER_THAN expr .)
    END             reduce using rule 36 (comp -> comp GREATER_THAN expr .)
    THEN            reduce using rule 36 (comp -> comp GREATER_THAN expr .)
    WITH            reduce using rule 36 (comp -> comp GREATER_THAN expr .)
    COLON           reduce using rule 36 (comp -> comp GREATER_THAN expr .)
    IN              reduce using rule 36 (comp -> comp GREATER_THAN expr .)
    LOOPTHEN        reduce using rule 36 (comp -> comp GREATER_THAN expr .)
    ELSE            reduce using rule 36 (comp -> comp GREATER_THAN expr .)
    ARROW           shift and go to state 31
    OPEN_BRACKETS   shift and go to state 32
    LPAREN          shift and go to state 34
    CONS            shift and go to state 35
    PLUS            shift and go to state 33
    MINUS           shift and go to state 36
    EXP             shift and go to state 37
    MOD             shift and go to state 38
    IMAG            shift and go to state 39
    POWER           shift and go to state 40
    TIMES           shift and go to state 41
    DIVIDE_CEIL     shift and go to state 42
    DIVIDE_FLOOR    shift and go to state 43
    DIVIDE          shift and go to state 44
    EQUALS          shift and go to state 48
    GREATER_EQUALS  shift and go to state 49
    UNEQUALS        shift and go to state 50
    GREATER_THAN    shift and go to state 51
    SMALLER_THAN    shift and go to state 52
    SMALLER_EQUALS  shift and go to state 53

  ! EQUALS          [ reduce using rule 36 (comp -> comp GREATER_THAN expr .) ]
  ! GREATER_EQUALS  [ reduce using rule 36 (comp -> comp GREATER_THAN expr .) ]
  ! UNEQUALS        [ reduce using rule 36 (comp -> comp GREATER_THAN expr .) ]
  ! GREATER_THAN    [ reduce using rule 36 (comp -> comp GREATER_THAN expr .) ]
  ! SMALLER_THAN    [ reduce using rule 36 (comp -> comp GREATER_THAN expr .) ]
  ! SMALLER_EQUALS  [ reduce using rule 36 (comp -> comp GREATER_THAN expr .) ]
  ! ARROW           [ reduce using rule 36 (comp -> comp GREATER_THAN expr .) ]
  ! OPEN_BRACKETS   [ reduce using rule 36 (comp -> comp GREATER_THAN expr .) ]
  ! LPAREN          [ reduce using rule 36 (comp -> comp GREATER_THAN expr .) ]
  ! CONS            [ reduce using rule 36 (comp -> comp GREATER_THAN expr .) ]
  ! PLUS            [ reduce using rule 36 (comp -> comp GREATER_THAN expr .) ]
  ! MINUS           [ reduce using rule 36 (comp -> comp GREATER_THAN expr .) ]
  ! EXP             [ reduce using rule 36 (comp -> comp GREATER_THAN expr .) ]
  ! MOD             [ reduce using rule 36 (comp -> comp GREATER_THAN expr .) ]
  ! IMAG            [ reduce using rule 36 (comp -> comp GREATER_THAN expr .) ]
  ! POWER           [ reduce using rule 36 (comp -> comp GREATER_THAN expr .) ]
  ! TIMES           [ reduce using rule 36 (comp -> comp GREATER_THAN expr .) ]
  ! DIVIDE_CEIL     [ reduce using rule 36 (comp -> comp GREATER_THAN expr .) ]
  ! DIVIDE_FLOOR    [ reduce using rule 36 (comp -> comp GREATER_THAN expr .) ]
  ! DIVIDE          [ reduce using rule 36 (comp -> comp GREATER_THAN expr .) ]
  ! AND             [ shift and go to state 45 ]
  ! XOR             [ shift and go to state 46 ]
  ! OR              [ shift and go to state 47 ]


state 176

    (38) comp -> comp SMALLER_THAN expr .
    (1) expr -> expr . ARROW expr
    (2) expr -> expr . OPEN_BRACKETS PLUS CLOSED_BRACKETS
    (3) expr -> expr . OPEN_BRACKETS expr CLOSED_BRACKETS
    (26) expr -> expr . LPAREN para_expr RPAREN
    (41) expr -> expr . CONS expr
    (46) expr -> expr . PLUS expr
    (47) expr -> expr . MINUS expr
    (48) expr -> expr . EXP expr
    (49) expr -> expr . MOD expr
    (53) expr -> expr . IMAG
    (58) expr -> expr . POWER expr
    (65) expr -> expr . TIMES expr
    (66) expr -> expr . DIVIDE_CEIL expr
    (67) expr -> expr . DIVIDE_FLOOR expr
    (68) expr -> expr . DIVIDE expr
    (69) expr -> expr . AND expr
    (70) expr -> expr . XOR expr
    (71) expr -> expr . OR expr
    (29) comp -> expr . EQUALS expr
    (31) comp -> expr . GREATER_EQUALS expr
    (33) comp -> expr . UNEQUALS expr
    (35) comp -> expr . GREATER_THAN expr
    (37) comp -> expr . SMALLER_THAN expr
    (39) comp -> expr . SMALLER_EQUALS expr

    AND             reduce using rule 38 (comp -> comp SMALLER_THAN expr .)
    XOR             reduce using rule 38 (comp -> comp SMALLER_THAN expr .)
    OR              reduce using rule 38 (comp -> comp SMALLER_THAN expr .)
    $end            reduce using rule 38 (comp -> comp SMALLER_THAN expr .)
    CLOSED_BRACKETS reduce using rule 38 (comp -> comp SMALLER_THAN expr .)
    DOT             reduce using rule 38 (comp -> comp SMALLER_THAN expr .)
    COMMA           reduce using rule 38 (comp -> comp SMALLER_THAN expr .)
    RPAREN          reduce using rule 38 (comp -> comp SMALLER_THAN expr .)
    SEMICOLON       reduce using rule 38 (comp -> comp SMALLER_THAN expr .)
    END             reduce using rule 38 (comp -> comp SMALLER_THAN expr .)
    THEN            reduce using rule 38 (comp -> comp SMALLER_THAN expr .)
    WITH            reduce using rule 38 (comp -> comp SMALLER_THAN expr .)
    COLON           reduce using rule 38 (comp -> comp SMALLER_THAN expr .)
    IN              reduce using rule 38 (comp -> comp SMALLER_THAN expr .)
    LOOPTHEN        reduce using rule 38 (comp -> comp SMALLER_THAN expr .)
    ELSE            reduce using rule 38 (comp -> comp SMALLER_THAN expr .)
    ARROW           shift and go to state 31
    OPEN_BRACKETS   shift and go to state 32
    LPAREN          shift and go to state 34
    CONS            shift and go to state 35
    PLUS            shift and go to state 33
    MINUS           shift and go to state 36
    EXP             shift and go to state 37
    MOD             shift and go to state 38
    IMAG            shift and go to state 39
    POWER           shift and go to state 40
    TIMES           shift and go to state 41
    DIVIDE_CEIL     shift and go to state 42
    DIVIDE_FLOOR    shift and go to state 43
    DIVIDE          shift and go to state 44
    EQUALS          shift and go to state 48
    GREATER_EQUALS  shift and go to state 49
    UNEQUALS        shift and go to state 50
    GREATER_THAN    shift and go to state 51
    SMALLER_THAN    shift and go to state 52
    SMALLER_EQUALS  shift and go to state 53

  ! EQUALS          [ reduce using rule 38 (comp -> comp SMALLER_THAN expr .) ]
  ! GREATER_EQUALS  [ reduce using rule 38 (comp -> comp SMALLER_THAN expr .) ]
  ! UNEQUALS        [ reduce using rule 38 (comp -> comp SMALLER_THAN expr .) ]
  ! GREATER_THAN    [ reduce using rule 38 (comp -> comp SMALLER_THAN expr .) ]
  ! SMALLER_THAN    [ reduce using rule 38 (comp -> comp SMALLER_THAN expr .) ]
  ! SMALLER_EQUALS  [ reduce using rule 38 (comp -> comp SMALLER_THAN expr .) ]
  ! ARROW           [ reduce using rule 38 (comp -> comp SMALLER_THAN expr .) ]
  ! OPEN_BRACKETS   [ reduce using rule 38 (comp -> comp SMALLER_THAN expr .) ]
  ! LPAREN          [ reduce using rule 38 (comp -> comp SMALLER_THAN expr .) ]
  ! CONS            [ reduce using rule 38 (comp -> comp SMALLER_THAN expr .) ]
  ! PLUS            [ reduce using rule 38 (comp -> comp SMALLER_THAN expr .) ]
  ! MINUS           [ reduce using rule 38 (comp -> comp SMALLER_THAN expr .) ]
  ! EXP             [ reduce using rule 38 (comp -> comp SMALLER_THAN expr .) ]
  ! MOD             [ reduce using rule 38 (comp -> comp SMALLER_THAN expr .) ]
  ! IMAG            [ reduce using rule 38 (comp -> comp SMALLER_THAN expr .) ]
  ! POWER           [ reduce using rule 38 (comp -> comp SMALLER_THAN expr .) ]
  ! TIMES           [ reduce using rule 38 (comp -> comp SMALLER_THAN expr .) ]
  ! DIVIDE_CEIL     [ reduce using rule 38 (comp -> comp SMALLER_THAN expr .) ]
  ! DIVIDE_FLOOR    [ reduce using rule 38 (comp -> comp SMALLER_THAN expr .) ]
  ! DIVIDE          [ reduce using rule 38 (comp -> comp SMALLER_THAN expr .) ]
  ! AND             [ shift and go to state 45 ]
  ! XOR             [ shift and go to state 46 ]
  ! OR              [ shift and go to state 47 ]


state 177

    (40) comp -> comp SMALLER_EQUALS expr .
    (1) expr -> expr . ARROW expr
    (2) expr -> expr . OPEN_BRACKETS PLUS CLOSED_BRACKETS
    (3) expr -> expr . OPEN_BRACKETS expr CLOSED_BRACKETS
    (26) expr -> expr . LPAREN para_expr RPAREN
    (41) expr -> expr . CONS expr
    (46) expr -> expr . PLUS expr
    (47) expr -> expr . MINUS expr
    (48) expr -> expr . EXP expr
    (49) expr -> expr . MOD expr
    (53) expr -> expr . IMAG
    (58) expr -> expr . POWER expr
    (65) expr -> expr . TIMES expr
    (66) expr -> expr . DIVIDE_CEIL expr
    (67) expr -> expr . DIVIDE_FLOOR expr
    (68) expr -> expr . DIVIDE expr
    (69) expr -> expr . AND expr
    (70) expr -> expr . XOR expr
    (71) expr -> expr . OR expr
    (29) comp -> expr . EQUALS expr
    (31) comp -> expr . GREATER_EQUALS expr
    (33) comp -> expr . UNEQUALS expr
    (35) comp -> expr . GREATER_THAN expr
    (37) comp -> expr . SMALLER_THAN expr
    (39) comp -> expr . SMALLER_EQUALS expr

    AND             reduce using rule 40 (comp -> comp SMALLER_EQUALS expr .)
    XOR             reduce using rule 40 (comp -> comp SMALLER_EQUALS expr .)
    OR              reduce using rule 40 (comp -> comp SMALLER_EQUALS expr .)
    $end            reduce using rule 40 (comp -> comp SMALLER_EQUALS expr .)
    CLOSED_BRACKETS reduce using rule 40 (comp -> comp SMALLER_EQUALS expr .)
    DOT             reduce using rule 40 (comp -> comp SMALLER_EQUALS expr .)
    COMMA           reduce using rule 40 (comp -> comp SMALLER_EQUALS expr .)
    RPAREN          reduce using rule 40 (comp -> comp SMALLER_EQUALS expr .)
    SEMICOLON       reduce using rule 40 (comp -> comp SMALLER_EQUALS expr .)
    END             reduce using rule 40 (comp -> comp SMALLER_EQUALS expr .)
    THEN            reduce using rule 40 (comp -> comp SMALLER_EQUALS expr .)
    WITH            reduce using rule 40 (comp -> comp SMALLER_EQUALS expr .)
    COLON           reduce using rule 40 (comp -> comp SMALLER_EQUALS expr .)
    IN              reduce using rule 40 (comp -> comp SMALLER_EQUALS expr .)
    LOOPTHEN        reduce using rule 40 (comp -> comp SMALLER_EQUALS expr .)
    ELSE            reduce using rule 40 (comp -> comp SMALLER_EQUALS expr .)
    ARROW           shift and go to state 31
    OPEN_BRACKETS   shift and go to state 32
    LPAREN          shift and go to state 34
    CONS            shift and go to state 35
    PLUS            shift and go to state 33
    MINUS           shift and go to state 36
    EXP             shift and go to state 37
    MOD             shift and go to state 38
    IMAG            shift and go to state 39
    POWER           shift and go to state 40
    TIMES           shift and go to state 41
    DIVIDE_CEIL     shift and go to state 42
    DIVIDE_FLOOR    shift and go to state 43
    DIVIDE          shift and go to state 44
    EQUALS          shift and go to state 48
    GREATER_EQUALS  shift and go to state 49
    UNEQUALS        shift and go to state 50
    GREATER_THAN    shift and go to state 51
    SMALLER_THAN    shift and go to state 52
    SMALLER_EQUALS  shift and go to state 53

  ! EQUALS          [ reduce using rule 40 (comp -> comp SMALLER_EQUALS expr .) ]
  ! GREATER_EQUALS  [ reduce using rule 40 (comp -> comp SMALLER_EQUALS expr .) ]
  ! UNEQUALS        [ reduce using rule 40 (comp -> comp SMALLER_EQUALS expr .) ]
  ! GREATER_THAN    [ reduce using rule 40 (comp -> comp SMALLER_EQUALS expr .) ]
  ! SMALLER_THAN    [ reduce using rule 40 (comp -> comp SMALLER_EQUALS expr .) ]
  ! SMALLER_EQUALS  [ reduce using rule 40 (comp -> comp SMALLER_EQUALS expr .) ]
  ! ARROW           [ reduce using rule 40 (comp -> comp SMALLER_EQUALS expr .) ]
  ! OPEN_BRACKETS   [ reduce using rule 40 (comp -> comp SMALLER_EQUALS expr .) ]
  ! LPAREN          [ reduce using rule 40 (comp -> comp SMALLER_EQUALS expr .) ]
  ! CONS            [ reduce using rule 40 (comp -> comp SMALLER_EQUALS expr .) ]
  ! PLUS            [ reduce using rule 40 (comp -> comp SMALLER_EQUALS expr .) ]
  ! MINUS           [ reduce using rule 40 (comp -> comp SMALLER_EQUALS expr .) ]
  ! EXP             [ reduce using rule 40 (comp -> comp SMALLER_EQUALS expr .) ]
  ! MOD             [ reduce using rule 40 (comp -> comp SMALLER_EQUALS expr .) ]
  ! IMAG            [ reduce using rule 40 (comp -> comp SMALLER_EQUALS expr .) ]
  ! POWER           [ reduce using rule 40 (comp -> comp SMALLER_EQUALS expr .) ]
  ! TIMES           [ reduce using rule 40 (comp -> comp SMALLER_EQUALS expr .) ]
  ! DIVIDE_CEIL     [ reduce using rule 40 (comp -> comp SMALLER_EQUALS expr .) ]
  ! DIVIDE_FLOOR    [ reduce using rule 40 (comp -> comp SMALLER_EQUALS expr .) ]
  ! DIVIDE          [ reduce using rule 40 (comp -> comp SMALLER_EQUALS expr .) ]
  ! AND             [ shift and go to state 45 ]
  ! XOR             [ shift and go to state 46 ]
  ! OR              [ shift and go to state 47 ]


state 178

    (56) expr -> BEGIN sequence END .

    ARROW           reduce using rule 56 (expr -> BEGIN sequence END .)
    OPEN_BRACKETS   reduce using rule 56 (expr -> BEGIN sequence END .)
    LPAREN          reduce using rule 56 (expr -> BEGIN sequence END .)
    CONS            reduce using rule 56 (expr -> BEGIN sequence END .)
    PLUS            reduce using rule 56 (expr -> BEGIN sequence END .)
    MINUS           reduce using rule 56 (expr -> BEGIN sequence END .)
    EXP             reduce using rule 56 (expr -> BEGIN sequence END .)
    MOD             reduce using rule 56 (expr -> BEGIN sequence END .)
    IMAG            reduce using rule 56 (expr -> BEGIN sequence END .)
    POWER           reduce using rule 56 (expr -> BEGIN sequence END .)
    TIMES           reduce using rule 56 (expr -> BEGIN sequence END .)
    DIVIDE_CEIL     reduce using rule 56 (expr -> BEGIN sequence END .)
    DIVIDE_FLOOR    reduce using rule 56 (expr -> BEGIN sequence END .)
    DIVIDE          reduce using rule 56 (expr -> BEGIN sequence END .)
    AND             reduce using rule 56 (expr -> BEGIN sequence END .)
    XOR             reduce using rule 56 (expr -> BEGIN sequence END .)
    OR              reduce using rule 56 (expr -> BEGIN sequence END .)
    EQUALS          reduce using rule 56 (expr -> BEGIN sequence END .)
    GREATER_EQUALS  reduce using rule 56 (expr -> BEGIN sequence END .)
    UNEQUALS        reduce using rule 56 (expr -> BEGIN sequence END .)
    GREATER_THAN    reduce using rule 56 (expr -> BEGIN sequence END .)
    SMALLER_THAN    reduce using rule 56 (expr -> BEGIN sequence END .)
    SMALLER_EQUALS  reduce using rule 56 (expr -> BEGIN sequence END .)
    $end            reduce using rule 56 (expr -> BEGIN sequence END .)
    CLOSED_BRACKETS reduce using rule 56 (expr -> BEGIN sequence END .)
    DOT             reduce using rule 56 (expr -> BEGIN sequence END .)
    COMMA           reduce using rule 56 (expr -> BEGIN sequence END .)
    RPAREN          reduce using rule 56 (expr -> BEGIN sequence END .)
    SEMICOLON       reduce using rule 56 (expr -> BEGIN sequence END .)
    END             reduce using rule 56 (expr -> BEGIN sequence END .)
    THEN            reduce using rule 56 (expr -> BEGIN sequence END .)
    WITH            reduce using rule 56 (expr -> BEGIN sequence END .)
    COLON           reduce using rule 56 (expr -> BEGIN sequence END .)
    IN              reduce using rule 56 (expr -> BEGIN sequence END .)
    LOOPTHEN        reduce using rule 56 (expr -> BEGIN sequence END .)
    ELSE            reduce using rule 56 (expr -> BEGIN sequence END .)


state 179

    (117) sequence -> expr SEMICOLON . sequence
    (118) sequence -> expr SEMICOLON .
    (117) sequence -> . expr SEMICOLON sequence
    (118) sequence -> . expr SEMICOLON
    (119) sequence -> . expr
    (1) expr -> . expr ARROW expr
    (2) expr -> . expr OPEN_BRACKETS PLUS CLOSED_BRACKETS
    (3) expr -> . expr OPEN_BRACKETS expr CLOSED_BRACKETS
    (4) expr -> . IDENTIFIER PLUS_ASSIGN expr
    (5) expr -> . IDENTIFIER MINUS_ASSIGN expr
    (6) expr -> . IDENTIFIER SMALLER_EQUALS_ASSIGN expr
    (7) expr -> . IDENTIFIER GREATER_THAN_ASSIGN expr
    (8) expr -> . IDENTIFIER SMALLER_THAN_ASSIGN expr
    (9) expr -> . IDENTIFIER AND_ASSIGN expr
    (10) expr -> . IDENTIFIER OR_ASSIGN expr
    (11) expr -> . IDENTIFIER XOR_ASSIGN expr
    (12) expr -> . IDENTIFIER MOD_ASSIGN expr
    (13) expr -> . IDENTIFIER EXP_ASSIGN expr
    (14) expr -> . IDENTIFIER POWER_ASSIGN expr
    (15) expr -> . IDENTIFIER TIMES_ASSIGN expr
    (16) expr -> . IDENTIFIER DIVIDE_CEIL_ASSIGN expr
    (17) expr -> . IDENTIFIER DIVIDE_FLOOR_ASSIGN expr
    (18) expr -> . IDENTIFIER DIVIDE_ASSIGN expr
    (19) expr -> . IDENTIFIER EQUALS_ASSIGN expr
    (20) expr -> . IDENTIFIER UNEQUALS_ASSIGN expr
    (21) expr -> . IDENTIFIER GREATER_EQUALS_ASSIGN expr
    (26) expr -> . expr LPAREN para_expr RPAREN
    (41) expr -> . expr CONS expr
    (46) expr -> . expr PLUS expr
    (47) expr -> . expr MINUS expr
    (48) expr -> . expr EXP expr
    (49) expr -> . expr MOD expr
    (50) expr -> . NOT expr
    (51) expr -> . PLUS expr
    (52) expr -> . MINUS expr
    (53) expr -> . expr IMAG
    (54) expr -> . comp
    (55) expr -> . assign_expr
    (56) expr -> . BEGIN sequence END
    (57) expr -> . BEGIN END
    (58) expr -> . expr POWER expr
    (59) expr -> . LET letrec_assign IN expr DOT
    (60) expr -> . OPEN_BRACKETS param_list CLOSED_BRACKETS
    (61) expr -> . OPEN_BRACKETS expr CLOSED_BRACKETS
    (62) expr -> . OPEN_BRACKETS CLOSED_BRACKETS
    (63) expr -> . STRUCT BEGIN assign_list END
    (64) expr -> . STRUCT BEGIN END
    (65) expr -> . expr TIMES expr
    (66) expr -> . expr DIVIDE_CEIL expr
    (67) expr -> . expr DIVIDE_FLOOR expr
    (68) expr -> . expr DIVIDE expr
    (69) expr -> . expr AND expr
    (70) expr -> . expr XOR expr
    (71) expr -> . expr OR expr
    (73) expr -> . FLOAT
    (74) expr -> . IF expr THEN COMMA expr DOT
    (75) expr -> . IF expr THEN COMMA expr else_elif_body DOT
    (76) expr -> . IMPORT file
    (77) expr -> . OPEN_BRACKETS expr DOT DOT expr CLOSED_BRACKETS
    (78) expr -> . CLOSED_BRACKETS expr DOT DOT expr CLOSED_BRACKETS
    (79) expr -> . OPEN_BRACKETS expr DOT DOT expr OPEN_BRACKETS
    (80) expr -> . CLOSED_BRACKETS expr DOT DOT expr OPEN_BRACKETS
    (81) expr -> . LAMBDA para ARROW type COLON expr
    (82) expr -> . NULL
    (85) expr -> . LPAREN param_list RPAREN
    (86) expr -> . LOOP IDENTIFIER IN expr LOOPTHEN expr DOT
    (87) expr -> . MATCH expr WITH cases DOT
    (88) expr -> . NUMBER
    (115) expr -> . LPAREN expr RPAREN
    (120) expr -> . STRING
    (130) expr -> . T_UNDEF expr
    (131) expr -> . IDENTIFIER
    (132) expr -> . WHILE expr THEN COMMA expr DOT
    (29) comp -> . expr EQUALS expr
    (30) comp -> . comp EQUALS expr
    (31) comp -> . expr GREATER_EQUALS expr
    (32) comp -> . comp GREATER_EQUALS expr
    (33) comp -> . expr UNEQUALS expr
    (34) comp -> . comp UNEQUALS expr
    (35) comp -> . expr GREATER_THAN expr
    (36) comp -> . comp GREATER_THAN expr
    (37) comp -> . expr SMALLER_THAN expr
    (38) comp -> . comp SMALLER_THAN expr
    (39) comp -> . expr SMALLER_EQUALS expr
    (40) comp -> . comp SMALLER_EQUALS expr
    (22) assign_expr -> . type IDENTIFIER ASSIGN expr
    (23) assign_expr -> . IDENTIFIER ASSIGN expr
    (121) type -> . T_INT
    (122) type -> . T_FLOAT
    (123) type -> . T_STRING
    (124) type -> . T_COMPLEX
    (125) type -> . LPAREN type_arg RPAREN ARROW type
    (126) type -> . type ARROW type
    (127) type -> . OPEN_BRACKETS CLOSED_BRACKETS type

    END             reduce using rule 118 (sequence -> expr SEMICOLON .)
    IDENTIFIER      shift and go to state 6
    NOT             shift and go to state 9
    PLUS            shift and go to state 4
    MINUS           shift and go to state 8
    BEGIN           shift and go to state 12
    LET             shift and go to state 13
    OPEN_BRACKETS   shift and go to state 3
    STRUCT          shift and go to state 14
    FLOAT           shift and go to state 15
    IF              shift and go to state 16
    IMPORT          shift and go to state 17
    CLOSED_BRACKETS shift and go to state 5
    LAMBDA          shift and go to state 18
    NULL            shift and go to state 20
    LPAREN          shift and go to state 7
    LOOP            shift and go to state 21
    MATCH           shift and go to state 22
    NUMBER          shift and go to state 23
    STRING          shift and go to state 24
    T_UNDEF         shift and go to state 25
    WHILE           shift and go to state 26
    T_INT           shift and go to state 27
    T_FLOAT         shift and go to state 28
    T_STRING        shift and go to state 29
    T_COMPLEX       shift and go to state 30

    expr                           shift and go to state 92
    sequence                       shift and go to state 215
    comp                           shift and go to state 10
    assign_expr                    shift and go to state 11
    type                           shift and go to state 19

state 180

    (59) expr -> LET letrec_assign IN . expr DOT
    (1) expr -> . expr ARROW expr
    (2) expr -> . expr OPEN_BRACKETS PLUS CLOSED_BRACKETS
    (3) expr -> . expr OPEN_BRACKETS expr CLOSED_BRACKETS
    (4) expr -> . IDENTIFIER PLUS_ASSIGN expr
    (5) expr -> . IDENTIFIER MINUS_ASSIGN expr
    (6) expr -> . IDENTIFIER SMALLER_EQUALS_ASSIGN expr
    (7) expr -> . IDENTIFIER GREATER_THAN_ASSIGN expr
    (8) expr -> . IDENTIFIER SMALLER_THAN_ASSIGN expr
    (9) expr -> . IDENTIFIER AND_ASSIGN expr
    (10) expr -> . IDENTIFIER OR_ASSIGN expr
    (11) expr -> . IDENTIFIER XOR_ASSIGN expr
    (12) expr -> . IDENTIFIER MOD_ASSIGN expr
    (13) expr -> . IDENTIFIER EXP_ASSIGN expr
    (14) expr -> . IDENTIFIER POWER_ASSIGN expr
    (15) expr -> . IDENTIFIER TIMES_ASSIGN expr
    (16) expr -> . IDENTIFIER DIVIDE_CEIL_ASSIGN expr
    (17) expr -> . IDENTIFIER DIVIDE_FLOOR_ASSIGN expr
    (18) expr -> . IDENTIFIER DIVIDE_ASSIGN expr
    (19) expr -> . IDENTIFIER EQUALS_ASSIGN expr
    (20) expr -> . IDENTIFIER UNEQUALS_ASSIGN expr
    (21) expr -> . IDENTIFIER GREATER_EQUALS_ASSIGN expr
    (26) expr -> . expr LPAREN para_expr RPAREN
    (41) expr -> . expr CONS expr
    (46) expr -> . expr PLUS expr
    (47) expr -> . expr MINUS expr
    (48) expr -> . expr EXP expr
    (49) expr -> . expr MOD expr
    (50) expr -> . NOT expr
    (51) expr -> . PLUS expr
    (52) expr -> . MINUS expr
    (53) expr -> . expr IMAG
    (54) expr -> . comp
    (55) expr -> . assign_expr
    (56) expr -> . BEGIN sequence END
    (57) expr -> . BEGIN END
    (58) expr -> . expr POWER expr
    (59) expr -> . LET letrec_assign IN expr DOT
    (60) expr -> . OPEN_BRACKETS param_list CLOSED_BRACKETS
    (61) expr -> . OPEN_BRACKETS expr CLOSED_BRACKETS
    (62) expr -> . OPEN_BRACKETS CLOSED_BRACKETS
    (63) expr -> . STRUCT BEGIN assign_list END
    (64) expr -> . STRUCT BEGIN END
    (65) expr -> . expr TIMES expr
    (66) expr -> . expr DIVIDE_CEIL expr
    (67) expr -> . expr DIVIDE_FLOOR expr
    (68) expr -> . expr DIVIDE expr
    (69) expr -> . expr AND expr
    (70) expr -> . expr XOR expr
    (71) expr -> . expr OR expr
    (73) expr -> . FLOAT
    (74) expr -> . IF expr THEN COMMA expr DOT
    (75) expr -> . IF expr THEN COMMA expr else_elif_body DOT
    (76) expr -> . IMPORT file
    (77) expr -> . OPEN_BRACKETS expr DOT DOT expr CLOSED_BRACKETS
    (78) expr -> . CLOSED_BRACKETS expr DOT DOT expr CLOSED_BRACKETS
    (79) expr -> . OPEN_BRACKETS expr DOT DOT expr OPEN_BRACKETS
    (80) expr -> . CLOSED_BRACKETS expr DOT DOT expr OPEN_BRACKETS
    (81) expr -> . LAMBDA para ARROW type COLON expr
    (82) expr -> . NULL
    (85) expr -> . LPAREN param_list RPAREN
    (86) expr -> . LOOP IDENTIFIER IN expr LOOPTHEN expr DOT
    (87) expr -> . MATCH expr WITH cases DOT
    (88) expr -> . NUMBER
    (115) expr -> . LPAREN expr RPAREN
    (120) expr -> . STRING
    (130) expr -> . T_UNDEF expr
    (131) expr -> . IDENTIFIER
    (132) expr -> . WHILE expr THEN COMMA expr DOT
    (29) comp -> . expr EQUALS expr
    (30) comp -> . comp EQUALS expr
    (31) comp -> . expr GREATER_EQUALS expr
    (32) comp -> . comp GREATER_EQUALS expr
    (33) comp -> . expr UNEQUALS expr
    (34) comp -> . comp UNEQUALS expr
    (35) comp -> . expr GREATER_THAN expr
    (36) comp -> . comp GREATER_THAN expr
    (37) comp -> . expr SMALLER_THAN expr
    (38) comp -> . comp SMALLER_THAN expr
    (39) comp -> . expr SMALLER_EQUALS expr
    (40) comp -> . comp SMALLER_EQUALS expr
    (22) assign_expr -> . type IDENTIFIER ASSIGN expr
    (23) assign_expr -> . IDENTIFIER ASSIGN expr
    (121) type -> . T_INT
    (122) type -> . T_FLOAT
    (123) type -> . T_STRING
    (124) type -> . T_COMPLEX
    (125) type -> . LPAREN type_arg RPAREN ARROW type
    (126) type -> . type ARROW type
    (127) type -> . OPEN_BRACKETS CLOSED_BRACKETS type

    IDENTIFIER      shift and go to state 6
    NOT             shift and go to state 9
    PLUS            shift and go to state 4
    MINUS           shift and go to state 8
    BEGIN           shift and go to state 12
    LET             shift and go to state 13
    OPEN_BRACKETS   shift and go to state 3
    STRUCT          shift and go to state 14
    FLOAT           shift and go to state 15
    IF              shift and go to state 16
    IMPORT          shift and go to state 17
    CLOSED_BRACKETS shift and go to state 5
    LAMBDA          shift and go to state 18
    NULL            shift and go to state 20
    LPAREN          shift and go to state 7
    LOOP            shift and go to state 21
    MATCH           shift and go to state 22
    NUMBER          shift and go to state 23
    STRING          shift and go to state 24
    T_UNDEF         shift and go to state 25
    WHILE           shift and go to state 26
    T_INT           shift and go to state 27
    T_FLOAT         shift and go to state 28
    T_STRING        shift and go to state 29
    T_COMPLEX       shift and go to state 30

    expr                           shift and go to state 216
    comp                           shift and go to state 10
    assign_expr                    shift and go to state 11
    type                           shift and go to state 19

state 181

    (83) letrec_assign -> letrec_assign COMMA . assign_expr
    (22) assign_expr -> . type IDENTIFIER ASSIGN expr
    (23) assign_expr -> . IDENTIFIER ASSIGN expr
    (121) type -> . T_INT
    (122) type -> . T_FLOAT
    (123) type -> . T_STRING
    (124) type -> . T_COMPLEX
    (125) type -> . LPAREN type_arg RPAREN ARROW type
    (126) type -> . type ARROW type
    (127) type -> . OPEN_BRACKETS CLOSED_BRACKETS type

    IDENTIFIER      shift and go to state 95
    T_INT           shift and go to state 27
    T_FLOAT         shift and go to state 28
    T_STRING        shift and go to state 29
    T_COMPLEX       shift and go to state 30
    LPAREN          shift and go to state 96
    OPEN_BRACKETS   shift and go to state 97

    assign_expr                    shift and go to state 217
    type                           shift and go to state 19

state 182

    (128) type_arg -> type . COMMA type_arg
    (129) type_arg -> type .
    (126) type -> type . ARROW type

    COMMA           shift and go to state 171
    RPAREN          reduce using rule 129 (type_arg -> type .)
    ARROW           shift and go to state 108


state 183

    (127) type -> OPEN_BRACKETS CLOSED_BRACKETS . type
    (121) type -> . T_INT
    (122) type -> . T_FLOAT
    (123) type -> . T_STRING
    (124) type -> . T_COMPLEX
    (125) type -> . LPAREN type_arg RPAREN ARROW type
    (126) type -> . type ARROW type
    (127) type -> . OPEN_BRACKETS CLOSED_BRACKETS type

    T_INT           shift and go to state 27
    T_FLOAT         shift and go to state 28
    T_STRING        shift and go to state 29
    T_COMPLEX       shift and go to state 30
    LPAREN          shift and go to state 96
    OPEN_BRACKETS   shift and go to state 97

    type                           shift and go to state 218

state 184

    (63) expr -> STRUCT BEGIN assign_list . END

    END             shift and go to state 219


state 185

    (64) expr -> STRUCT BEGIN END .

    ARROW           reduce using rule 64 (expr -> STRUCT BEGIN END .)
    OPEN_BRACKETS   reduce using rule 64 (expr -> STRUCT BEGIN END .)
    LPAREN          reduce using rule 64 (expr -> STRUCT BEGIN END .)
    CONS            reduce using rule 64 (expr -> STRUCT BEGIN END .)
    PLUS            reduce using rule 64 (expr -> STRUCT BEGIN END .)
    MINUS           reduce using rule 64 (expr -> STRUCT BEGIN END .)
    EXP             reduce using rule 64 (expr -> STRUCT BEGIN END .)
    MOD             reduce using rule 64 (expr -> STRUCT BEGIN END .)
    IMAG            reduce using rule 64 (expr -> STRUCT BEGIN END .)
    POWER           reduce using rule 64 (expr -> STRUCT BEGIN END .)
    TIMES           reduce using rule 64 (expr -> STRUCT BEGIN END .)
    DIVIDE_CEIL     reduce using rule 64 (expr -> STRUCT BEGIN END .)
    DIVIDE_FLOOR    reduce using rule 64 (expr -> STRUCT BEGIN END .)
    DIVIDE          reduce using rule 64 (expr -> STRUCT BEGIN END .)
    AND             reduce using rule 64 (expr -> STRUCT BEGIN END .)
    XOR             reduce using rule 64 (expr -> STRUCT BEGIN END .)
    OR              reduce using rule 64 (expr -> STRUCT BEGIN END .)
    EQUALS          reduce using rule 64 (expr -> STRUCT BEGIN END .)
    GREATER_EQUALS  reduce using rule 64 (expr -> STRUCT BEGIN END .)
    UNEQUALS        reduce using rule 64 (expr -> STRUCT BEGIN END .)
    GREATER_THAN    reduce using rule 64 (expr -> STRUCT BEGIN END .)
    SMALLER_THAN    reduce using rule 64 (expr -> STRUCT BEGIN END .)
    SMALLER_EQUALS  reduce using rule 64 (expr -> STRUCT BEGIN END .)
    $end            reduce using rule 64 (expr -> STRUCT BEGIN END .)
    CLOSED_BRACKETS reduce using rule 64 (expr -> STRUCT BEGIN END .)
    DOT             reduce using rule 64 (expr -> STRUCT BEGIN END .)
    COMMA           reduce using rule 64 (expr -> STRUCT BEGIN END .)
    RPAREN          reduce using rule 64 (expr -> STRUCT BEGIN END .)
    SEMICOLON       reduce using rule 64 (expr -> STRUCT BEGIN END .)
    END             reduce using rule 64 (expr -> STRUCT BEGIN END .)
    THEN            reduce using rule 64 (expr -> STRUCT BEGIN END .)
    WITH            reduce using rule 64 (expr -> STRUCT BEGIN END .)
    COLON           reduce using rule 64 (expr -> STRUCT BEGIN END .)
    IN              reduce using rule 64 (expr -> STRUCT BEGIN END .)
    LOOPTHEN        reduce using rule 64 (expr -> STRUCT BEGIN END .)
    ELSE            reduce using rule 64 (expr -> STRUCT BEGIN END .)


state 186

    (24) assign_list -> assign_expr . SEMICOLON assign_list
    (25) assign_list -> assign_expr .

    SEMICOLON       shift and go to state 220
    END             reduce using rule 25 (assign_list -> assign_expr .)


state 187

    (74) expr -> IF expr THEN . COMMA expr DOT
    (75) expr -> IF expr THEN . COMMA expr else_elif_body DOT

    COMMA           shift and go to state 221


state 188

    (81) expr -> LAMBDA para ARROW . type COLON expr
    (121) type -> . T_INT
    (122) type -> . T_FLOAT
    (123) type -> . T_STRING
    (124) type -> . T_COMPLEX
    (125) type -> . LPAREN type_arg RPAREN ARROW type
    (126) type -> . type ARROW type
    (127) type -> . OPEN_BRACKETS CLOSED_BRACKETS type

    T_INT           shift and go to state 27
    T_FLOAT         shift and go to state 28
    T_STRING        shift and go to state 29
    T_COMPLEX       shift and go to state 30
    LPAREN          shift and go to state 96
    OPEN_BRACKETS   shift and go to state 97

    type                           shift and go to state 222

state 189

    (90) para -> type IDENTIFIER .

    ARROW           reduce using rule 90 (para -> type IDENTIFIER .)


state 190

    (89) para -> LPAREN param_pos . RPAREN

    RPAREN          shift and go to state 223


state 191

    (128) type_arg -> type . COMMA type_arg
    (129) type_arg -> type .
    (110) param_pos_list -> type . IDENTIFIER COMMA param_pos_list
    (111) param_pos_list -> type . IDENTIFIER
    (126) type -> type . ARROW type
    (99) para_kw_list -> type . IDENTIFIER COLON expr COMMA para_kw_list
    (101) para_kw_list -> type . IDENTIFIER COLON expr

    COMMA           shift and go to state 171
    RPAREN          reduce using rule 129 (type_arg -> type .)
    IDENTIFIER      shift and go to state 224
    ARROW           shift and go to state 108


state 192

    (106) param_pos -> param_pos_list .

    RPAREN          reduce using rule 106 (param_pos -> param_pos_list .)


state 193

    (112) param_pos_list -> IDENTIFIER . COMMA param_pos_list
    (113) param_pos_list -> IDENTIFIER .
    (100) para_kw_list -> IDENTIFIER . COLON expr COMMA para_kw_list
    (102) para_kw_list -> IDENTIFIER . COLON expr
    (95) para_infty -> IDENTIFIER . DOT DOT DOT

    COMMA           shift and go to state 225
    RPAREN          reduce using rule 113 (param_pos_list -> IDENTIFIER .)
    COLON           shift and go to state 226
    DOT             shift and go to state 227


state 194

    (114) param_pos_list -> para_keywords .

    RPAREN          reduce using rule 114 (param_pos_list -> para_keywords .)


state 195

    (96) para_keywords -> para_kw_list .

    RPAREN          reduce using rule 96 (para_keywords -> para_kw_list .)


state 196

    (103) para_kw_list -> para_infty .

    RPAREN          reduce using rule 103 (para_kw_list -> para_infty .)


state 197

    (22) assign_expr -> type IDENTIFIER ASSIGN . expr
    (1) expr -> . expr ARROW expr
    (2) expr -> . expr OPEN_BRACKETS PLUS CLOSED_BRACKETS
    (3) expr -> . expr OPEN_BRACKETS expr CLOSED_BRACKETS
    (4) expr -> . IDENTIFIER PLUS_ASSIGN expr
    (5) expr -> . IDENTIFIER MINUS_ASSIGN expr
    (6) expr -> . IDENTIFIER SMALLER_EQUALS_ASSIGN expr
    (7) expr -> . IDENTIFIER GREATER_THAN_ASSIGN expr
    (8) expr -> . IDENTIFIER SMALLER_THAN_ASSIGN expr
    (9) expr -> . IDENTIFIER AND_ASSIGN expr
    (10) expr -> . IDENTIFIER OR_ASSIGN expr
    (11) expr -> . IDENTIFIER XOR_ASSIGN expr
    (12) expr -> . IDENTIFIER MOD_ASSIGN expr
    (13) expr -> . IDENTIFIER EXP_ASSIGN expr
    (14) expr -> . IDENTIFIER POWER_ASSIGN expr
    (15) expr -> . IDENTIFIER TIMES_ASSIGN expr
    (16) expr -> . IDENTIFIER DIVIDE_CEIL_ASSIGN expr
    (17) expr -> . IDENTIFIER DIVIDE_FLOOR_ASSIGN expr
    (18) expr -> . IDENTIFIER DIVIDE_ASSIGN expr
    (19) expr -> . IDENTIFIER EQUALS_ASSIGN expr
    (20) expr -> . IDENTIFIER UNEQUALS_ASSIGN expr
    (21) expr -> . IDENTIFIER GREATER_EQUALS_ASSIGN expr
    (26) expr -> . expr LPAREN para_expr RPAREN
    (41) expr -> . expr CONS expr
    (46) expr -> . expr PLUS expr
    (47) expr -> . expr MINUS expr
    (48) expr -> . expr EXP expr
    (49) expr -> . expr MOD expr
    (50) expr -> . NOT expr
    (51) expr -> . PLUS expr
    (52) expr -> . MINUS expr
    (53) expr -> . expr IMAG
    (54) expr -> . comp
    (55) expr -> . assign_expr
    (56) expr -> . BEGIN sequence END
    (57) expr -> . BEGIN END
    (58) expr -> . expr POWER expr
    (59) expr -> . LET letrec_assign IN expr DOT
    (60) expr -> . OPEN_BRACKETS param_list CLOSED_BRACKETS
    (61) expr -> . OPEN_BRACKETS expr CLOSED_BRACKETS
    (62) expr -> . OPEN_BRACKETS CLOSED_BRACKETS
    (63) expr -> . STRUCT BEGIN assign_list END
    (64) expr -> . STRUCT BEGIN END
    (65) expr -> . expr TIMES expr
    (66) expr -> . expr DIVIDE_CEIL expr
    (67) expr -> . expr DIVIDE_FLOOR expr
    (68) expr -> . expr DIVIDE expr
    (69) expr -> . expr AND expr
    (70) expr -> . expr XOR expr
    (71) expr -> . expr OR expr
    (73) expr -> . FLOAT
    (74) expr -> . IF expr THEN COMMA expr DOT
    (75) expr -> . IF expr THEN COMMA expr else_elif_body DOT
    (76) expr -> . IMPORT file
    (77) expr -> . OPEN_BRACKETS expr DOT DOT expr CLOSED_BRACKETS
    (78) expr -> . CLOSED_BRACKETS expr DOT DOT expr CLOSED_BRACKETS
    (79) expr -> . OPEN_BRACKETS expr DOT DOT expr OPEN_BRACKETS
    (80) expr -> . CLOSED_BRACKETS expr DOT DOT expr OPEN_BRACKETS
    (81) expr -> . LAMBDA para ARROW type COLON expr
    (82) expr -> . NULL
    (85) expr -> . LPAREN param_list RPAREN
    (86) expr -> . LOOP IDENTIFIER IN expr LOOPTHEN expr DOT
    (87) expr -> . MATCH expr WITH cases DOT
    (88) expr -> . NUMBER
    (115) expr -> . LPAREN expr RPAREN
    (120) expr -> . STRING
    (130) expr -> . T_UNDEF expr
    (131) expr -> . IDENTIFIER
    (132) expr -> . WHILE expr THEN COMMA expr DOT
    (29) comp -> . expr EQUALS expr
    (30) comp -> . comp EQUALS expr
    (31) comp -> . expr GREATER_EQUALS expr
    (32) comp -> . comp GREATER_EQUALS expr
    (33) comp -> . expr UNEQUALS expr
    (34) comp -> . comp UNEQUALS expr
    (35) comp -> . expr GREATER_THAN expr
    (36) comp -> . comp GREATER_THAN expr
    (37) comp -> . expr SMALLER_THAN expr
    (38) comp -> . comp SMALLER_THAN expr
    (39) comp -> . expr SMALLER_EQUALS expr
    (40) comp -> . comp SMALLER_EQUALS expr
    (22) assign_expr -> . type IDENTIFIER ASSIGN expr
    (23) assign_expr -> . IDENTIFIER ASSIGN expr
    (121) type -> . T_INT
    (122) type -> . T_FLOAT
    (123) type -> . T_STRING
    (124) type -> . T_COMPLEX
    (125) type -> . LPAREN type_arg RPAREN ARROW type
    (126) type -> . type ARROW type
    (127) type -> . OPEN_BRACKETS CLOSED_BRACKETS type

    IDENTIFIER      shift and go to state 6
    NOT             shift and go to state 9
    PLUS            shift and go to state 4
    MINUS           shift and go to state 8
    BEGIN           shift and go to state 12
    LET             shift and go to state 13
    OPEN_BRACKETS   shift and go to state 3
    STRUCT          shift and go to state 14
    FLOAT           shift and go to state 15
    IF              shift and go to state 16
    IMPORT          shift and go to state 17
    CLOSED_BRACKETS shift and go to state 5
    LAMBDA          shift and go to state 18
    NULL            shift and go to state 20
    LPAREN          shift and go to state 7
    LOOP            shift and go to state 21
    MATCH           shift and go to state 22
    NUMBER          shift and go to state 23
    STRING          shift and go to state 24
    T_UNDEF         shift and go to state 25
    WHILE           shift and go to state 26
    T_INT           shift and go to state 27
    T_FLOAT         shift and go to state 28
    T_STRING        shift and go to state 29
    T_COMPLEX       shift and go to state 30

    type                           shift and go to state 19
    expr                           shift and go to state 228
    comp                           shift and go to state 10
    assign_expr                    shift and go to state 11

state 198

    (126) type -> type ARROW type .
    (126) type -> type . ARROW type

    IDENTIFIER      reduce using rule 126 (type -> type ARROW type .)
    ARROW           reduce using rule 126 (type -> type ARROW type .)
    COMMA           reduce using rule 126 (type -> type ARROW type .)
    RPAREN          reduce using rule 126 (type -> type ARROW type .)
    COLON           reduce using rule 126 (type -> type ARROW type .)

  ! ARROW           [ shift and go to state 108 ]


state 199

    (86) expr -> LOOP IDENTIFIER IN . expr LOOPTHEN expr DOT
    (1) expr -> . expr ARROW expr
    (2) expr -> . expr OPEN_BRACKETS PLUS CLOSED_BRACKETS
    (3) expr -> . expr OPEN_BRACKETS expr CLOSED_BRACKETS
    (4) expr -> . IDENTIFIER PLUS_ASSIGN expr
    (5) expr -> . IDENTIFIER MINUS_ASSIGN expr
    (6) expr -> . IDENTIFIER SMALLER_EQUALS_ASSIGN expr
    (7) expr -> . IDENTIFIER GREATER_THAN_ASSIGN expr
    (8) expr -> . IDENTIFIER SMALLER_THAN_ASSIGN expr
    (9) expr -> . IDENTIFIER AND_ASSIGN expr
    (10) expr -> . IDENTIFIER OR_ASSIGN expr
    (11) expr -> . IDENTIFIER XOR_ASSIGN expr
    (12) expr -> . IDENTIFIER MOD_ASSIGN expr
    (13) expr -> . IDENTIFIER EXP_ASSIGN expr
    (14) expr -> . IDENTIFIER POWER_ASSIGN expr
    (15) expr -> . IDENTIFIER TIMES_ASSIGN expr
    (16) expr -> . IDENTIFIER DIVIDE_CEIL_ASSIGN expr
    (17) expr -> . IDENTIFIER DIVIDE_FLOOR_ASSIGN expr
    (18) expr -> . IDENTIFIER DIVIDE_ASSIGN expr
    (19) expr -> . IDENTIFIER EQUALS_ASSIGN expr
    (20) expr -> . IDENTIFIER UNEQUALS_ASSIGN expr
    (21) expr -> . IDENTIFIER GREATER_EQUALS_ASSIGN expr
    (26) expr -> . expr LPAREN para_expr RPAREN
    (41) expr -> . expr CONS expr
    (46) expr -> . expr PLUS expr
    (47) expr -> . expr MINUS expr
    (48) expr -> . expr EXP expr
    (49) expr -> . expr MOD expr
    (50) expr -> . NOT expr
    (51) expr -> . PLUS expr
    (52) expr -> . MINUS expr
    (53) expr -> . expr IMAG
    (54) expr -> . comp
    (55) expr -> . assign_expr
    (56) expr -> . BEGIN sequence END
    (57) expr -> . BEGIN END
    (58) expr -> . expr POWER expr
    (59) expr -> . LET letrec_assign IN expr DOT
    (60) expr -> . OPEN_BRACKETS param_list CLOSED_BRACKETS
    (61) expr -> . OPEN_BRACKETS expr CLOSED_BRACKETS
    (62) expr -> . OPEN_BRACKETS CLOSED_BRACKETS
    (63) expr -> . STRUCT BEGIN assign_list END
    (64) expr -> . STRUCT BEGIN END
    (65) expr -> . expr TIMES expr
    (66) expr -> . expr DIVIDE_CEIL expr
    (67) expr -> . expr DIVIDE_FLOOR expr
    (68) expr -> . expr DIVIDE expr
    (69) expr -> . expr AND expr
    (70) expr -> . expr XOR expr
    (71) expr -> . expr OR expr
    (73) expr -> . FLOAT
    (74) expr -> . IF expr THEN COMMA expr DOT
    (75) expr -> . IF expr THEN COMMA expr else_elif_body DOT
    (76) expr -> . IMPORT file
    (77) expr -> . OPEN_BRACKETS expr DOT DOT expr CLOSED_BRACKETS
    (78) expr -> . CLOSED_BRACKETS expr DOT DOT expr CLOSED_BRACKETS
    (79) expr -> . OPEN_BRACKETS expr DOT DOT expr OPEN_BRACKETS
    (80) expr -> . CLOSED_BRACKETS expr DOT DOT expr OPEN_BRACKETS
    (81) expr -> . LAMBDA para ARROW type COLON expr
    (82) expr -> . NULL
    (85) expr -> . LPAREN param_list RPAREN
    (86) expr -> . LOOP IDENTIFIER IN expr LOOPTHEN expr DOT
    (87) expr -> . MATCH expr WITH cases DOT
    (88) expr -> . NUMBER
    (115) expr -> . LPAREN expr RPAREN
    (120) expr -> . STRING
    (130) expr -> . T_UNDEF expr
    (131) expr -> . IDENTIFIER
    (132) expr -> . WHILE expr THEN COMMA expr DOT
    (29) comp -> . expr EQUALS expr
    (30) comp -> . comp EQUALS expr
    (31) comp -> . expr GREATER_EQUALS expr
    (32) comp -> . comp GREATER_EQUALS expr
    (33) comp -> . expr UNEQUALS expr
    (34) comp -> . comp UNEQUALS expr
    (35) comp -> . expr GREATER_THAN expr
    (36) comp -> . comp GREATER_THAN expr
    (37) comp -> . expr SMALLER_THAN expr
    (38) comp -> . comp SMALLER_THAN expr
    (39) comp -> . expr SMALLER_EQUALS expr
    (40) comp -> . comp SMALLER_EQUALS expr
    (22) assign_expr -> . type IDENTIFIER ASSIGN expr
    (23) assign_expr -> . IDENTIFIER ASSIGN expr
    (121) type -> . T_INT
    (122) type -> . T_FLOAT
    (123) type -> . T_STRING
    (124) type -> . T_COMPLEX
    (125) type -> . LPAREN type_arg RPAREN ARROW type
    (126) type -> . type ARROW type
    (127) type -> . OPEN_BRACKETS CLOSED_BRACKETS type

    IDENTIFIER      shift and go to state 6
    NOT             shift and go to state 9
    PLUS            shift and go to state 4
    MINUS           shift and go to state 8
    BEGIN           shift and go to state 12
    LET             shift and go to state 13
    OPEN_BRACKETS   shift and go to state 3
    STRUCT          shift and go to state 14
    FLOAT           shift and go to state 15
    IF              shift and go to state 16
    IMPORT          shift and go to state 17
    CLOSED_BRACKETS shift and go to state 5
    LAMBDA          shift and go to state 18
    NULL            shift and go to state 20
    LPAREN          shift and go to state 7
    LOOP            shift and go to state 21
    MATCH           shift and go to state 22
    NUMBER          shift and go to state 23
    STRING          shift and go to state 24
    T_UNDEF         shift and go to state 25
    WHILE           shift and go to state 26
    T_INT           shift and go to state 27
    T_FLOAT         shift and go to state 28
    T_STRING        shift and go to state 29
    T_COMPLEX       shift and go to state 30

    expr                           shift and go to state 229
    comp                           shift and go to state 10
    assign_expr                    shift and go to state 11
    type                           shift and go to state 19

state 200

    (87) expr -> MATCH expr WITH . cases DOT
    (27) cases -> . CASE expr COLON expr DOT cases
    (28) cases -> . CASE expr COLON expr DOT

    CASE            shift and go to state 231

    cases                          shift and go to state 230

state 201

    (132) expr -> WHILE expr THEN . COMMA expr DOT

    COMMA           shift and go to state 232


state 202

    (3) expr -> expr OPEN_BRACKETS expr CLOSED_BRACKETS .

    ARROW           reduce using rule 3 (expr -> expr OPEN_BRACKETS expr CLOSED_BRACKETS .)
    OPEN_BRACKETS   reduce using rule 3 (expr -> expr OPEN_BRACKETS expr CLOSED_BRACKETS .)
    LPAREN          reduce using rule 3 (expr -> expr OPEN_BRACKETS expr CLOSED_BRACKETS .)
    CONS            reduce using rule 3 (expr -> expr OPEN_BRACKETS expr CLOSED_BRACKETS .)
    PLUS            reduce using rule 3 (expr -> expr OPEN_BRACKETS expr CLOSED_BRACKETS .)
    MINUS           reduce using rule 3 (expr -> expr OPEN_BRACKETS expr CLOSED_BRACKETS .)
    EXP             reduce using rule 3 (expr -> expr OPEN_BRACKETS expr CLOSED_BRACKETS .)
    MOD             reduce using rule 3 (expr -> expr OPEN_BRACKETS expr CLOSED_BRACKETS .)
    IMAG            reduce using rule 3 (expr -> expr OPEN_BRACKETS expr CLOSED_BRACKETS .)
    POWER           reduce using rule 3 (expr -> expr OPEN_BRACKETS expr CLOSED_BRACKETS .)
    TIMES           reduce using rule 3 (expr -> expr OPEN_BRACKETS expr CLOSED_BRACKETS .)
    DIVIDE_CEIL     reduce using rule 3 (expr -> expr OPEN_BRACKETS expr CLOSED_BRACKETS .)
    DIVIDE_FLOOR    reduce using rule 3 (expr -> expr OPEN_BRACKETS expr CLOSED_BRACKETS .)
    DIVIDE          reduce using rule 3 (expr -> expr OPEN_BRACKETS expr CLOSED_BRACKETS .)
    AND             reduce using rule 3 (expr -> expr OPEN_BRACKETS expr CLOSED_BRACKETS .)
    XOR             reduce using rule 3 (expr -> expr OPEN_BRACKETS expr CLOSED_BRACKETS .)
    OR              reduce using rule 3 (expr -> expr OPEN_BRACKETS expr CLOSED_BRACKETS .)
    EQUALS          reduce using rule 3 (expr -> expr OPEN_BRACKETS expr CLOSED_BRACKETS .)
    GREATER_EQUALS  reduce using rule 3 (expr -> expr OPEN_BRACKETS expr CLOSED_BRACKETS .)
    UNEQUALS        reduce using rule 3 (expr -> expr OPEN_BRACKETS expr CLOSED_BRACKETS .)
    GREATER_THAN    reduce using rule 3 (expr -> expr OPEN_BRACKETS expr CLOSED_BRACKETS .)
    SMALLER_THAN    reduce using rule 3 (expr -> expr OPEN_BRACKETS expr CLOSED_BRACKETS .)
    SMALLER_EQUALS  reduce using rule 3 (expr -> expr OPEN_BRACKETS expr CLOSED_BRACKETS .)
    $end            reduce using rule 3 (expr -> expr OPEN_BRACKETS expr CLOSED_BRACKETS .)
    CLOSED_BRACKETS reduce using rule 3 (expr -> expr OPEN_BRACKETS expr CLOSED_BRACKETS .)
    DOT             reduce using rule 3 (expr -> expr OPEN_BRACKETS expr CLOSED_BRACKETS .)
    COMMA           reduce using rule 3 (expr -> expr OPEN_BRACKETS expr CLOSED_BRACKETS .)
    RPAREN          reduce using rule 3 (expr -> expr OPEN_BRACKETS expr CLOSED_BRACKETS .)
    SEMICOLON       reduce using rule 3 (expr -> expr OPEN_BRACKETS expr CLOSED_BRACKETS .)
    END             reduce using rule 3 (expr -> expr OPEN_BRACKETS expr CLOSED_BRACKETS .)
    THEN            reduce using rule 3 (expr -> expr OPEN_BRACKETS expr CLOSED_BRACKETS .)
    WITH            reduce using rule 3 (expr -> expr OPEN_BRACKETS expr CLOSED_BRACKETS .)
    COLON           reduce using rule 3 (expr -> expr OPEN_BRACKETS expr CLOSED_BRACKETS .)
    IN              reduce using rule 3 (expr -> expr OPEN_BRACKETS expr CLOSED_BRACKETS .)
    LOOPTHEN        reduce using rule 3 (expr -> expr OPEN_BRACKETS expr CLOSED_BRACKETS .)
    ELSE            reduce using rule 3 (expr -> expr OPEN_BRACKETS expr CLOSED_BRACKETS .)


state 203

    (2) expr -> expr OPEN_BRACKETS PLUS CLOSED_BRACKETS .
    (78) expr -> CLOSED_BRACKETS . expr DOT DOT expr CLOSED_BRACKETS
    (80) expr -> CLOSED_BRACKETS . expr DOT DOT expr OPEN_BRACKETS
    (1) expr -> . expr ARROW expr
    (2) expr -> . expr OPEN_BRACKETS PLUS CLOSED_BRACKETS
    (3) expr -> . expr OPEN_BRACKETS expr CLOSED_BRACKETS
    (4) expr -> . IDENTIFIER PLUS_ASSIGN expr
    (5) expr -> . IDENTIFIER MINUS_ASSIGN expr
    (6) expr -> . IDENTIFIER SMALLER_EQUALS_ASSIGN expr
    (7) expr -> . IDENTIFIER GREATER_THAN_ASSIGN expr
    (8) expr -> . IDENTIFIER SMALLER_THAN_ASSIGN expr
    (9) expr -> . IDENTIFIER AND_ASSIGN expr
    (10) expr -> . IDENTIFIER OR_ASSIGN expr
    (11) expr -> . IDENTIFIER XOR_ASSIGN expr
    (12) expr -> . IDENTIFIER MOD_ASSIGN expr
    (13) expr -> . IDENTIFIER EXP_ASSIGN expr
    (14) expr -> . IDENTIFIER POWER_ASSIGN expr
    (15) expr -> . IDENTIFIER TIMES_ASSIGN expr
    (16) expr -> . IDENTIFIER DIVIDE_CEIL_ASSIGN expr
    (17) expr -> . IDENTIFIER DIVIDE_FLOOR_ASSIGN expr
    (18) expr -> . IDENTIFIER DIVIDE_ASSIGN expr
    (19) expr -> . IDENTIFIER EQUALS_ASSIGN expr
    (20) expr -> . IDENTIFIER UNEQUALS_ASSIGN expr
    (21) expr -> . IDENTIFIER GREATER_EQUALS_ASSIGN expr
    (26) expr -> . expr LPAREN para_expr RPAREN
    (41) expr -> . expr CONS expr
    (46) expr -> . expr PLUS expr
    (47) expr -> . expr MINUS expr
    (48) expr -> . expr EXP expr
    (49) expr -> . expr MOD expr
    (50) expr -> . NOT expr
    (51) expr -> . PLUS expr
    (52) expr -> . MINUS expr
    (53) expr -> . expr IMAG
    (54) expr -> . comp
    (55) expr -> . assign_expr
    (56) expr -> . BEGIN sequence END
    (57) expr -> . BEGIN END
    (58) expr -> . expr POWER expr
    (59) expr -> . LET letrec_assign IN expr DOT
    (60) expr -> . OPEN_BRACKETS param_list CLOSED_BRACKETS
    (61) expr -> . OPEN_BRACKETS expr CLOSED_BRACKETS
    (62) expr -> . OPEN_BRACKETS CLOSED_BRACKETS
    (63) expr -> . STRUCT BEGIN assign_list END
    (64) expr -> . STRUCT BEGIN END
    (65) expr -> . expr TIMES expr
    (66) expr -> . expr DIVIDE_CEIL expr
    (67) expr -> . expr DIVIDE_FLOOR expr
    (68) expr -> . expr DIVIDE expr
    (69) expr -> . expr AND expr
    (70) expr -> . expr XOR expr
    (71) expr -> . expr OR expr
    (73) expr -> . FLOAT
    (74) expr -> . IF expr THEN COMMA expr DOT
    (75) expr -> . IF expr THEN COMMA expr else_elif_body DOT
    (76) expr -> . IMPORT file
    (77) expr -> . OPEN_BRACKETS expr DOT DOT expr CLOSED_BRACKETS
    (78) expr -> . CLOSED_BRACKETS expr DOT DOT expr CLOSED_BRACKETS
    (79) expr -> . OPEN_BRACKETS expr DOT DOT expr OPEN_BRACKETS
    (80) expr -> . CLOSED_BRACKETS expr DOT DOT expr OPEN_BRACKETS
    (81) expr -> . LAMBDA para ARROW type COLON expr
    (82) expr -> . NULL
    (85) expr -> . LPAREN param_list RPAREN
    (86) expr -> . LOOP IDENTIFIER IN expr LOOPTHEN expr DOT
    (87) expr -> . MATCH expr WITH cases DOT
    (88) expr -> . NUMBER
    (115) expr -> . LPAREN expr RPAREN
    (120) expr -> . STRING
    (130) expr -> . T_UNDEF expr
    (131) expr -> . IDENTIFIER
    (132) expr -> . WHILE expr THEN COMMA expr DOT
    (29) comp -> . expr EQUALS expr
    (30) comp -> . comp EQUALS expr
    (31) comp -> . expr GREATER_EQUALS expr
    (32) comp -> . comp GREATER_EQUALS expr
    (33) comp -> . expr UNEQUALS expr
    (34) comp -> . comp UNEQUALS expr
    (35) comp -> . expr GREATER_THAN expr
    (36) comp -> . comp GREATER_THAN expr
    (37) comp -> . expr SMALLER_THAN expr
    (38) comp -> . comp SMALLER_THAN expr
    (39) comp -> . expr SMALLER_EQUALS expr
    (40) comp -> . comp SMALLER_EQUALS expr
    (22) assign_expr -> . type IDENTIFIER ASSIGN expr
    (23) assign_expr -> . IDENTIFIER ASSIGN expr
    (121) type -> . T_INT
    (122) type -> . T_FLOAT
    (123) type -> . T_STRING
    (124) type -> . T_COMPLEX
    (125) type -> . LPAREN type_arg RPAREN ARROW type
    (126) type -> . type ARROW type
    (127) type -> . OPEN_BRACKETS CLOSED_BRACKETS type

    ARROW           reduce using rule 2 (expr -> expr OPEN_BRACKETS PLUS CLOSED_BRACKETS .)
    OPEN_BRACKETS   reduce using rule 2 (expr -> expr OPEN_BRACKETS PLUS CLOSED_BRACKETS .)
    LPAREN          reduce using rule 2 (expr -> expr OPEN_BRACKETS PLUS CLOSED_BRACKETS .)
    CONS            reduce using rule 2 (expr -> expr OPEN_BRACKETS PLUS CLOSED_BRACKETS .)
    PLUS            reduce using rule 2 (expr -> expr OPEN_BRACKETS PLUS CLOSED_BRACKETS .)
    MINUS           reduce using rule 2 (expr -> expr OPEN_BRACKETS PLUS CLOSED_BRACKETS .)
    EXP             reduce using rule 2 (expr -> expr OPEN_BRACKETS PLUS CLOSED_BRACKETS .)
    MOD             reduce using rule 2 (expr -> expr OPEN_BRACKETS PLUS CLOSED_BRACKETS .)
    IMAG            reduce using rule 2 (expr -> expr OPEN_BRACKETS PLUS CLOSED_BRACKETS .)
    POWER           reduce using rule 2 (expr -> expr OPEN_BRACKETS PLUS CLOSED_BRACKETS .)
    TIMES           reduce using rule 2 (expr -> expr OPEN_BRACKETS PLUS CLOSED_BRACKETS .)
    DIVIDE_CEIL     reduce using rule 2 (expr -> expr OPEN_BRACKETS PLUS CLOSED_BRACKETS .)
    DIVIDE_FLOOR    reduce using rule 2 (expr -> expr OPEN_BRACKETS PLUS CLOSED_BRACKETS .)
    DIVIDE          reduce using rule 2 (expr -> expr OPEN_BRACKETS PLUS CLOSED_BRACKETS .)
    AND             reduce using rule 2 (expr -> expr OPEN_BRACKETS PLUS CLOSED_BRACKETS .)
    XOR             reduce using rule 2 (expr -> expr OPEN_BRACKETS PLUS CLOSED_BRACKETS .)
    OR              reduce using rule 2 (expr -> expr OPEN_BRACKETS PLUS CLOSED_BRACKETS .)
    EQUALS          reduce using rule 2 (expr -> expr OPEN_BRACKETS PLUS CLOSED_BRACKETS .)
    GREATER_EQUALS  reduce using rule 2 (expr -> expr OPEN_BRACKETS PLUS CLOSED_BRACKETS .)
    UNEQUALS        reduce using rule 2 (expr -> expr OPEN_BRACKETS PLUS CLOSED_BRACKETS .)
    GREATER_THAN    reduce using rule 2 (expr -> expr OPEN_BRACKETS PLUS CLOSED_BRACKETS .)
    SMALLER_THAN    reduce using rule 2 (expr -> expr OPEN_BRACKETS PLUS CLOSED_BRACKETS .)
    SMALLER_EQUALS  reduce using rule 2 (expr -> expr OPEN_BRACKETS PLUS CLOSED_BRACKETS .)
    $end            reduce using rule 2 (expr -> expr OPEN_BRACKETS PLUS CLOSED_BRACKETS .)
    CLOSED_BRACKETS reduce using rule 2 (expr -> expr OPEN_BRACKETS PLUS CLOSED_BRACKETS .)
    DOT             reduce using rule 2 (expr -> expr OPEN_BRACKETS PLUS CLOSED_BRACKETS .)
    COMMA           reduce using rule 2 (expr -> expr OPEN_BRACKETS PLUS CLOSED_BRACKETS .)
    RPAREN          reduce using rule 2 (expr -> expr OPEN_BRACKETS PLUS CLOSED_BRACKETS .)
    SEMICOLON       reduce using rule 2 (expr -> expr OPEN_BRACKETS PLUS CLOSED_BRACKETS .)
    END             reduce using rule 2 (expr -> expr OPEN_BRACKETS PLUS CLOSED_BRACKETS .)
    THEN            reduce using rule 2 (expr -> expr OPEN_BRACKETS PLUS CLOSED_BRACKETS .)
    WITH            reduce using rule 2 (expr -> expr OPEN_BRACKETS PLUS CLOSED_BRACKETS .)
    COLON           reduce using rule 2 (expr -> expr OPEN_BRACKETS PLUS CLOSED_BRACKETS .)
    IN              reduce using rule 2 (expr -> expr OPEN_BRACKETS PLUS CLOSED_BRACKETS .)
    LOOPTHEN        reduce using rule 2 (expr -> expr OPEN_BRACKETS PLUS CLOSED_BRACKETS .)
    ELSE            reduce using rule 2 (expr -> expr OPEN_BRACKETS PLUS CLOSED_BRACKETS .)
    IDENTIFIER      shift and go to state 6
    NOT             shift and go to state 9
    BEGIN           shift and go to state 12
    LET             shift and go to state 13
    STRUCT          shift and go to state 14
    FLOAT           shift and go to state 15
    IF              shift and go to state 16
    IMPORT          shift and go to state 17
    LAMBDA          shift and go to state 18
    NULL            shift and go to state 20
    LOOP            shift and go to state 21
    MATCH           shift and go to state 22
    NUMBER          shift and go to state 23
    STRING          shift and go to state 24
    T_UNDEF         shift and go to state 25
    WHILE           shift and go to state 26
    T_INT           shift and go to state 27
    T_FLOAT         shift and go to state 28
    T_STRING        shift and go to state 29
    T_COMPLEX       shift and go to state 30

  ! PLUS            [ shift and go to state 4 ]
  ! MINUS           [ shift and go to state 8 ]
  ! OPEN_BRACKETS   [ shift and go to state 3 ]
  ! CLOSED_BRACKETS [ shift and go to state 5 ]
  ! LPAREN          [ shift and go to state 7 ]

    expr                           shift and go to state 58
    comp                           shift and go to state 10
    assign_expr                    shift and go to state 11
    type                           shift and go to state 19

state 204

    (107) param_pos_expr -> expr COMMA . param_pos_expr
    (107) param_pos_expr -> . expr COMMA param_pos_expr
    (108) param_pos_expr -> . expr
    (109) param_pos_expr -> . para_keywords_expr
    (1) expr -> . expr ARROW expr
    (2) expr -> . expr OPEN_BRACKETS PLUS CLOSED_BRACKETS
    (3) expr -> . expr OPEN_BRACKETS expr CLOSED_BRACKETS
    (4) expr -> . IDENTIFIER PLUS_ASSIGN expr
    (5) expr -> . IDENTIFIER MINUS_ASSIGN expr
    (6) expr -> . IDENTIFIER SMALLER_EQUALS_ASSIGN expr
    (7) expr -> . IDENTIFIER GREATER_THAN_ASSIGN expr
    (8) expr -> . IDENTIFIER SMALLER_THAN_ASSIGN expr
    (9) expr -> . IDENTIFIER AND_ASSIGN expr
    (10) expr -> . IDENTIFIER OR_ASSIGN expr
    (11) expr -> . IDENTIFIER XOR_ASSIGN expr
    (12) expr -> . IDENTIFIER MOD_ASSIGN expr
    (13) expr -> . IDENTIFIER EXP_ASSIGN expr
    (14) expr -> . IDENTIFIER POWER_ASSIGN expr
    (15) expr -> . IDENTIFIER TIMES_ASSIGN expr
    (16) expr -> . IDENTIFIER DIVIDE_CEIL_ASSIGN expr
    (17) expr -> . IDENTIFIER DIVIDE_FLOOR_ASSIGN expr
    (18) expr -> . IDENTIFIER DIVIDE_ASSIGN expr
    (19) expr -> . IDENTIFIER EQUALS_ASSIGN expr
    (20) expr -> . IDENTIFIER UNEQUALS_ASSIGN expr
    (21) expr -> . IDENTIFIER GREATER_EQUALS_ASSIGN expr
    (26) expr -> . expr LPAREN para_expr RPAREN
    (41) expr -> . expr CONS expr
    (46) expr -> . expr PLUS expr
    (47) expr -> . expr MINUS expr
    (48) expr -> . expr EXP expr
    (49) expr -> . expr MOD expr
    (50) expr -> . NOT expr
    (51) expr -> . PLUS expr
    (52) expr -> . MINUS expr
    (53) expr -> . expr IMAG
    (54) expr -> . comp
    (55) expr -> . assign_expr
    (56) expr -> . BEGIN sequence END
    (57) expr -> . BEGIN END
    (58) expr -> . expr POWER expr
    (59) expr -> . LET letrec_assign IN expr DOT
    (60) expr -> . OPEN_BRACKETS param_list CLOSED_BRACKETS
    (61) expr -> . OPEN_BRACKETS expr CLOSED_BRACKETS
    (62) expr -> . OPEN_BRACKETS CLOSED_BRACKETS
    (63) expr -> . STRUCT BEGIN assign_list END
    (64) expr -> . STRUCT BEGIN END
    (65) expr -> . expr TIMES expr
    (66) expr -> . expr DIVIDE_CEIL expr
    (67) expr -> . expr DIVIDE_FLOOR expr
    (68) expr -> . expr DIVIDE expr
    (69) expr -> . expr AND expr
    (70) expr -> . expr XOR expr
    (71) expr -> . expr OR expr
    (73) expr -> . FLOAT
    (74) expr -> . IF expr THEN COMMA expr DOT
    (75) expr -> . IF expr THEN COMMA expr else_elif_body DOT
    (76) expr -> . IMPORT file
    (77) expr -> . OPEN_BRACKETS expr DOT DOT expr CLOSED_BRACKETS
    (78) expr -> . CLOSED_BRACKETS expr DOT DOT expr CLOSED_BRACKETS
    (79) expr -> . OPEN_BRACKETS expr DOT DOT expr OPEN_BRACKETS
    (80) expr -> . CLOSED_BRACKETS expr DOT DOT expr OPEN_BRACKETS
    (81) expr -> . LAMBDA para ARROW type COLON expr
    (82) expr -> . NULL
    (85) expr -> . LPAREN param_list RPAREN
    (86) expr -> . LOOP IDENTIFIER IN expr LOOPTHEN expr DOT
    (87) expr -> . MATCH expr WITH cases DOT
    (88) expr -> . NUMBER
    (115) expr -> . LPAREN expr RPAREN
    (120) expr -> . STRING
    (130) expr -> . T_UNDEF expr
    (131) expr -> . IDENTIFIER
    (132) expr -> . WHILE expr THEN COMMA expr DOT
    (97) para_keywords_expr -> . expr COLON expr COMMA para_keywords_expr
    (98) para_keywords_expr -> . expr COLON expr
    (29) comp -> . expr EQUALS expr
    (30) comp -> . comp EQUALS expr
    (31) comp -> . expr GREATER_EQUALS expr
    (32) comp -> . comp GREATER_EQUALS expr
    (33) comp -> . expr UNEQUALS expr
    (34) comp -> . comp UNEQUALS expr
    (35) comp -> . expr GREATER_THAN expr
    (36) comp -> . comp GREATER_THAN expr
    (37) comp -> . expr SMALLER_THAN expr
    (38) comp -> . comp SMALLER_THAN expr
    (39) comp -> . expr SMALLER_EQUALS expr
    (40) comp -> . comp SMALLER_EQUALS expr
    (22) assign_expr -> . type IDENTIFIER ASSIGN expr
    (23) assign_expr -> . IDENTIFIER ASSIGN expr
    (121) type -> . T_INT
    (122) type -> . T_FLOAT
    (123) type -> . T_STRING
    (124) type -> . T_COMPLEX
    (125) type -> . LPAREN type_arg RPAREN ARROW type
    (126) type -> . type ARROW type
    (127) type -> . OPEN_BRACKETS CLOSED_BRACKETS type

    IDENTIFIER      shift and go to state 6
    NOT             shift and go to state 9
    PLUS            shift and go to state 4
    MINUS           shift and go to state 8
    BEGIN           shift and go to state 12
    LET             shift and go to state 13
    OPEN_BRACKETS   shift and go to state 3
    STRUCT          shift and go to state 14
    FLOAT           shift and go to state 15
    IF              shift and go to state 16
    IMPORT          shift and go to state 17
    CLOSED_BRACKETS shift and go to state 5
    LAMBDA          shift and go to state 18
    NULL            shift and go to state 20
    LPAREN          shift and go to state 7
    LOOP            shift and go to state 21
    MATCH           shift and go to state 22
    NUMBER          shift and go to state 23
    STRING          shift and go to state 24
    T_UNDEF         shift and go to state 25
    WHILE           shift and go to state 26
    T_INT           shift and go to state 27
    T_FLOAT         shift and go to state 28
    T_STRING        shift and go to state 29
    T_COMPLEX       shift and go to state 30

    expr                           shift and go to state 117
    param_pos_expr                 shift and go to state 233
    para_keywords_expr             shift and go to state 121
    comp                           shift and go to state 10
    assign_expr                    shift and go to state 11
    type                           shift and go to state 19

state 205

    (97) para_keywords_expr -> expr COLON . expr COMMA para_keywords_expr
    (98) para_keywords_expr -> expr COLON . expr
    (1) expr -> . expr ARROW expr
    (2) expr -> . expr OPEN_BRACKETS PLUS CLOSED_BRACKETS
    (3) expr -> . expr OPEN_BRACKETS expr CLOSED_BRACKETS
    (4) expr -> . IDENTIFIER PLUS_ASSIGN expr
    (5) expr -> . IDENTIFIER MINUS_ASSIGN expr
    (6) expr -> . IDENTIFIER SMALLER_EQUALS_ASSIGN expr
    (7) expr -> . IDENTIFIER GREATER_THAN_ASSIGN expr
    (8) expr -> . IDENTIFIER SMALLER_THAN_ASSIGN expr
    (9) expr -> . IDENTIFIER AND_ASSIGN expr
    (10) expr -> . IDENTIFIER OR_ASSIGN expr
    (11) expr -> . IDENTIFIER XOR_ASSIGN expr
    (12) expr -> . IDENTIFIER MOD_ASSIGN expr
    (13) expr -> . IDENTIFIER EXP_ASSIGN expr
    (14) expr -> . IDENTIFIER POWER_ASSIGN expr
    (15) expr -> . IDENTIFIER TIMES_ASSIGN expr
    (16) expr -> . IDENTIFIER DIVIDE_CEIL_ASSIGN expr
    (17) expr -> . IDENTIFIER DIVIDE_FLOOR_ASSIGN expr
    (18) expr -> . IDENTIFIER DIVIDE_ASSIGN expr
    (19) expr -> . IDENTIFIER EQUALS_ASSIGN expr
    (20) expr -> . IDENTIFIER UNEQUALS_ASSIGN expr
    (21) expr -> . IDENTIFIER GREATER_EQUALS_ASSIGN expr
    (26) expr -> . expr LPAREN para_expr RPAREN
    (41) expr -> . expr CONS expr
    (46) expr -> . expr PLUS expr
    (47) expr -> . expr MINUS expr
    (48) expr -> . expr EXP expr
    (49) expr -> . expr MOD expr
    (50) expr -> . NOT expr
    (51) expr -> . PLUS expr
    (52) expr -> . MINUS expr
    (53) expr -> . expr IMAG
    (54) expr -> . comp
    (55) expr -> . assign_expr
    (56) expr -> . BEGIN sequence END
    (57) expr -> . BEGIN END
    (58) expr -> . expr POWER expr
    (59) expr -> . LET letrec_assign IN expr DOT
    (60) expr -> . OPEN_BRACKETS param_list CLOSED_BRACKETS
    (61) expr -> . OPEN_BRACKETS expr CLOSED_BRACKETS
    (62) expr -> . OPEN_BRACKETS CLOSED_BRACKETS
    (63) expr -> . STRUCT BEGIN assign_list END
    (64) expr -> . STRUCT BEGIN END
    (65) expr -> . expr TIMES expr
    (66) expr -> . expr DIVIDE_CEIL expr
    (67) expr -> . expr DIVIDE_FLOOR expr
    (68) expr -> . expr DIVIDE expr
    (69) expr -> . expr AND expr
    (70) expr -> . expr XOR expr
    (71) expr -> . expr OR expr
    (73) expr -> . FLOAT
    (74) expr -> . IF expr THEN COMMA expr DOT
    (75) expr -> . IF expr THEN COMMA expr else_elif_body DOT
    (76) expr -> . IMPORT file
    (77) expr -> . OPEN_BRACKETS expr DOT DOT expr CLOSED_BRACKETS
    (78) expr -> . CLOSED_BRACKETS expr DOT DOT expr CLOSED_BRACKETS
    (79) expr -> . OPEN_BRACKETS expr DOT DOT expr OPEN_BRACKETS
    (80) expr -> . CLOSED_BRACKETS expr DOT DOT expr OPEN_BRACKETS
    (81) expr -> . LAMBDA para ARROW type COLON expr
    (82) expr -> . NULL
    (85) expr -> . LPAREN param_list RPAREN
    (86) expr -> . LOOP IDENTIFIER IN expr LOOPTHEN expr DOT
    (87) expr -> . MATCH expr WITH cases DOT
    (88) expr -> . NUMBER
    (115) expr -> . LPAREN expr RPAREN
    (120) expr -> . STRING
    (130) expr -> . T_UNDEF expr
    (131) expr -> . IDENTIFIER
    (132) expr -> . WHILE expr THEN COMMA expr DOT
    (29) comp -> . expr EQUALS expr
    (30) comp -> . comp EQUALS expr
    (31) comp -> . expr GREATER_EQUALS expr
    (32) comp -> . comp GREATER_EQUALS expr
    (33) comp -> . expr UNEQUALS expr
    (34) comp -> . comp UNEQUALS expr
    (35) comp -> . expr GREATER_THAN expr
    (36) comp -> . comp GREATER_THAN expr
    (37) comp -> . expr SMALLER_THAN expr
    (38) comp -> . comp SMALLER_THAN expr
    (39) comp -> . expr SMALLER_EQUALS expr
    (40) comp -> . comp SMALLER_EQUALS expr
    (22) assign_expr -> . type IDENTIFIER ASSIGN expr
    (23) assign_expr -> . IDENTIFIER ASSIGN expr
    (121) type -> . T_INT
    (122) type -> . T_FLOAT
    (123) type -> . T_STRING
    (124) type -> . T_COMPLEX
    (125) type -> . LPAREN type_arg RPAREN ARROW type
    (126) type -> . type ARROW type
    (127) type -> . OPEN_BRACKETS CLOSED_BRACKETS type

    IDENTIFIER      shift and go to state 6
    NOT             shift and go to state 9
    PLUS            shift and go to state 4
    MINUS           shift and go to state 8
    BEGIN           shift and go to state 12
    LET             shift and go to state 13
    OPEN_BRACKETS   shift and go to state 3
    STRUCT          shift and go to state 14
    FLOAT           shift and go to state 15
    IF              shift and go to state 16
    IMPORT          shift and go to state 17
    CLOSED_BRACKETS shift and go to state 5
    LAMBDA          shift and go to state 18
    NULL            shift and go to state 20
    LPAREN          shift and go to state 7
    LOOP            shift and go to state 21
    MATCH           shift and go to state 22
    NUMBER          shift and go to state 23
    STRING          shift and go to state 24
    T_UNDEF         shift and go to state 25
    WHILE           shift and go to state 26
    T_INT           shift and go to state 27
    T_FLOAT         shift and go to state 28
    T_STRING        shift and go to state 29
    T_COMPLEX       shift and go to state 30

    expr                           shift and go to state 234
    comp                           shift and go to state 10
    assign_expr                    shift and go to state 11
    type                           shift and go to state 19

state 206

    (26) expr -> expr LPAREN para_expr RPAREN .

    ARROW           reduce using rule 26 (expr -> expr LPAREN para_expr RPAREN .)
    OPEN_BRACKETS   reduce using rule 26 (expr -> expr LPAREN para_expr RPAREN .)
    LPAREN          reduce using rule 26 (expr -> expr LPAREN para_expr RPAREN .)
    CONS            reduce using rule 26 (expr -> expr LPAREN para_expr RPAREN .)
    PLUS            reduce using rule 26 (expr -> expr LPAREN para_expr RPAREN .)
    MINUS           reduce using rule 26 (expr -> expr LPAREN para_expr RPAREN .)
    EXP             reduce using rule 26 (expr -> expr LPAREN para_expr RPAREN .)
    MOD             reduce using rule 26 (expr -> expr LPAREN para_expr RPAREN .)
    IMAG            reduce using rule 26 (expr -> expr LPAREN para_expr RPAREN .)
    POWER           reduce using rule 26 (expr -> expr LPAREN para_expr RPAREN .)
    TIMES           reduce using rule 26 (expr -> expr LPAREN para_expr RPAREN .)
    DIVIDE_CEIL     reduce using rule 26 (expr -> expr LPAREN para_expr RPAREN .)
    DIVIDE_FLOOR    reduce using rule 26 (expr -> expr LPAREN para_expr RPAREN .)
    DIVIDE          reduce using rule 26 (expr -> expr LPAREN para_expr RPAREN .)
    AND             reduce using rule 26 (expr -> expr LPAREN para_expr RPAREN .)
    XOR             reduce using rule 26 (expr -> expr LPAREN para_expr RPAREN .)
    OR              reduce using rule 26 (expr -> expr LPAREN para_expr RPAREN .)
    EQUALS          reduce using rule 26 (expr -> expr LPAREN para_expr RPAREN .)
    GREATER_EQUALS  reduce using rule 26 (expr -> expr LPAREN para_expr RPAREN .)
    UNEQUALS        reduce using rule 26 (expr -> expr LPAREN para_expr RPAREN .)
    GREATER_THAN    reduce using rule 26 (expr -> expr LPAREN para_expr RPAREN .)
    SMALLER_THAN    reduce using rule 26 (expr -> expr LPAREN para_expr RPAREN .)
    SMALLER_EQUALS  reduce using rule 26 (expr -> expr LPAREN para_expr RPAREN .)
    $end            reduce using rule 26 (expr -> expr LPAREN para_expr RPAREN .)
    CLOSED_BRACKETS reduce using rule 26 (expr -> expr LPAREN para_expr RPAREN .)
    DOT             reduce using rule 26 (expr -> expr LPAREN para_expr RPAREN .)
    COMMA           reduce using rule 26 (expr -> expr LPAREN para_expr RPAREN .)
    RPAREN          reduce using rule 26 (expr -> expr LPAREN para_expr RPAREN .)
    SEMICOLON       reduce using rule 26 (expr -> expr LPAREN para_expr RPAREN .)
    END             reduce using rule 26 (expr -> expr LPAREN para_expr RPAREN .)
    THEN            reduce using rule 26 (expr -> expr LPAREN para_expr RPAREN .)
    WITH            reduce using rule 26 (expr -> expr LPAREN para_expr RPAREN .)
    COLON           reduce using rule 26 (expr -> expr LPAREN para_expr RPAREN .)
    IN              reduce using rule 26 (expr -> expr LPAREN para_expr RPAREN .)
    LOOPTHEN        reduce using rule 26 (expr -> expr LPAREN para_expr RPAREN .)
    ELSE            reduce using rule 26 (expr -> expr LPAREN para_expr RPAREN .)


state 207

    (104) param_list -> param_list COMMA expr .
    (1) expr -> expr . ARROW expr
    (2) expr -> expr . OPEN_BRACKETS PLUS CLOSED_BRACKETS
    (3) expr -> expr . OPEN_BRACKETS expr CLOSED_BRACKETS
    (26) expr -> expr . LPAREN para_expr RPAREN
    (41) expr -> expr . CONS expr
    (46) expr -> expr . PLUS expr
    (47) expr -> expr . MINUS expr
    (48) expr -> expr . EXP expr
    (49) expr -> expr . MOD expr
    (53) expr -> expr . IMAG
    (58) expr -> expr . POWER expr
    (65) expr -> expr . TIMES expr
    (66) expr -> expr . DIVIDE_CEIL expr
    (67) expr -> expr . DIVIDE_FLOOR expr
    (68) expr -> expr . DIVIDE expr
    (69) expr -> expr . AND expr
    (70) expr -> expr . XOR expr
    (71) expr -> expr . OR expr
    (29) comp -> expr . EQUALS expr
    (31) comp -> expr . GREATER_EQUALS expr
    (33) comp -> expr . UNEQUALS expr
    (35) comp -> expr . GREATER_THAN expr
    (37) comp -> expr . SMALLER_THAN expr
    (39) comp -> expr . SMALLER_EQUALS expr

    CLOSED_BRACKETS reduce using rule 104 (param_list -> param_list COMMA expr .)
    COMMA           reduce using rule 104 (param_list -> param_list COMMA expr .)
    RPAREN          reduce using rule 104 (param_list -> param_list COMMA expr .)
    ARROW           shift and go to state 31
    OPEN_BRACKETS   shift and go to state 32
    LPAREN          shift and go to state 34
    CONS            shift and go to state 35
    PLUS            shift and go to state 33
    MINUS           shift and go to state 36
    EXP             shift and go to state 37
    MOD             shift and go to state 38
    IMAG            shift and go to state 39
    POWER           shift and go to state 40
    TIMES           shift and go to state 41
    DIVIDE_CEIL     shift and go to state 42
    DIVIDE_FLOOR    shift and go to state 43
    DIVIDE          shift and go to state 44
    AND             shift and go to state 45
    XOR             shift and go to state 46
    OR              shift and go to state 47
    EQUALS          shift and go to state 48
    GREATER_EQUALS  shift and go to state 49
    UNEQUALS        shift and go to state 50
    GREATER_THAN    shift and go to state 51
    SMALLER_THAN    shift and go to state 52
    SMALLER_EQUALS  shift and go to state 53


state 208

    (127) type -> OPEN_BRACKETS CLOSED_BRACKETS . type
    (62) expr -> OPEN_BRACKETS CLOSED_BRACKETS .
    (78) expr -> CLOSED_BRACKETS . expr DOT DOT expr CLOSED_BRACKETS
    (80) expr -> CLOSED_BRACKETS . expr DOT DOT expr OPEN_BRACKETS
    (121) type -> . T_INT
    (122) type -> . T_FLOAT
    (123) type -> . T_STRING
    (124) type -> . T_COMPLEX
    (125) type -> . LPAREN type_arg RPAREN ARROW type
    (126) type -> . type ARROW type
    (127) type -> . OPEN_BRACKETS CLOSED_BRACKETS type
    (1) expr -> . expr ARROW expr
    (2) expr -> . expr OPEN_BRACKETS PLUS CLOSED_BRACKETS
    (3) expr -> . expr OPEN_BRACKETS expr CLOSED_BRACKETS
    (4) expr -> . IDENTIFIER PLUS_ASSIGN expr
    (5) expr -> . IDENTIFIER MINUS_ASSIGN expr
    (6) expr -> . IDENTIFIER SMALLER_EQUALS_ASSIGN expr
    (7) expr -> . IDENTIFIER GREATER_THAN_ASSIGN expr
    (8) expr -> . IDENTIFIER SMALLER_THAN_ASSIGN expr
    (9) expr -> . IDENTIFIER AND_ASSIGN expr
    (10) expr -> . IDENTIFIER OR_ASSIGN expr
    (11) expr -> . IDENTIFIER XOR_ASSIGN expr
    (12) expr -> . IDENTIFIER MOD_ASSIGN expr
    (13) expr -> . IDENTIFIER EXP_ASSIGN expr
    (14) expr -> . IDENTIFIER POWER_ASSIGN expr
    (15) expr -> . IDENTIFIER TIMES_ASSIGN expr
    (16) expr -> . IDENTIFIER DIVIDE_CEIL_ASSIGN expr
    (17) expr -> . IDENTIFIER DIVIDE_FLOOR_ASSIGN expr
    (18) expr -> . IDENTIFIER DIVIDE_ASSIGN expr
    (19) expr -> . IDENTIFIER EQUALS_ASSIGN expr
    (20) expr -> . IDENTIFIER UNEQUALS_ASSIGN expr
    (21) expr -> . IDENTIFIER GREATER_EQUALS_ASSIGN expr
    (26) expr -> . expr LPAREN para_expr RPAREN
    (41) expr -> . expr CONS expr
    (46) expr -> . expr PLUS expr
    (47) expr -> . expr MINUS expr
    (48) expr -> . expr EXP expr
    (49) expr -> . expr MOD expr
    (50) expr -> . NOT expr
    (51) expr -> . PLUS expr
    (52) expr -> . MINUS expr
    (53) expr -> . expr IMAG
    (54) expr -> . comp
    (55) expr -> . assign_expr
    (56) expr -> . BEGIN sequence END
    (57) expr -> . BEGIN END
    (58) expr -> . expr POWER expr
    (59) expr -> . LET letrec_assign IN expr DOT
    (60) expr -> . OPEN_BRACKETS param_list CLOSED_BRACKETS
    (61) expr -> . OPEN_BRACKETS expr CLOSED_BRACKETS
    (62) expr -> . OPEN_BRACKETS CLOSED_BRACKETS
    (63) expr -> . STRUCT BEGIN assign_list END
    (64) expr -> . STRUCT BEGIN END
    (65) expr -> . expr TIMES expr
    (66) expr -> . expr DIVIDE_CEIL expr
    (67) expr -> . expr DIVIDE_FLOOR expr
    (68) expr -> . expr DIVIDE expr
    (69) expr -> . expr AND expr
    (70) expr -> . expr XOR expr
    (71) expr -> . expr OR expr
    (73) expr -> . FLOAT
    (74) expr -> . IF expr THEN COMMA expr DOT
    (75) expr -> . IF expr THEN COMMA expr else_elif_body DOT
    (76) expr -> . IMPORT file
    (77) expr -> . OPEN_BRACKETS expr DOT DOT expr CLOSED_BRACKETS
    (78) expr -> . CLOSED_BRACKETS expr DOT DOT expr CLOSED_BRACKETS
    (79) expr -> . OPEN_BRACKETS expr DOT DOT expr OPEN_BRACKETS
    (80) expr -> . CLOSED_BRACKETS expr DOT DOT expr OPEN_BRACKETS
    (81) expr -> . LAMBDA para ARROW type COLON expr
    (82) expr -> . NULL
    (85) expr -> . LPAREN param_list RPAREN
    (86) expr -> . LOOP IDENTIFIER IN expr LOOPTHEN expr DOT
    (87) expr -> . MATCH expr WITH cases DOT
    (88) expr -> . NUMBER
    (115) expr -> . LPAREN expr RPAREN
    (120) expr -> . STRING
    (130) expr -> . T_UNDEF expr
    (131) expr -> . IDENTIFIER
    (132) expr -> . WHILE expr THEN COMMA expr DOT
    (29) comp -> . expr EQUALS expr
    (30) comp -> . comp EQUALS expr
    (31) comp -> . expr GREATER_EQUALS expr
    (32) comp -> . comp GREATER_EQUALS expr
    (33) comp -> . expr UNEQUALS expr
    (34) comp -> . comp UNEQUALS expr
    (35) comp -> . expr GREATER_THAN expr
    (36) comp -> . comp GREATER_THAN expr
    (37) comp -> . expr SMALLER_THAN expr
    (38) comp -> . comp SMALLER_THAN expr
    (39) comp -> . expr SMALLER_EQUALS expr
    (40) comp -> . comp SMALLER_EQUALS expr
    (22) assign_expr -> . type IDENTIFIER ASSIGN expr
    (23) assign_expr -> . IDENTIFIER ASSIGN expr

    DOT             reduce using rule 62 (expr -> OPEN_BRACKETS CLOSED_BRACKETS .)
    ARROW           reduce using rule 62 (expr -> OPEN_BRACKETS CLOSED_BRACKETS .)
    OPEN_BRACKETS   reduce using rule 62 (expr -> OPEN_BRACKETS CLOSED_BRACKETS .)
    LPAREN          reduce using rule 62 (expr -> OPEN_BRACKETS CLOSED_BRACKETS .)
    CONS            reduce using rule 62 (expr -> OPEN_BRACKETS CLOSED_BRACKETS .)
    PLUS            reduce using rule 62 (expr -> OPEN_BRACKETS CLOSED_BRACKETS .)
    MINUS           reduce using rule 62 (expr -> OPEN_BRACKETS CLOSED_BRACKETS .)
    EXP             reduce using rule 62 (expr -> OPEN_BRACKETS CLOSED_BRACKETS .)
    MOD             reduce using rule 62 (expr -> OPEN_BRACKETS CLOSED_BRACKETS .)
    IMAG            reduce using rule 62 (expr -> OPEN_BRACKETS CLOSED_BRACKETS .)
    POWER           reduce using rule 62 (expr -> OPEN_BRACKETS CLOSED_BRACKETS .)
    TIMES           reduce using rule 62 (expr -> OPEN_BRACKETS CLOSED_BRACKETS .)
    DIVIDE_CEIL     reduce using rule 62 (expr -> OPEN_BRACKETS CLOSED_BRACKETS .)
    DIVIDE_FLOOR    reduce using rule 62 (expr -> OPEN_BRACKETS CLOSED_BRACKETS .)
    DIVIDE          reduce using rule 62 (expr -> OPEN_BRACKETS CLOSED_BRACKETS .)
    AND             reduce using rule 62 (expr -> OPEN_BRACKETS CLOSED_BRACKETS .)
    XOR             reduce using rule 62 (expr -> OPEN_BRACKETS CLOSED_BRACKETS .)
    OR              reduce using rule 62 (expr -> OPEN_BRACKETS CLOSED_BRACKETS .)
    EQUALS          reduce using rule 62 (expr -> OPEN_BRACKETS CLOSED_BRACKETS .)
    GREATER_EQUALS  reduce using rule 62 (expr -> OPEN_BRACKETS CLOSED_BRACKETS .)
    UNEQUALS        reduce using rule 62 (expr -> OPEN_BRACKETS CLOSED_BRACKETS .)
    GREATER_THAN    reduce using rule 62 (expr -> OPEN_BRACKETS CLOSED_BRACKETS .)
    SMALLER_THAN    reduce using rule 62 (expr -> OPEN_BRACKETS CLOSED_BRACKETS .)
    SMALLER_EQUALS  reduce using rule 62 (expr -> OPEN_BRACKETS CLOSED_BRACKETS .)
    T_INT           shift and go to state 27
    T_FLOAT         shift and go to state 28
    T_STRING        shift and go to state 29
    T_COMPLEX       shift and go to state 30
    IDENTIFIER      shift and go to state 6
    NOT             shift and go to state 9
    BEGIN           shift and go to state 12
    LET             shift and go to state 13
    STRUCT          shift and go to state 14
    FLOAT           shift and go to state 15
    IF              shift and go to state 16
    IMPORT          shift and go to state 17
    CLOSED_BRACKETS shift and go to state 5
    LAMBDA          shift and go to state 18
    NULL            shift and go to state 20
    LOOP            shift and go to state 21
    MATCH           shift and go to state 22
    NUMBER          shift and go to state 23
    STRING          shift and go to state 24
    T_UNDEF         shift and go to state 25
    WHILE           shift and go to state 26

  ! LPAREN          [ shift and go to state 144 ]
  ! OPEN_BRACKETS   [ shift and go to state 142 ]
  ! PLUS            [ shift and go to state 4 ]
  ! MINUS           [ shift and go to state 8 ]

    type                           shift and go to state 143
    expr                           shift and go to state 58
    comp                           shift and go to state 10
    assign_expr                    shift and go to state 11

state 209

    (128) type_arg -> type . COMMA type_arg
    (129) type_arg -> type .
    (126) type -> type . ARROW type
    (22) assign_expr -> type . IDENTIFIER ASSIGN expr

    COMMA           shift and go to state 171
    RPAREN          reduce using rule 129 (type_arg -> type .)
    ARROW           shift and go to state 108
    IDENTIFIER      shift and go to state 107


state 210

    (77) expr -> OPEN_BRACKETS expr DOT DOT . expr CLOSED_BRACKETS
    (79) expr -> OPEN_BRACKETS expr DOT DOT . expr OPEN_BRACKETS
    (1) expr -> . expr ARROW expr
    (2) expr -> . expr OPEN_BRACKETS PLUS CLOSED_BRACKETS
    (3) expr -> . expr OPEN_BRACKETS expr CLOSED_BRACKETS
    (4) expr -> . IDENTIFIER PLUS_ASSIGN expr
    (5) expr -> . IDENTIFIER MINUS_ASSIGN expr
    (6) expr -> . IDENTIFIER SMALLER_EQUALS_ASSIGN expr
    (7) expr -> . IDENTIFIER GREATER_THAN_ASSIGN expr
    (8) expr -> . IDENTIFIER SMALLER_THAN_ASSIGN expr
    (9) expr -> . IDENTIFIER AND_ASSIGN expr
    (10) expr -> . IDENTIFIER OR_ASSIGN expr
    (11) expr -> . IDENTIFIER XOR_ASSIGN expr
    (12) expr -> . IDENTIFIER MOD_ASSIGN expr
    (13) expr -> . IDENTIFIER EXP_ASSIGN expr
    (14) expr -> . IDENTIFIER POWER_ASSIGN expr
    (15) expr -> . IDENTIFIER TIMES_ASSIGN expr
    (16) expr -> . IDENTIFIER DIVIDE_CEIL_ASSIGN expr
    (17) expr -> . IDENTIFIER DIVIDE_FLOOR_ASSIGN expr
    (18) expr -> . IDENTIFIER DIVIDE_ASSIGN expr
    (19) expr -> . IDENTIFIER EQUALS_ASSIGN expr
    (20) expr -> . IDENTIFIER UNEQUALS_ASSIGN expr
    (21) expr -> . IDENTIFIER GREATER_EQUALS_ASSIGN expr
    (26) expr -> . expr LPAREN para_expr RPAREN
    (41) expr -> . expr CONS expr
    (46) expr -> . expr PLUS expr
    (47) expr -> . expr MINUS expr
    (48) expr -> . expr EXP expr
    (49) expr -> . expr MOD expr
    (50) expr -> . NOT expr
    (51) expr -> . PLUS expr
    (52) expr -> . MINUS expr
    (53) expr -> . expr IMAG
    (54) expr -> . comp
    (55) expr -> . assign_expr
    (56) expr -> . BEGIN sequence END
    (57) expr -> . BEGIN END
    (58) expr -> . expr POWER expr
    (59) expr -> . LET letrec_assign IN expr DOT
    (60) expr -> . OPEN_BRACKETS param_list CLOSED_BRACKETS
    (61) expr -> . OPEN_BRACKETS expr CLOSED_BRACKETS
    (62) expr -> . OPEN_BRACKETS CLOSED_BRACKETS
    (63) expr -> . STRUCT BEGIN assign_list END
    (64) expr -> . STRUCT BEGIN END
    (65) expr -> . expr TIMES expr
    (66) expr -> . expr DIVIDE_CEIL expr
    (67) expr -> . expr DIVIDE_FLOOR expr
    (68) expr -> . expr DIVIDE expr
    (69) expr -> . expr AND expr
    (70) expr -> . expr XOR expr
    (71) expr -> . expr OR expr
    (73) expr -> . FLOAT
    (74) expr -> . IF expr THEN COMMA expr DOT
    (75) expr -> . IF expr THEN COMMA expr else_elif_body DOT
    (76) expr -> . IMPORT file
    (77) expr -> . OPEN_BRACKETS expr DOT DOT expr CLOSED_BRACKETS
    (78) expr -> . CLOSED_BRACKETS expr DOT DOT expr CLOSED_BRACKETS
    (79) expr -> . OPEN_BRACKETS expr DOT DOT expr OPEN_BRACKETS
    (80) expr -> . CLOSED_BRACKETS expr DOT DOT expr OPEN_BRACKETS
    (81) expr -> . LAMBDA para ARROW type COLON expr
    (82) expr -> . NULL
    (85) expr -> . LPAREN param_list RPAREN
    (86) expr -> . LOOP IDENTIFIER IN expr LOOPTHEN expr DOT
    (87) expr -> . MATCH expr WITH cases DOT
    (88) expr -> . NUMBER
    (115) expr -> . LPAREN expr RPAREN
    (120) expr -> . STRING
    (130) expr -> . T_UNDEF expr
    (131) expr -> . IDENTIFIER
    (132) expr -> . WHILE expr THEN COMMA expr DOT
    (29) comp -> . expr EQUALS expr
    (30) comp -> . comp EQUALS expr
    (31) comp -> . expr GREATER_EQUALS expr
    (32) comp -> . comp GREATER_EQUALS expr
    (33) comp -> . expr UNEQUALS expr
    (34) comp -> . comp UNEQUALS expr
    (35) comp -> . expr GREATER_THAN expr
    (36) comp -> . comp GREATER_THAN expr
    (37) comp -> . expr SMALLER_THAN expr
    (38) comp -> . comp SMALLER_THAN expr
    (39) comp -> . expr SMALLER_EQUALS expr
    (40) comp -> . comp SMALLER_EQUALS expr
    (22) assign_expr -> . type IDENTIFIER ASSIGN expr
    (23) assign_expr -> . IDENTIFIER ASSIGN expr
    (121) type -> . T_INT
    (122) type -> . T_FLOAT
    (123) type -> . T_STRING
    (124) type -> . T_COMPLEX
    (125) type -> . LPAREN type_arg RPAREN ARROW type
    (126) type -> . type ARROW type
    (127) type -> . OPEN_BRACKETS CLOSED_BRACKETS type

    IDENTIFIER      shift and go to state 6
    NOT             shift and go to state 9
    PLUS            shift and go to state 4
    MINUS           shift and go to state 8
    BEGIN           shift and go to state 12
    LET             shift and go to state 13
    OPEN_BRACKETS   shift and go to state 3
    STRUCT          shift and go to state 14
    FLOAT           shift and go to state 15
    IF              shift and go to state 16
    IMPORT          shift and go to state 17
    CLOSED_BRACKETS shift and go to state 5
    LAMBDA          shift and go to state 18
    NULL            shift and go to state 20
    LPAREN          shift and go to state 7
    LOOP            shift and go to state 21
    MATCH           shift and go to state 22
    NUMBER          shift and go to state 23
    STRING          shift and go to state 24
    T_UNDEF         shift and go to state 25
    WHILE           shift and go to state 26
    T_INT           shift and go to state 27
    T_FLOAT         shift and go to state 28
    T_STRING        shift and go to state 29
    T_COMPLEX       shift and go to state 30

    expr                           shift and go to state 235
    comp                           shift and go to state 10
    assign_expr                    shift and go to state 11
    type                           shift and go to state 19

state 211

    (105) param_list -> expr COMMA expr .
    (1) expr -> expr . ARROW expr
    (2) expr -> expr . OPEN_BRACKETS PLUS CLOSED_BRACKETS
    (3) expr -> expr . OPEN_BRACKETS expr CLOSED_BRACKETS
    (26) expr -> expr . LPAREN para_expr RPAREN
    (41) expr -> expr . CONS expr
    (46) expr -> expr . PLUS expr
    (47) expr -> expr . MINUS expr
    (48) expr -> expr . EXP expr
    (49) expr -> expr . MOD expr
    (53) expr -> expr . IMAG
    (58) expr -> expr . POWER expr
    (65) expr -> expr . TIMES expr
    (66) expr -> expr . DIVIDE_CEIL expr
    (67) expr -> expr . DIVIDE_FLOOR expr
    (68) expr -> expr . DIVIDE expr
    (69) expr -> expr . AND expr
    (70) expr -> expr . XOR expr
    (71) expr -> expr . OR expr
    (29) comp -> expr . EQUALS expr
    (31) comp -> expr . GREATER_EQUALS expr
    (33) comp -> expr . UNEQUALS expr
    (35) comp -> expr . GREATER_THAN expr
    (37) comp -> expr . SMALLER_THAN expr
    (39) comp -> expr . SMALLER_EQUALS expr

    CLOSED_BRACKETS reduce using rule 105 (param_list -> expr COMMA expr .)
    COMMA           reduce using rule 105 (param_list -> expr COMMA expr .)
    RPAREN          reduce using rule 105 (param_list -> expr COMMA expr .)
    ARROW           shift and go to state 31
    OPEN_BRACKETS   shift and go to state 32
    LPAREN          shift and go to state 34
    CONS            shift and go to state 35
    PLUS            shift and go to state 33
    MINUS           shift and go to state 36
    EXP             shift and go to state 37
    MOD             shift and go to state 38
    IMAG            shift and go to state 39
    POWER           shift and go to state 40
    TIMES           shift and go to state 41
    DIVIDE_CEIL     shift and go to state 42
    DIVIDE_FLOOR    shift and go to state 43
    DIVIDE          shift and go to state 44
    AND             shift and go to state 45
    XOR             shift and go to state 46
    OR              shift and go to state 47
    EQUALS          shift and go to state 48
    GREATER_EQUALS  shift and go to state 49
    UNEQUALS        shift and go to state 50
    GREATER_THAN    shift and go to state 51
    SMALLER_THAN    shift and go to state 52
    SMALLER_EQUALS  shift and go to state 53


state 212

    (78) expr -> CLOSED_BRACKETS expr DOT DOT . expr CLOSED_BRACKETS
    (80) expr -> CLOSED_BRACKETS expr DOT DOT . expr OPEN_BRACKETS
    (1) expr -> . expr ARROW expr
    (2) expr -> . expr OPEN_BRACKETS PLUS CLOSED_BRACKETS
    (3) expr -> . expr OPEN_BRACKETS expr CLOSED_BRACKETS
    (4) expr -> . IDENTIFIER PLUS_ASSIGN expr
    (5) expr -> . IDENTIFIER MINUS_ASSIGN expr
    (6) expr -> . IDENTIFIER SMALLER_EQUALS_ASSIGN expr
    (7) expr -> . IDENTIFIER GREATER_THAN_ASSIGN expr
    (8) expr -> . IDENTIFIER SMALLER_THAN_ASSIGN expr
    (9) expr -> . IDENTIFIER AND_ASSIGN expr
    (10) expr -> . IDENTIFIER OR_ASSIGN expr
    (11) expr -> . IDENTIFIER XOR_ASSIGN expr
    (12) expr -> . IDENTIFIER MOD_ASSIGN expr
    (13) expr -> . IDENTIFIER EXP_ASSIGN expr
    (14) expr -> . IDENTIFIER POWER_ASSIGN expr
    (15) expr -> . IDENTIFIER TIMES_ASSIGN expr
    (16) expr -> . IDENTIFIER DIVIDE_CEIL_ASSIGN expr
    (17) expr -> . IDENTIFIER DIVIDE_FLOOR_ASSIGN expr
    (18) expr -> . IDENTIFIER DIVIDE_ASSIGN expr
    (19) expr -> . IDENTIFIER EQUALS_ASSIGN expr
    (20) expr -> . IDENTIFIER UNEQUALS_ASSIGN expr
    (21) expr -> . IDENTIFIER GREATER_EQUALS_ASSIGN expr
    (26) expr -> . expr LPAREN para_expr RPAREN
    (41) expr -> . expr CONS expr
    (46) expr -> . expr PLUS expr
    (47) expr -> . expr MINUS expr
    (48) expr -> . expr EXP expr
    (49) expr -> . expr MOD expr
    (50) expr -> . NOT expr
    (51) expr -> . PLUS expr
    (52) expr -> . MINUS expr
    (53) expr -> . expr IMAG
    (54) expr -> . comp
    (55) expr -> . assign_expr
    (56) expr -> . BEGIN sequence END
    (57) expr -> . BEGIN END
    (58) expr -> . expr POWER expr
    (59) expr -> . LET letrec_assign IN expr DOT
    (60) expr -> . OPEN_BRACKETS param_list CLOSED_BRACKETS
    (61) expr -> . OPEN_BRACKETS expr CLOSED_BRACKETS
    (62) expr -> . OPEN_BRACKETS CLOSED_BRACKETS
    (63) expr -> . STRUCT BEGIN assign_list END
    (64) expr -> . STRUCT BEGIN END
    (65) expr -> . expr TIMES expr
    (66) expr -> . expr DIVIDE_CEIL expr
    (67) expr -> . expr DIVIDE_FLOOR expr
    (68) expr -> . expr DIVIDE expr
    (69) expr -> . expr AND expr
    (70) expr -> . expr XOR expr
    (71) expr -> . expr OR expr
    (73) expr -> . FLOAT
    (74) expr -> . IF expr THEN COMMA expr DOT
    (75) expr -> . IF expr THEN COMMA expr else_elif_body DOT
    (76) expr -> . IMPORT file
    (77) expr -> . OPEN_BRACKETS expr DOT DOT expr CLOSED_BRACKETS
    (78) expr -> . CLOSED_BRACKETS expr DOT DOT expr CLOSED_BRACKETS
    (79) expr -> . OPEN_BRACKETS expr DOT DOT expr OPEN_BRACKETS
    (80) expr -> . CLOSED_BRACKETS expr DOT DOT expr OPEN_BRACKETS
    (81) expr -> . LAMBDA para ARROW type COLON expr
    (82) expr -> . NULL
    (85) expr -> . LPAREN param_list RPAREN
    (86) expr -> . LOOP IDENTIFIER IN expr LOOPTHEN expr DOT
    (87) expr -> . MATCH expr WITH cases DOT
    (88) expr -> . NUMBER
    (115) expr -> . LPAREN expr RPAREN
    (120) expr -> . STRING
    (130) expr -> . T_UNDEF expr
    (131) expr -> . IDENTIFIER
    (132) expr -> . WHILE expr THEN COMMA expr DOT
    (29) comp -> . expr EQUALS expr
    (30) comp -> . comp EQUALS expr
    (31) comp -> . expr GREATER_EQUALS expr
    (32) comp -> . comp GREATER_EQUALS expr
    (33) comp -> . expr UNEQUALS expr
    (34) comp -> . comp UNEQUALS expr
    (35) comp -> . expr GREATER_THAN expr
    (36) comp -> . comp GREATER_THAN expr
    (37) comp -> . expr SMALLER_THAN expr
    (38) comp -> . comp SMALLER_THAN expr
    (39) comp -> . expr SMALLER_EQUALS expr
    (40) comp -> . comp SMALLER_EQUALS expr
    (22) assign_expr -> . type IDENTIFIER ASSIGN expr
    (23) assign_expr -> . IDENTIFIER ASSIGN expr
    (121) type -> . T_INT
    (122) type -> . T_FLOAT
    (123) type -> . T_STRING
    (124) type -> . T_COMPLEX
    (125) type -> . LPAREN type_arg RPAREN ARROW type
    (126) type -> . type ARROW type
    (127) type -> . OPEN_BRACKETS CLOSED_BRACKETS type

    IDENTIFIER      shift and go to state 6
    NOT             shift and go to state 9
    PLUS            shift and go to state 4
    MINUS           shift and go to state 8
    BEGIN           shift and go to state 12
    LET             shift and go to state 13
    OPEN_BRACKETS   shift and go to state 3
    STRUCT          shift and go to state 14
    FLOAT           shift and go to state 15
    IF              shift and go to state 16
    IMPORT          shift and go to state 17
    CLOSED_BRACKETS shift and go to state 5
    LAMBDA          shift and go to state 18
    NULL            shift and go to state 20
    LPAREN          shift and go to state 7
    LOOP            shift and go to state 21
    MATCH           shift and go to state 22
    NUMBER          shift and go to state 23
    STRING          shift and go to state 24
    T_UNDEF         shift and go to state 25
    WHILE           shift and go to state 26
    T_INT           shift and go to state 27
    T_FLOAT         shift and go to state 28
    T_STRING        shift and go to state 29
    T_COMPLEX       shift and go to state 30

    expr                           shift and go to state 236
    comp                           shift and go to state 10
    assign_expr                    shift and go to state 11
    type                           shift and go to state 19

state 213

    (125) type -> LPAREN type_arg RPAREN ARROW . type
    (121) type -> . T_INT
    (122) type -> . T_FLOAT
    (123) type -> . T_STRING
    (124) type -> . T_COMPLEX
    (125) type -> . LPAREN type_arg RPAREN ARROW type
    (126) type -> . type ARROW type
    (127) type -> . OPEN_BRACKETS CLOSED_BRACKETS type

    T_INT           shift and go to state 27
    T_FLOAT         shift and go to state 28
    T_STRING        shift and go to state 29
    T_COMPLEX       shift and go to state 30
    LPAREN          shift and go to state 96
    OPEN_BRACKETS   shift and go to state 97

    type                           shift and go to state 237

state 214

    (128) type_arg -> type COMMA type_arg .

    RPAREN          reduce using rule 128 (type_arg -> type COMMA type_arg .)


state 215

    (117) sequence -> expr SEMICOLON sequence .

    END             reduce using rule 117 (sequence -> expr SEMICOLON sequence .)


state 216

    (59) expr -> LET letrec_assign IN expr . DOT
    (1) expr -> expr . ARROW expr
    (2) expr -> expr . OPEN_BRACKETS PLUS CLOSED_BRACKETS
    (3) expr -> expr . OPEN_BRACKETS expr CLOSED_BRACKETS
    (26) expr -> expr . LPAREN para_expr RPAREN
    (41) expr -> expr . CONS expr
    (46) expr -> expr . PLUS expr
    (47) expr -> expr . MINUS expr
    (48) expr -> expr . EXP expr
    (49) expr -> expr . MOD expr
    (53) expr -> expr . IMAG
    (58) expr -> expr . POWER expr
    (65) expr -> expr . TIMES expr
    (66) expr -> expr . DIVIDE_CEIL expr
    (67) expr -> expr . DIVIDE_FLOOR expr
    (68) expr -> expr . DIVIDE expr
    (69) expr -> expr . AND expr
    (70) expr -> expr . XOR expr
    (71) expr -> expr . OR expr
    (29) comp -> expr . EQUALS expr
    (31) comp -> expr . GREATER_EQUALS expr
    (33) comp -> expr . UNEQUALS expr
    (35) comp -> expr . GREATER_THAN expr
    (37) comp -> expr . SMALLER_THAN expr
    (39) comp -> expr . SMALLER_EQUALS expr

    DOT             shift and go to state 238
    ARROW           shift and go to state 31
    OPEN_BRACKETS   shift and go to state 32
    LPAREN          shift and go to state 34
    CONS            shift and go to state 35
    PLUS            shift and go to state 33
    MINUS           shift and go to state 36
    EXP             shift and go to state 37
    MOD             shift and go to state 38
    IMAG            shift and go to state 39
    POWER           shift and go to state 40
    TIMES           shift and go to state 41
    DIVIDE_CEIL     shift and go to state 42
    DIVIDE_FLOOR    shift and go to state 43
    DIVIDE          shift and go to state 44
    AND             shift and go to state 45
    XOR             shift and go to state 46
    OR              shift and go to state 47
    EQUALS          shift and go to state 48
    GREATER_EQUALS  shift and go to state 49
    UNEQUALS        shift and go to state 50
    GREATER_THAN    shift and go to state 51
    SMALLER_THAN    shift and go to state 52
    SMALLER_EQUALS  shift and go to state 53


state 217

    (83) letrec_assign -> letrec_assign COMMA assign_expr .

    IN              reduce using rule 83 (letrec_assign -> letrec_assign COMMA assign_expr .)
    COMMA           reduce using rule 83 (letrec_assign -> letrec_assign COMMA assign_expr .)


state 218

    (127) type -> OPEN_BRACKETS CLOSED_BRACKETS type .
    (126) type -> type . ARROW type

    IDENTIFIER      reduce using rule 127 (type -> OPEN_BRACKETS CLOSED_BRACKETS type .)
    ARROW           reduce using rule 127 (type -> OPEN_BRACKETS CLOSED_BRACKETS type .)
    COMMA           reduce using rule 127 (type -> OPEN_BRACKETS CLOSED_BRACKETS type .)
    RPAREN          reduce using rule 127 (type -> OPEN_BRACKETS CLOSED_BRACKETS type .)
    COLON           reduce using rule 127 (type -> OPEN_BRACKETS CLOSED_BRACKETS type .)

  ! ARROW           [ shift and go to state 108 ]


state 219

    (63) expr -> STRUCT BEGIN assign_list END .

    ARROW           reduce using rule 63 (expr -> STRUCT BEGIN assign_list END .)
    OPEN_BRACKETS   reduce using rule 63 (expr -> STRUCT BEGIN assign_list END .)
    LPAREN          reduce using rule 63 (expr -> STRUCT BEGIN assign_list END .)
    CONS            reduce using rule 63 (expr -> STRUCT BEGIN assign_list END .)
    PLUS            reduce using rule 63 (expr -> STRUCT BEGIN assign_list END .)
    MINUS           reduce using rule 63 (expr -> STRUCT BEGIN assign_list END .)
    EXP             reduce using rule 63 (expr -> STRUCT BEGIN assign_list END .)
    MOD             reduce using rule 63 (expr -> STRUCT BEGIN assign_list END .)
    IMAG            reduce using rule 63 (expr -> STRUCT BEGIN assign_list END .)
    POWER           reduce using rule 63 (expr -> STRUCT BEGIN assign_list END .)
    TIMES           reduce using rule 63 (expr -> STRUCT BEGIN assign_list END .)
    DIVIDE_CEIL     reduce using rule 63 (expr -> STRUCT BEGIN assign_list END .)
    DIVIDE_FLOOR    reduce using rule 63 (expr -> STRUCT BEGIN assign_list END .)
    DIVIDE          reduce using rule 63 (expr -> STRUCT BEGIN assign_list END .)
    AND             reduce using rule 63 (expr -> STRUCT BEGIN assign_list END .)
    XOR             reduce using rule 63 (expr -> STRUCT BEGIN assign_list END .)
    OR              reduce using rule 63 (expr -> STRUCT BEGIN assign_list END .)
    EQUALS          reduce using rule 63 (expr -> STRUCT BEGIN assign_list END .)
    GREATER_EQUALS  reduce using rule 63 (expr -> STRUCT BEGIN assign_list END .)
    UNEQUALS        reduce using rule 63 (expr -> STRUCT BEGIN assign_list END .)
    GREATER_THAN    reduce using rule 63 (expr -> STRUCT BEGIN assign_list END .)
    SMALLER_THAN    reduce using rule 63 (expr -> STRUCT BEGIN assign_list END .)
    SMALLER_EQUALS  reduce using rule 63 (expr -> STRUCT BEGIN assign_list END .)
    $end            reduce using rule 63 (expr -> STRUCT BEGIN assign_list END .)
    CLOSED_BRACKETS reduce using rule 63 (expr -> STRUCT BEGIN assign_list END .)
    DOT             reduce using rule 63 (expr -> STRUCT BEGIN assign_list END .)
    COMMA           reduce using rule 63 (expr -> STRUCT BEGIN assign_list END .)
    RPAREN          reduce using rule 63 (expr -> STRUCT BEGIN assign_list END .)
    SEMICOLON       reduce using rule 63 (expr -> STRUCT BEGIN assign_list END .)
    END             reduce using rule 63 (expr -> STRUCT BEGIN assign_list END .)
    THEN            reduce using rule 63 (expr -> STRUCT BEGIN assign_list END .)
    WITH            reduce using rule 63 (expr -> STRUCT BEGIN assign_list END .)
    COLON           reduce using rule 63 (expr -> STRUCT BEGIN assign_list END .)
    IN              reduce using rule 63 (expr -> STRUCT BEGIN assign_list END .)
    LOOPTHEN        reduce using rule 63 (expr -> STRUCT BEGIN assign_list END .)
    ELSE            reduce using rule 63 (expr -> STRUCT BEGIN assign_list END .)


state 220

    (24) assign_list -> assign_expr SEMICOLON . assign_list
    (24) assign_list -> . assign_expr SEMICOLON assign_list
    (25) assign_list -> . assign_expr
    (22) assign_expr -> . type IDENTIFIER ASSIGN expr
    (23) assign_expr -> . IDENTIFIER ASSIGN expr
    (121) type -> . T_INT
    (122) type -> . T_FLOAT
    (123) type -> . T_STRING
    (124) type -> . T_COMPLEX
    (125) type -> . LPAREN type_arg RPAREN ARROW type
    (126) type -> . type ARROW type
    (127) type -> . OPEN_BRACKETS CLOSED_BRACKETS type

    IDENTIFIER      shift and go to state 95
    T_INT           shift and go to state 27
    T_FLOAT         shift and go to state 28
    T_STRING        shift and go to state 29
    T_COMPLEX       shift and go to state 30
    LPAREN          shift and go to state 96
    OPEN_BRACKETS   shift and go to state 97

    assign_expr                    shift and go to state 186
    assign_list                    shift and go to state 239
    type                           shift and go to state 19

state 221

    (74) expr -> IF expr THEN COMMA . expr DOT
    (75) expr -> IF expr THEN COMMA . expr else_elif_body DOT
    (1) expr -> . expr ARROW expr
    (2) expr -> . expr OPEN_BRACKETS PLUS CLOSED_BRACKETS
    (3) expr -> . expr OPEN_BRACKETS expr CLOSED_BRACKETS
    (4) expr -> . IDENTIFIER PLUS_ASSIGN expr
    (5) expr -> . IDENTIFIER MINUS_ASSIGN expr
    (6) expr -> . IDENTIFIER SMALLER_EQUALS_ASSIGN expr
    (7) expr -> . IDENTIFIER GREATER_THAN_ASSIGN expr
    (8) expr -> . IDENTIFIER SMALLER_THAN_ASSIGN expr
    (9) expr -> . IDENTIFIER AND_ASSIGN expr
    (10) expr -> . IDENTIFIER OR_ASSIGN expr
    (11) expr -> . IDENTIFIER XOR_ASSIGN expr
    (12) expr -> . IDENTIFIER MOD_ASSIGN expr
    (13) expr -> . IDENTIFIER EXP_ASSIGN expr
    (14) expr -> . IDENTIFIER POWER_ASSIGN expr
    (15) expr -> . IDENTIFIER TIMES_ASSIGN expr
    (16) expr -> . IDENTIFIER DIVIDE_CEIL_ASSIGN expr
    (17) expr -> . IDENTIFIER DIVIDE_FLOOR_ASSIGN expr
    (18) expr -> . IDENTIFIER DIVIDE_ASSIGN expr
    (19) expr -> . IDENTIFIER EQUALS_ASSIGN expr
    (20) expr -> . IDENTIFIER UNEQUALS_ASSIGN expr
    (21) expr -> . IDENTIFIER GREATER_EQUALS_ASSIGN expr
    (26) expr -> . expr LPAREN para_expr RPAREN
    (41) expr -> . expr CONS expr
    (46) expr -> . expr PLUS expr
    (47) expr -> . expr MINUS expr
    (48) expr -> . expr EXP expr
    (49) expr -> . expr MOD expr
    (50) expr -> . NOT expr
    (51) expr -> . PLUS expr
    (52) expr -> . MINUS expr
    (53) expr -> . expr IMAG
    (54) expr -> . comp
    (55) expr -> . assign_expr
    (56) expr -> . BEGIN sequence END
    (57) expr -> . BEGIN END
    (58) expr -> . expr POWER expr
    (59) expr -> . LET letrec_assign IN expr DOT
    (60) expr -> . OPEN_BRACKETS param_list CLOSED_BRACKETS
    (61) expr -> . OPEN_BRACKETS expr CLOSED_BRACKETS
    (62) expr -> . OPEN_BRACKETS CLOSED_BRACKETS
    (63) expr -> . STRUCT BEGIN assign_list END
    (64) expr -> . STRUCT BEGIN END
    (65) expr -> . expr TIMES expr
    (66) expr -> . expr DIVIDE_CEIL expr
    (67) expr -> . expr DIVIDE_FLOOR expr
    (68) expr -> . expr DIVIDE expr
    (69) expr -> . expr AND expr
    (70) expr -> . expr XOR expr
    (71) expr -> . expr OR expr
    (73) expr -> . FLOAT
    (74) expr -> . IF expr THEN COMMA expr DOT
    (75) expr -> . IF expr THEN COMMA expr else_elif_body DOT
    (76) expr -> . IMPORT file
    (77) expr -> . OPEN_BRACKETS expr DOT DOT expr CLOSED_BRACKETS
    (78) expr -> . CLOSED_BRACKETS expr DOT DOT expr CLOSED_BRACKETS
    (79) expr -> . OPEN_BRACKETS expr DOT DOT expr OPEN_BRACKETS
    (80) expr -> . CLOSED_BRACKETS expr DOT DOT expr OPEN_BRACKETS
    (81) expr -> . LAMBDA para ARROW type COLON expr
    (82) expr -> . NULL
    (85) expr -> . LPAREN param_list RPAREN
    (86) expr -> . LOOP IDENTIFIER IN expr LOOPTHEN expr DOT
    (87) expr -> . MATCH expr WITH cases DOT
    (88) expr -> . NUMBER
    (115) expr -> . LPAREN expr RPAREN
    (120) expr -> . STRING
    (130) expr -> . T_UNDEF expr
    (131) expr -> . IDENTIFIER
    (132) expr -> . WHILE expr THEN COMMA expr DOT
    (29) comp -> . expr EQUALS expr
    (30) comp -> . comp EQUALS expr
    (31) comp -> . expr GREATER_EQUALS expr
    (32) comp -> . comp GREATER_EQUALS expr
    (33) comp -> . expr UNEQUALS expr
    (34) comp -> . comp UNEQUALS expr
    (35) comp -> . expr GREATER_THAN expr
    (36) comp -> . comp GREATER_THAN expr
    (37) comp -> . expr SMALLER_THAN expr
    (38) comp -> . comp SMALLER_THAN expr
    (39) comp -> . expr SMALLER_EQUALS expr
    (40) comp -> . comp SMALLER_EQUALS expr
    (22) assign_expr -> . type IDENTIFIER ASSIGN expr
    (23) assign_expr -> . IDENTIFIER ASSIGN expr
    (121) type -> . T_INT
    (122) type -> . T_FLOAT
    (123) type -> . T_STRING
    (124) type -> . T_COMPLEX
    (125) type -> . LPAREN type_arg RPAREN ARROW type
    (126) type -> . type ARROW type
    (127) type -> . OPEN_BRACKETS CLOSED_BRACKETS type

    IDENTIFIER      shift and go to state 6
    NOT             shift and go to state 9
    PLUS            shift and go to state 4
    MINUS           shift and go to state 8
    BEGIN           shift and go to state 12
    LET             shift and go to state 13
    OPEN_BRACKETS   shift and go to state 3
    STRUCT          shift and go to state 14
    FLOAT           shift and go to state 15
    IF              shift and go to state 16
    IMPORT          shift and go to state 17
    CLOSED_BRACKETS shift and go to state 5
    LAMBDA          shift and go to state 18
    NULL            shift and go to state 20
    LPAREN          shift and go to state 7
    LOOP            shift and go to state 21
    MATCH           shift and go to state 22
    NUMBER          shift and go to state 23
    STRING          shift and go to state 24
    T_UNDEF         shift and go to state 25
    WHILE           shift and go to state 26
    T_INT           shift and go to state 27
    T_FLOAT         shift and go to state 28
    T_STRING        shift and go to state 29
    T_COMPLEX       shift and go to state 30

    expr                           shift and go to state 240
    comp                           shift and go to state 10
    assign_expr                    shift and go to state 11
    type                           shift and go to state 19

state 222

    (81) expr -> LAMBDA para ARROW type . COLON expr
    (126) type -> type . ARROW type

    COLON           shift and go to state 241
    ARROW           shift and go to state 108


state 223

    (89) para -> LPAREN param_pos RPAREN .

    ARROW           reduce using rule 89 (para -> LPAREN param_pos RPAREN .)


state 224

    (110) param_pos_list -> type IDENTIFIER . COMMA param_pos_list
    (111) param_pos_list -> type IDENTIFIER .
    (99) para_kw_list -> type IDENTIFIER . COLON expr COMMA para_kw_list
    (101) para_kw_list -> type IDENTIFIER . COLON expr

    COMMA           shift and go to state 242
    RPAREN          reduce using rule 111 (param_pos_list -> type IDENTIFIER .)
    COLON           shift and go to state 243


state 225

    (112) param_pos_list -> IDENTIFIER COMMA . param_pos_list
    (110) param_pos_list -> . type IDENTIFIER COMMA param_pos_list
    (111) param_pos_list -> . type IDENTIFIER
    (112) param_pos_list -> . IDENTIFIER COMMA param_pos_list
    (113) param_pos_list -> . IDENTIFIER
    (114) param_pos_list -> . para_keywords
    (121) type -> . T_INT
    (122) type -> . T_FLOAT
    (123) type -> . T_STRING
    (124) type -> . T_COMPLEX
    (125) type -> . LPAREN type_arg RPAREN ARROW type
    (126) type -> . type ARROW type
    (127) type -> . OPEN_BRACKETS CLOSED_BRACKETS type
    (96) para_keywords -> . para_kw_list
    (99) para_kw_list -> . type IDENTIFIER COLON expr COMMA para_kw_list
    (100) para_kw_list -> . IDENTIFIER COLON expr COMMA para_kw_list
    (101) para_kw_list -> . type IDENTIFIER COLON expr
    (102) para_kw_list -> . IDENTIFIER COLON expr
    (103) para_kw_list -> . para_infty
    (95) para_infty -> . IDENTIFIER DOT DOT DOT

    IDENTIFIER      shift and go to state 193
    T_INT           shift and go to state 27
    T_FLOAT         shift and go to state 28
    T_STRING        shift and go to state 29
    T_COMPLEX       shift and go to state 30
    LPAREN          shift and go to state 96
    OPEN_BRACKETS   shift and go to state 97

    param_pos_list                 shift and go to state 244
    type                           shift and go to state 245
    para_keywords                  shift and go to state 194
    para_kw_list                   shift and go to state 195
    para_infty                     shift and go to state 196

state 226

    (100) para_kw_list -> IDENTIFIER COLON . expr COMMA para_kw_list
    (102) para_kw_list -> IDENTIFIER COLON . expr
    (1) expr -> . expr ARROW expr
    (2) expr -> . expr OPEN_BRACKETS PLUS CLOSED_BRACKETS
    (3) expr -> . expr OPEN_BRACKETS expr CLOSED_BRACKETS
    (4) expr -> . IDENTIFIER PLUS_ASSIGN expr
    (5) expr -> . IDENTIFIER MINUS_ASSIGN expr
    (6) expr -> . IDENTIFIER SMALLER_EQUALS_ASSIGN expr
    (7) expr -> . IDENTIFIER GREATER_THAN_ASSIGN expr
    (8) expr -> . IDENTIFIER SMALLER_THAN_ASSIGN expr
    (9) expr -> . IDENTIFIER AND_ASSIGN expr
    (10) expr -> . IDENTIFIER OR_ASSIGN expr
    (11) expr -> . IDENTIFIER XOR_ASSIGN expr
    (12) expr -> . IDENTIFIER MOD_ASSIGN expr
    (13) expr -> . IDENTIFIER EXP_ASSIGN expr
    (14) expr -> . IDENTIFIER POWER_ASSIGN expr
    (15) expr -> . IDENTIFIER TIMES_ASSIGN expr
    (16) expr -> . IDENTIFIER DIVIDE_CEIL_ASSIGN expr
    (17) expr -> . IDENTIFIER DIVIDE_FLOOR_ASSIGN expr
    (18) expr -> . IDENTIFIER DIVIDE_ASSIGN expr
    (19) expr -> . IDENTIFIER EQUALS_ASSIGN expr
    (20) expr -> . IDENTIFIER UNEQUALS_ASSIGN expr
    (21) expr -> . IDENTIFIER GREATER_EQUALS_ASSIGN expr
    (26) expr -> . expr LPAREN para_expr RPAREN
    (41) expr -> . expr CONS expr
    (46) expr -> . expr PLUS expr
    (47) expr -> . expr MINUS expr
    (48) expr -> . expr EXP expr
    (49) expr -> . expr MOD expr
    (50) expr -> . NOT expr
    (51) expr -> . PLUS expr
    (52) expr -> . MINUS expr
    (53) expr -> . expr IMAG
    (54) expr -> . comp
    (55) expr -> . assign_expr
    (56) expr -> . BEGIN sequence END
    (57) expr -> . BEGIN END
    (58) expr -> . expr POWER expr
    (59) expr -> . LET letrec_assign IN expr DOT
    (60) expr -> . OPEN_BRACKETS param_list CLOSED_BRACKETS
    (61) expr -> . OPEN_BRACKETS expr CLOSED_BRACKETS
    (62) expr -> . OPEN_BRACKETS CLOSED_BRACKETS
    (63) expr -> . STRUCT BEGIN assign_list END
    (64) expr -> . STRUCT BEGIN END
    (65) expr -> . expr TIMES expr
    (66) expr -> . expr DIVIDE_CEIL expr
    (67) expr -> . expr DIVIDE_FLOOR expr
    (68) expr -> . expr DIVIDE expr
    (69) expr -> . expr AND expr
    (70) expr -> . expr XOR expr
    (71) expr -> . expr OR expr
    (73) expr -> . FLOAT
    (74) expr -> . IF expr THEN COMMA expr DOT
    (75) expr -> . IF expr THEN COMMA expr else_elif_body DOT
    (76) expr -> . IMPORT file
    (77) expr -> . OPEN_BRACKETS expr DOT DOT expr CLOSED_BRACKETS
    (78) expr -> . CLOSED_BRACKETS expr DOT DOT expr CLOSED_BRACKETS
    (79) expr -> . OPEN_BRACKETS expr DOT DOT expr OPEN_BRACKETS
    (80) expr -> . CLOSED_BRACKETS expr DOT DOT expr OPEN_BRACKETS
    (81) expr -> . LAMBDA para ARROW type COLON expr
    (82) expr -> . NULL
    (85) expr -> . LPAREN param_list RPAREN
    (86) expr -> . LOOP IDENTIFIER IN expr LOOPTHEN expr DOT
    (87) expr -> . MATCH expr WITH cases DOT
    (88) expr -> . NUMBER
    (115) expr -> . LPAREN expr RPAREN
    (120) expr -> . STRING
    (130) expr -> . T_UNDEF expr
    (131) expr -> . IDENTIFIER
    (132) expr -> . WHILE expr THEN COMMA expr DOT
    (29) comp -> . expr EQUALS expr
    (30) comp -> . comp EQUALS expr
    (31) comp -> . expr GREATER_EQUALS expr
    (32) comp -> . comp GREATER_EQUALS expr
    (33) comp -> . expr UNEQUALS expr
    (34) comp -> . comp UNEQUALS expr
    (35) comp -> . expr GREATER_THAN expr
    (36) comp -> . comp GREATER_THAN expr
    (37) comp -> . expr SMALLER_THAN expr
    (38) comp -> . comp SMALLER_THAN expr
    (39) comp -> . expr SMALLER_EQUALS expr
    (40) comp -> . comp SMALLER_EQUALS expr
    (22) assign_expr -> . type IDENTIFIER ASSIGN expr
    (23) assign_expr -> . IDENTIFIER ASSIGN expr
    (121) type -> . T_INT
    (122) type -> . T_FLOAT
    (123) type -> . T_STRING
    (124) type -> . T_COMPLEX
    (125) type -> . LPAREN type_arg RPAREN ARROW type
    (126) type -> . type ARROW type
    (127) type -> . OPEN_BRACKETS CLOSED_BRACKETS type

    IDENTIFIER      shift and go to state 6
    NOT             shift and go to state 9
    PLUS            shift and go to state 4
    MINUS           shift and go to state 8
    BEGIN           shift and go to state 12
    LET             shift and go to state 13
    OPEN_BRACKETS   shift and go to state 3
    STRUCT          shift and go to state 14
    FLOAT           shift and go to state 15
    IF              shift and go to state 16
    IMPORT          shift and go to state 17
    CLOSED_BRACKETS shift and go to state 5
    LAMBDA          shift and go to state 18
    NULL            shift and go to state 20
    LPAREN          shift and go to state 7
    LOOP            shift and go to state 21
    MATCH           shift and go to state 22
    NUMBER          shift and go to state 23
    STRING          shift and go to state 24
    T_UNDEF         shift and go to state 25
    WHILE           shift and go to state 26
    T_INT           shift and go to state 27
    T_FLOAT         shift and go to state 28
    T_STRING        shift and go to state 29
    T_COMPLEX       shift and go to state 30

    expr                           shift and go to state 246
    comp                           shift and go to state 10
    assign_expr                    shift and go to state 11
    type                           shift and go to state 19

state 227

    (95) para_infty -> IDENTIFIER DOT . DOT DOT

    DOT             shift and go to state 247


state 228

    (22) assign_expr -> type IDENTIFIER ASSIGN expr .
    (1) expr -> expr . ARROW expr
    (2) expr -> expr . OPEN_BRACKETS PLUS CLOSED_BRACKETS
    (3) expr -> expr . OPEN_BRACKETS expr CLOSED_BRACKETS
    (26) expr -> expr . LPAREN para_expr RPAREN
    (41) expr -> expr . CONS expr
    (46) expr -> expr . PLUS expr
    (47) expr -> expr . MINUS expr
    (48) expr -> expr . EXP expr
    (49) expr -> expr . MOD expr
    (53) expr -> expr . IMAG
    (58) expr -> expr . POWER expr
    (65) expr -> expr . TIMES expr
    (66) expr -> expr . DIVIDE_CEIL expr
    (67) expr -> expr . DIVIDE_FLOOR expr
    (68) expr -> expr . DIVIDE expr
    (69) expr -> expr . AND expr
    (70) expr -> expr . XOR expr
    (71) expr -> expr . OR expr
    (29) comp -> expr . EQUALS expr
    (31) comp -> expr . GREATER_EQUALS expr
    (33) comp -> expr . UNEQUALS expr
    (35) comp -> expr . GREATER_THAN expr
    (37) comp -> expr . SMALLER_THAN expr
    (39) comp -> expr . SMALLER_EQUALS expr

    $end            reduce using rule 22 (assign_expr -> type IDENTIFIER ASSIGN expr .)
    CLOSED_BRACKETS reduce using rule 22 (assign_expr -> type IDENTIFIER ASSIGN expr .)
    DOT             reduce using rule 22 (assign_expr -> type IDENTIFIER ASSIGN expr .)
    COMMA           reduce using rule 22 (assign_expr -> type IDENTIFIER ASSIGN expr .)
    RPAREN          reduce using rule 22 (assign_expr -> type IDENTIFIER ASSIGN expr .)
    SEMICOLON       reduce using rule 22 (assign_expr -> type IDENTIFIER ASSIGN expr .)
    END             reduce using rule 22 (assign_expr -> type IDENTIFIER ASSIGN expr .)
    THEN            reduce using rule 22 (assign_expr -> type IDENTIFIER ASSIGN expr .)
    WITH            reduce using rule 22 (assign_expr -> type IDENTIFIER ASSIGN expr .)
    COLON           reduce using rule 22 (assign_expr -> type IDENTIFIER ASSIGN expr .)
    IN              reduce using rule 22 (assign_expr -> type IDENTIFIER ASSIGN expr .)
    LOOPTHEN        reduce using rule 22 (assign_expr -> type IDENTIFIER ASSIGN expr .)
    ELSE            reduce using rule 22 (assign_expr -> type IDENTIFIER ASSIGN expr .)
    ARROW           shift and go to state 31
    OPEN_BRACKETS   shift and go to state 32
    LPAREN          shift and go to state 34
    CONS            shift and go to state 35
    PLUS            shift and go to state 33
    MINUS           shift and go to state 36
    EXP             shift and go to state 37
    MOD             shift and go to state 38
    IMAG            shift and go to state 39
    POWER           shift and go to state 40
    TIMES           shift and go to state 41
    DIVIDE_CEIL     shift and go to state 42
    DIVIDE_FLOOR    shift and go to state 43
    DIVIDE          shift and go to state 44
    AND             shift and go to state 45
    XOR             shift and go to state 46
    OR              shift and go to state 47
    EQUALS          shift and go to state 48
    GREATER_EQUALS  shift and go to state 49
    UNEQUALS        shift and go to state 50
    GREATER_THAN    shift and go to state 51
    SMALLER_THAN    shift and go to state 52
    SMALLER_EQUALS  shift and go to state 53

  ! ARROW           [ reduce using rule 22 (assign_expr -> type IDENTIFIER ASSIGN expr .) ]
  ! OPEN_BRACKETS   [ reduce using rule 22 (assign_expr -> type IDENTIFIER ASSIGN expr .) ]
  ! LPAREN          [ reduce using rule 22 (assign_expr -> type IDENTIFIER ASSIGN expr .) ]
  ! CONS            [ reduce using rule 22 (assign_expr -> type IDENTIFIER ASSIGN expr .) ]
  ! PLUS            [ reduce using rule 22 (assign_expr -> type IDENTIFIER ASSIGN expr .) ]
  ! MINUS           [ reduce using rule 22 (assign_expr -> type IDENTIFIER ASSIGN expr .) ]
  ! EXP             [ reduce using rule 22 (assign_expr -> type IDENTIFIER ASSIGN expr .) ]
  ! MOD             [ reduce using rule 22 (assign_expr -> type IDENTIFIER ASSIGN expr .) ]
  ! IMAG            [ reduce using rule 22 (assign_expr -> type IDENTIFIER ASSIGN expr .) ]
  ! POWER           [ reduce using rule 22 (assign_expr -> type IDENTIFIER ASSIGN expr .) ]
  ! TIMES           [ reduce using rule 22 (assign_expr -> type IDENTIFIER ASSIGN expr .) ]
  ! DIVIDE_CEIL     [ reduce using rule 22 (assign_expr -> type IDENTIFIER ASSIGN expr .) ]
  ! DIVIDE_FLOOR    [ reduce using rule 22 (assign_expr -> type IDENTIFIER ASSIGN expr .) ]
  ! DIVIDE          [ reduce using rule 22 (assign_expr -> type IDENTIFIER ASSIGN expr .) ]
  ! AND             [ reduce using rule 22 (assign_expr -> type IDENTIFIER ASSIGN expr .) ]
  ! XOR             [ reduce using rule 22 (assign_expr -> type IDENTIFIER ASSIGN expr .) ]
  ! OR              [ reduce using rule 22 (assign_expr -> type IDENTIFIER ASSIGN expr .) ]
  ! EQUALS          [ reduce using rule 22 (assign_expr -> type IDENTIFIER ASSIGN expr .) ]
  ! GREATER_EQUALS  [ reduce using rule 22 (assign_expr -> type IDENTIFIER ASSIGN expr .) ]
  ! UNEQUALS        [ reduce using rule 22 (assign_expr -> type IDENTIFIER ASSIGN expr .) ]
  ! GREATER_THAN    [ reduce using rule 22 (assign_expr -> type IDENTIFIER ASSIGN expr .) ]
  ! SMALLER_THAN    [ reduce using rule 22 (assign_expr -> type IDENTIFIER ASSIGN expr .) ]
  ! SMALLER_EQUALS  [ reduce using rule 22 (assign_expr -> type IDENTIFIER ASSIGN expr .) ]


state 229

    (86) expr -> LOOP IDENTIFIER IN expr . LOOPTHEN expr DOT
    (1) expr -> expr . ARROW expr
    (2) expr -> expr . OPEN_BRACKETS PLUS CLOSED_BRACKETS
    (3) expr -> expr . OPEN_BRACKETS expr CLOSED_BRACKETS
    (26) expr -> expr . LPAREN para_expr RPAREN
    (41) expr -> expr . CONS expr
    (46) expr -> expr . PLUS expr
    (47) expr -> expr . MINUS expr
    (48) expr -> expr . EXP expr
    (49) expr -> expr . MOD expr
    (53) expr -> expr . IMAG
    (58) expr -> expr . POWER expr
    (65) expr -> expr . TIMES expr
    (66) expr -> expr . DIVIDE_CEIL expr
    (67) expr -> expr . DIVIDE_FLOOR expr
    (68) expr -> expr . DIVIDE expr
    (69) expr -> expr . AND expr
    (70) expr -> expr . XOR expr
    (71) expr -> expr . OR expr
    (29) comp -> expr . EQUALS expr
    (31) comp -> expr . GREATER_EQUALS expr
    (33) comp -> expr . UNEQUALS expr
    (35) comp -> expr . GREATER_THAN expr
    (37) comp -> expr . SMALLER_THAN expr
    (39) comp -> expr . SMALLER_EQUALS expr

    LOOPTHEN        shift and go to state 248
    ARROW           shift and go to state 31
    OPEN_BRACKETS   shift and go to state 32
    LPAREN          shift and go to state 34
    CONS            shift and go to state 35
    PLUS            shift and go to state 33
    MINUS           shift and go to state 36
    EXP             shift and go to state 37
    MOD             shift and go to state 38
    IMAG            shift and go to state 39
    POWER           shift and go to state 40
    TIMES           shift and go to state 41
    DIVIDE_CEIL     shift and go to state 42
    DIVIDE_FLOOR    shift and go to state 43
    DIVIDE          shift and go to state 44
    AND             shift and go to state 45
    XOR             shift and go to state 46
    OR              shift and go to state 47
    EQUALS          shift and go to state 48
    GREATER_EQUALS  shift and go to state 49
    UNEQUALS        shift and go to state 50
    GREATER_THAN    shift and go to state 51
    SMALLER_THAN    shift and go to state 52
    SMALLER_EQUALS  shift and go to state 53


state 230

    (87) expr -> MATCH expr WITH cases . DOT

    DOT             shift and go to state 249


state 231

    (27) cases -> CASE . expr COLON expr DOT cases
    (28) cases -> CASE . expr COLON expr DOT
    (1) expr -> . expr ARROW expr
    (2) expr -> . expr OPEN_BRACKETS PLUS CLOSED_BRACKETS
    (3) expr -> . expr OPEN_BRACKETS expr CLOSED_BRACKETS
    (4) expr -> . IDENTIFIER PLUS_ASSIGN expr
    (5) expr -> . IDENTIFIER MINUS_ASSIGN expr
    (6) expr -> . IDENTIFIER SMALLER_EQUALS_ASSIGN expr
    (7) expr -> . IDENTIFIER GREATER_THAN_ASSIGN expr
    (8) expr -> . IDENTIFIER SMALLER_THAN_ASSIGN expr
    (9) expr -> . IDENTIFIER AND_ASSIGN expr
    (10) expr -> . IDENTIFIER OR_ASSIGN expr
    (11) expr -> . IDENTIFIER XOR_ASSIGN expr
    (12) expr -> . IDENTIFIER MOD_ASSIGN expr
    (13) expr -> . IDENTIFIER EXP_ASSIGN expr
    (14) expr -> . IDENTIFIER POWER_ASSIGN expr
    (15) expr -> . IDENTIFIER TIMES_ASSIGN expr
    (16) expr -> . IDENTIFIER DIVIDE_CEIL_ASSIGN expr
    (17) expr -> . IDENTIFIER DIVIDE_FLOOR_ASSIGN expr
    (18) expr -> . IDENTIFIER DIVIDE_ASSIGN expr
    (19) expr -> . IDENTIFIER EQUALS_ASSIGN expr
    (20) expr -> . IDENTIFIER UNEQUALS_ASSIGN expr
    (21) expr -> . IDENTIFIER GREATER_EQUALS_ASSIGN expr
    (26) expr -> . expr LPAREN para_expr RPAREN
    (41) expr -> . expr CONS expr
    (46) expr -> . expr PLUS expr
    (47) expr -> . expr MINUS expr
    (48) expr -> . expr EXP expr
    (49) expr -> . expr MOD expr
    (50) expr -> . NOT expr
    (51) expr -> . PLUS expr
    (52) expr -> . MINUS expr
    (53) expr -> . expr IMAG
    (54) expr -> . comp
    (55) expr -> . assign_expr
    (56) expr -> . BEGIN sequence END
    (57) expr -> . BEGIN END
    (58) expr -> . expr POWER expr
    (59) expr -> . LET letrec_assign IN expr DOT
    (60) expr -> . OPEN_BRACKETS param_list CLOSED_BRACKETS
    (61) expr -> . OPEN_BRACKETS expr CLOSED_BRACKETS
    (62) expr -> . OPEN_BRACKETS CLOSED_BRACKETS
    (63) expr -> . STRUCT BEGIN assign_list END
    (64) expr -> . STRUCT BEGIN END
    (65) expr -> . expr TIMES expr
    (66) expr -> . expr DIVIDE_CEIL expr
    (67) expr -> . expr DIVIDE_FLOOR expr
    (68) expr -> . expr DIVIDE expr
    (69) expr -> . expr AND expr
    (70) expr -> . expr XOR expr
    (71) expr -> . expr OR expr
    (73) expr -> . FLOAT
    (74) expr -> . IF expr THEN COMMA expr DOT
    (75) expr -> . IF expr THEN COMMA expr else_elif_body DOT
    (76) expr -> . IMPORT file
    (77) expr -> . OPEN_BRACKETS expr DOT DOT expr CLOSED_BRACKETS
    (78) expr -> . CLOSED_BRACKETS expr DOT DOT expr CLOSED_BRACKETS
    (79) expr -> . OPEN_BRACKETS expr DOT DOT expr OPEN_BRACKETS
    (80) expr -> . CLOSED_BRACKETS expr DOT DOT expr OPEN_BRACKETS
    (81) expr -> . LAMBDA para ARROW type COLON expr
    (82) expr -> . NULL
    (85) expr -> . LPAREN param_list RPAREN
    (86) expr -> . LOOP IDENTIFIER IN expr LOOPTHEN expr DOT
    (87) expr -> . MATCH expr WITH cases DOT
    (88) expr -> . NUMBER
    (115) expr -> . LPAREN expr RPAREN
    (120) expr -> . STRING
    (130) expr -> . T_UNDEF expr
    (131) expr -> . IDENTIFIER
    (132) expr -> . WHILE expr THEN COMMA expr DOT
    (29) comp -> . expr EQUALS expr
    (30) comp -> . comp EQUALS expr
    (31) comp -> . expr GREATER_EQUALS expr
    (32) comp -> . comp GREATER_EQUALS expr
    (33) comp -> . expr UNEQUALS expr
    (34) comp -> . comp UNEQUALS expr
    (35) comp -> . expr GREATER_THAN expr
    (36) comp -> . comp GREATER_THAN expr
    (37) comp -> . expr SMALLER_THAN expr
    (38) comp -> . comp SMALLER_THAN expr
    (39) comp -> . expr SMALLER_EQUALS expr
    (40) comp -> . comp SMALLER_EQUALS expr
    (22) assign_expr -> . type IDENTIFIER ASSIGN expr
    (23) assign_expr -> . IDENTIFIER ASSIGN expr
    (121) type -> . T_INT
    (122) type -> . T_FLOAT
    (123) type -> . T_STRING
    (124) type -> . T_COMPLEX
    (125) type -> . LPAREN type_arg RPAREN ARROW type
    (126) type -> . type ARROW type
    (127) type -> . OPEN_BRACKETS CLOSED_BRACKETS type

    IDENTIFIER      shift and go to state 6
    NOT             shift and go to state 9
    PLUS            shift and go to state 4
    MINUS           shift and go to state 8
    BEGIN           shift and go to state 12
    LET             shift and go to state 13
    OPEN_BRACKETS   shift and go to state 3
    STRUCT          shift and go to state 14
    FLOAT           shift and go to state 15
    IF              shift and go to state 16
    IMPORT          shift and go to state 17
    CLOSED_BRACKETS shift and go to state 5
    LAMBDA          shift and go to state 18
    NULL            shift and go to state 20
    LPAREN          shift and go to state 7
    LOOP            shift and go to state 21
    MATCH           shift and go to state 22
    NUMBER          shift and go to state 23
    STRING          shift and go to state 24
    T_UNDEF         shift and go to state 25
    WHILE           shift and go to state 26
    T_INT           shift and go to state 27
    T_FLOAT         shift and go to state 28
    T_STRING        shift and go to state 29
    T_COMPLEX       shift and go to state 30

    expr                           shift and go to state 250
    comp                           shift and go to state 10
    assign_expr                    shift and go to state 11
    type                           shift and go to state 19

state 232

    (132) expr -> WHILE expr THEN COMMA . expr DOT
    (1) expr -> . expr ARROW expr
    (2) expr -> . expr OPEN_BRACKETS PLUS CLOSED_BRACKETS
    (3) expr -> . expr OPEN_BRACKETS expr CLOSED_BRACKETS
    (4) expr -> . IDENTIFIER PLUS_ASSIGN expr
    (5) expr -> . IDENTIFIER MINUS_ASSIGN expr
    (6) expr -> . IDENTIFIER SMALLER_EQUALS_ASSIGN expr
    (7) expr -> . IDENTIFIER GREATER_THAN_ASSIGN expr
    (8) expr -> . IDENTIFIER SMALLER_THAN_ASSIGN expr
    (9) expr -> . IDENTIFIER AND_ASSIGN expr
    (10) expr -> . IDENTIFIER OR_ASSIGN expr
    (11) expr -> . IDENTIFIER XOR_ASSIGN expr
    (12) expr -> . IDENTIFIER MOD_ASSIGN expr
    (13) expr -> . IDENTIFIER EXP_ASSIGN expr
    (14) expr -> . IDENTIFIER POWER_ASSIGN expr
    (15) expr -> . IDENTIFIER TIMES_ASSIGN expr
    (16) expr -> . IDENTIFIER DIVIDE_CEIL_ASSIGN expr
    (17) expr -> . IDENTIFIER DIVIDE_FLOOR_ASSIGN expr
    (18) expr -> . IDENTIFIER DIVIDE_ASSIGN expr
    (19) expr -> . IDENTIFIER EQUALS_ASSIGN expr
    (20) expr -> . IDENTIFIER UNEQUALS_ASSIGN expr
    (21) expr -> . IDENTIFIER GREATER_EQUALS_ASSIGN expr
    (26) expr -> . expr LPAREN para_expr RPAREN
    (41) expr -> . expr CONS expr
    (46) expr -> . expr PLUS expr
    (47) expr -> . expr MINUS expr
    (48) expr -> . expr EXP expr
    (49) expr -> . expr MOD expr
    (50) expr -> . NOT expr
    (51) expr -> . PLUS expr
    (52) expr -> . MINUS expr
    (53) expr -> . expr IMAG
    (54) expr -> . comp
    (55) expr -> . assign_expr
    (56) expr -> . BEGIN sequence END
    (57) expr -> . BEGIN END
    (58) expr -> . expr POWER expr
    (59) expr -> . LET letrec_assign IN expr DOT
    (60) expr -> . OPEN_BRACKETS param_list CLOSED_BRACKETS
    (61) expr -> . OPEN_BRACKETS expr CLOSED_BRACKETS
    (62) expr -> . OPEN_BRACKETS CLOSED_BRACKETS
    (63) expr -> . STRUCT BEGIN assign_list END
    (64) expr -> . STRUCT BEGIN END
    (65) expr -> . expr TIMES expr
    (66) expr -> . expr DIVIDE_CEIL expr
    (67) expr -> . expr DIVIDE_FLOOR expr
    (68) expr -> . expr DIVIDE expr
    (69) expr -> . expr AND expr
    (70) expr -> . expr XOR expr
    (71) expr -> . expr OR expr
    (73) expr -> . FLOAT
    (74) expr -> . IF expr THEN COMMA expr DOT
    (75) expr -> . IF expr THEN COMMA expr else_elif_body DOT
    (76) expr -> . IMPORT file
    (77) expr -> . OPEN_BRACKETS expr DOT DOT expr CLOSED_BRACKETS
    (78) expr -> . CLOSED_BRACKETS expr DOT DOT expr CLOSED_BRACKETS
    (79) expr -> . OPEN_BRACKETS expr DOT DOT expr OPEN_BRACKETS
    (80) expr -> . CLOSED_BRACKETS expr DOT DOT expr OPEN_BRACKETS
    (81) expr -> . LAMBDA para ARROW type COLON expr
    (82) expr -> . NULL
    (85) expr -> . LPAREN param_list RPAREN
    (86) expr -> . LOOP IDENTIFIER IN expr LOOPTHEN expr DOT
    (87) expr -> . MATCH expr WITH cases DOT
    (88) expr -> . NUMBER
    (115) expr -> . LPAREN expr RPAREN
    (120) expr -> . STRING
    (130) expr -> . T_UNDEF expr
    (131) expr -> . IDENTIFIER
    (132) expr -> . WHILE expr THEN COMMA expr DOT
    (29) comp -> . expr EQUALS expr
    (30) comp -> . comp EQUALS expr
    (31) comp -> . expr GREATER_EQUALS expr
    (32) comp -> . comp GREATER_EQUALS expr
    (33) comp -> . expr UNEQUALS expr
    (34) comp -> . comp UNEQUALS expr
    (35) comp -> . expr GREATER_THAN expr
    (36) comp -> . comp GREATER_THAN expr
    (37) comp -> . expr SMALLER_THAN expr
    (38) comp -> . comp SMALLER_THAN expr
    (39) comp -> . expr SMALLER_EQUALS expr
    (40) comp -> . comp SMALLER_EQUALS expr
    (22) assign_expr -> . type IDENTIFIER ASSIGN expr
    (23) assign_expr -> . IDENTIFIER ASSIGN expr
    (121) type -> . T_INT
    (122) type -> . T_FLOAT
    (123) type -> . T_STRING
    (124) type -> . T_COMPLEX
    (125) type -> . LPAREN type_arg RPAREN ARROW type
    (126) type -> . type ARROW type
    (127) type -> . OPEN_BRACKETS CLOSED_BRACKETS type

    IDENTIFIER      shift and go to state 6
    NOT             shift and go to state 9
    PLUS            shift and go to state 4
    MINUS           shift and go to state 8
    BEGIN           shift and go to state 12
    LET             shift and go to state 13
    OPEN_BRACKETS   shift and go to state 3
    STRUCT          shift and go to state 14
    FLOAT           shift and go to state 15
    IF              shift and go to state 16
    IMPORT          shift and go to state 17
    CLOSED_BRACKETS shift and go to state 5
    LAMBDA          shift and go to state 18
    NULL            shift and go to state 20
    LPAREN          shift and go to state 7
    LOOP            shift and go to state 21
    MATCH           shift and go to state 22
    NUMBER          shift and go to state 23
    STRING          shift and go to state 24
    T_UNDEF         shift and go to state 25
    WHILE           shift and go to state 26
    T_INT           shift and go to state 27
    T_FLOAT         shift and go to state 28
    T_STRING        shift and go to state 29
    T_COMPLEX       shift and go to state 30

    expr                           shift and go to state 251
    comp                           shift and go to state 10
    assign_expr                    shift and go to state 11
    type                           shift and go to state 19

state 233

    (107) param_pos_expr -> expr COMMA param_pos_expr .

    RPAREN          reduce using rule 107 (param_pos_expr -> expr COMMA param_pos_expr .)


state 234

    (97) para_keywords_expr -> expr COLON expr . COMMA para_keywords_expr
    (98) para_keywords_expr -> expr COLON expr .
    (1) expr -> expr . ARROW expr
    (2) expr -> expr . OPEN_BRACKETS PLUS CLOSED_BRACKETS
    (3) expr -> expr . OPEN_BRACKETS expr CLOSED_BRACKETS
    (26) expr -> expr . LPAREN para_expr RPAREN
    (41) expr -> expr . CONS expr
    (46) expr -> expr . PLUS expr
    (47) expr -> expr . MINUS expr
    (48) expr -> expr . EXP expr
    (49) expr -> expr . MOD expr
    (53) expr -> expr . IMAG
    (58) expr -> expr . POWER expr
    (65) expr -> expr . TIMES expr
    (66) expr -> expr . DIVIDE_CEIL expr
    (67) expr -> expr . DIVIDE_FLOOR expr
    (68) expr -> expr . DIVIDE expr
    (69) expr -> expr . AND expr
    (70) expr -> expr . XOR expr
    (71) expr -> expr . OR expr
    (29) comp -> expr . EQUALS expr
    (31) comp -> expr . GREATER_EQUALS expr
    (33) comp -> expr . UNEQUALS expr
    (35) comp -> expr . GREATER_THAN expr
    (37) comp -> expr . SMALLER_THAN expr
    (39) comp -> expr . SMALLER_EQUALS expr

    COMMA           shift and go to state 252
    RPAREN          reduce using rule 98 (para_keywords_expr -> expr COLON expr .)
    ARROW           shift and go to state 31
    OPEN_BRACKETS   shift and go to state 32
    LPAREN          shift and go to state 34
    CONS            shift and go to state 35
    PLUS            shift and go to state 33
    MINUS           shift and go to state 36
    EXP             shift and go to state 37
    MOD             shift and go to state 38
    IMAG            shift and go to state 39
    POWER           shift and go to state 40
    TIMES           shift and go to state 41
    DIVIDE_CEIL     shift and go to state 42
    DIVIDE_FLOOR    shift and go to state 43
    DIVIDE          shift and go to state 44
    AND             shift and go to state 45
    XOR             shift and go to state 46
    OR              shift and go to state 47
    EQUALS          shift and go to state 48
    GREATER_EQUALS  shift and go to state 49
    UNEQUALS        shift and go to state 50
    GREATER_THAN    shift and go to state 51
    SMALLER_THAN    shift and go to state 52
    SMALLER_EQUALS  shift and go to state 53


state 235

    (77) expr -> OPEN_BRACKETS expr DOT DOT expr . CLOSED_BRACKETS
    (79) expr -> OPEN_BRACKETS expr DOT DOT expr . OPEN_BRACKETS
    (1) expr -> expr . ARROW expr
    (2) expr -> expr . OPEN_BRACKETS PLUS CLOSED_BRACKETS
    (3) expr -> expr . OPEN_BRACKETS expr CLOSED_BRACKETS
    (26) expr -> expr . LPAREN para_expr RPAREN
    (41) expr -> expr . CONS expr
    (46) expr -> expr . PLUS expr
    (47) expr -> expr . MINUS expr
    (48) expr -> expr . EXP expr
    (49) expr -> expr . MOD expr
    (53) expr -> expr . IMAG
    (58) expr -> expr . POWER expr
    (65) expr -> expr . TIMES expr
    (66) expr -> expr . DIVIDE_CEIL expr
    (67) expr -> expr . DIVIDE_FLOOR expr
    (68) expr -> expr . DIVIDE expr
    (69) expr -> expr . AND expr
    (70) expr -> expr . XOR expr
    (71) expr -> expr . OR expr
    (29) comp -> expr . EQUALS expr
    (31) comp -> expr . GREATER_EQUALS expr
    (33) comp -> expr . UNEQUALS expr
    (35) comp -> expr . GREATER_THAN expr
    (37) comp -> expr . SMALLER_THAN expr
    (39) comp -> expr . SMALLER_EQUALS expr

    CLOSED_BRACKETS shift and go to state 254
    OPEN_BRACKETS   shift and go to state 253
    ARROW           shift and go to state 31
    LPAREN          shift and go to state 34
    CONS            shift and go to state 35
    PLUS            shift and go to state 33
    MINUS           shift and go to state 36
    EXP             shift and go to state 37
    MOD             shift and go to state 38
    IMAG            shift and go to state 39
    POWER           shift and go to state 40
    TIMES           shift and go to state 41
    DIVIDE_CEIL     shift and go to state 42
    DIVIDE_FLOOR    shift and go to state 43
    DIVIDE          shift and go to state 44
    AND             shift and go to state 45
    XOR             shift and go to state 46
    OR              shift and go to state 47
    EQUALS          shift and go to state 48
    GREATER_EQUALS  shift and go to state 49
    UNEQUALS        shift and go to state 50
    GREATER_THAN    shift and go to state 51
    SMALLER_THAN    shift and go to state 52
    SMALLER_EQUALS  shift and go to state 53


state 236

    (78) expr -> CLOSED_BRACKETS expr DOT DOT expr . CLOSED_BRACKETS
    (80) expr -> CLOSED_BRACKETS expr DOT DOT expr . OPEN_BRACKETS
    (1) expr -> expr . ARROW expr
    (2) expr -> expr . OPEN_BRACKETS PLUS CLOSED_BRACKETS
    (3) expr -> expr . OPEN_BRACKETS expr CLOSED_BRACKETS
    (26) expr -> expr . LPAREN para_expr RPAREN
    (41) expr -> expr . CONS expr
    (46) expr -> expr . PLUS expr
    (47) expr -> expr . MINUS expr
    (48) expr -> expr . EXP expr
    (49) expr -> expr . MOD expr
    (53) expr -> expr . IMAG
    (58) expr -> expr . POWER expr
    (65) expr -> expr . TIMES expr
    (66) expr -> expr . DIVIDE_CEIL expr
    (67) expr -> expr . DIVIDE_FLOOR expr
    (68) expr -> expr . DIVIDE expr
    (69) expr -> expr . AND expr
    (70) expr -> expr . XOR expr
    (71) expr -> expr . OR expr
    (29) comp -> expr . EQUALS expr
    (31) comp -> expr . GREATER_EQUALS expr
    (33) comp -> expr . UNEQUALS expr
    (35) comp -> expr . GREATER_THAN expr
    (37) comp -> expr . SMALLER_THAN expr
    (39) comp -> expr . SMALLER_EQUALS expr

    CLOSED_BRACKETS shift and go to state 255
    OPEN_BRACKETS   shift and go to state 256
    ARROW           shift and go to state 31
    LPAREN          shift and go to state 34
    CONS            shift and go to state 35
    PLUS            shift and go to state 33
    MINUS           shift and go to state 36
    EXP             shift and go to state 37
    MOD             shift and go to state 38
    IMAG            shift and go to state 39
    POWER           shift and go to state 40
    TIMES           shift and go to state 41
    DIVIDE_CEIL     shift and go to state 42
    DIVIDE_FLOOR    shift and go to state 43
    DIVIDE          shift and go to state 44
    AND             shift and go to state 45
    XOR             shift and go to state 46
    OR              shift and go to state 47
    EQUALS          shift and go to state 48
    GREATER_EQUALS  shift and go to state 49
    UNEQUALS        shift and go to state 50
    GREATER_THAN    shift and go to state 51
    SMALLER_THAN    shift and go to state 52
    SMALLER_EQUALS  shift and go to state 53


state 237

    (125) type -> LPAREN type_arg RPAREN ARROW type .
    (126) type -> type . ARROW type

    IDENTIFIER      reduce using rule 125 (type -> LPAREN type_arg RPAREN ARROW type .)
    ARROW           reduce using rule 125 (type -> LPAREN type_arg RPAREN ARROW type .)
    COMMA           reduce using rule 125 (type -> LPAREN type_arg RPAREN ARROW type .)
    RPAREN          reduce using rule 125 (type -> LPAREN type_arg RPAREN ARROW type .)
    COLON           reduce using rule 125 (type -> LPAREN type_arg RPAREN ARROW type .)

  ! ARROW           [ shift and go to state 108 ]


state 238

    (59) expr -> LET letrec_assign IN expr DOT .

    ARROW           reduce using rule 59 (expr -> LET letrec_assign IN expr DOT .)
    OPEN_BRACKETS   reduce using rule 59 (expr -> LET letrec_assign IN expr DOT .)
    LPAREN          reduce using rule 59 (expr -> LET letrec_assign IN expr DOT .)
    CONS            reduce using rule 59 (expr -> LET letrec_assign IN expr DOT .)
    PLUS            reduce using rule 59 (expr -> LET letrec_assign IN expr DOT .)
    MINUS           reduce using rule 59 (expr -> LET letrec_assign IN expr DOT .)
    EXP             reduce using rule 59 (expr -> LET letrec_assign IN expr DOT .)
    MOD             reduce using rule 59 (expr -> LET letrec_assign IN expr DOT .)
    IMAG            reduce using rule 59 (expr -> LET letrec_assign IN expr DOT .)
    POWER           reduce using rule 59 (expr -> LET letrec_assign IN expr DOT .)
    TIMES           reduce using rule 59 (expr -> LET letrec_assign IN expr DOT .)
    DIVIDE_CEIL     reduce using rule 59 (expr -> LET letrec_assign IN expr DOT .)
    DIVIDE_FLOOR    reduce using rule 59 (expr -> LET letrec_assign IN expr DOT .)
    DIVIDE          reduce using rule 59 (expr -> LET letrec_assign IN expr DOT .)
    AND             reduce using rule 59 (expr -> LET letrec_assign IN expr DOT .)
    XOR             reduce using rule 59 (expr -> LET letrec_assign IN expr DOT .)
    OR              reduce using rule 59 (expr -> LET letrec_assign IN expr DOT .)
    EQUALS          reduce using rule 59 (expr -> LET letrec_assign IN expr DOT .)
    GREATER_EQUALS  reduce using rule 59 (expr -> LET letrec_assign IN expr DOT .)
    UNEQUALS        reduce using rule 59 (expr -> LET letrec_assign IN expr DOT .)
    GREATER_THAN    reduce using rule 59 (expr -> LET letrec_assign IN expr DOT .)
    SMALLER_THAN    reduce using rule 59 (expr -> LET letrec_assign IN expr DOT .)
    SMALLER_EQUALS  reduce using rule 59 (expr -> LET letrec_assign IN expr DOT .)
    $end            reduce using rule 59 (expr -> LET letrec_assign IN expr DOT .)
    CLOSED_BRACKETS reduce using rule 59 (expr -> LET letrec_assign IN expr DOT .)
    DOT             reduce using rule 59 (expr -> LET letrec_assign IN expr DOT .)
    COMMA           reduce using rule 59 (expr -> LET letrec_assign IN expr DOT .)
    RPAREN          reduce using rule 59 (expr -> LET letrec_assign IN expr DOT .)
    SEMICOLON       reduce using rule 59 (expr -> LET letrec_assign IN expr DOT .)
    END             reduce using rule 59 (expr -> LET letrec_assign IN expr DOT .)
    THEN            reduce using rule 59 (expr -> LET letrec_assign IN expr DOT .)
    WITH            reduce using rule 59 (expr -> LET letrec_assign IN expr DOT .)
    COLON           reduce using rule 59 (expr -> LET letrec_assign IN expr DOT .)
    IN              reduce using rule 59 (expr -> LET letrec_assign IN expr DOT .)
    LOOPTHEN        reduce using rule 59 (expr -> LET letrec_assign IN expr DOT .)
    ELSE            reduce using rule 59 (expr -> LET letrec_assign IN expr DOT .)


state 239

    (24) assign_list -> assign_expr SEMICOLON assign_list .

    END             reduce using rule 24 (assign_list -> assign_expr SEMICOLON assign_list .)


state 240

    (74) expr -> IF expr THEN COMMA expr . DOT
    (75) expr -> IF expr THEN COMMA expr . else_elif_body DOT
    (1) expr -> expr . ARROW expr
    (2) expr -> expr . OPEN_BRACKETS PLUS CLOSED_BRACKETS
    (3) expr -> expr . OPEN_BRACKETS expr CLOSED_BRACKETS
    (26) expr -> expr . LPAREN para_expr RPAREN
    (41) expr -> expr . CONS expr
    (46) expr -> expr . PLUS expr
    (47) expr -> expr . MINUS expr
    (48) expr -> expr . EXP expr
    (49) expr -> expr . MOD expr
    (53) expr -> expr . IMAG
    (58) expr -> expr . POWER expr
    (65) expr -> expr . TIMES expr
    (66) expr -> expr . DIVIDE_CEIL expr
    (67) expr -> expr . DIVIDE_FLOOR expr
    (68) expr -> expr . DIVIDE expr
    (69) expr -> expr . AND expr
    (70) expr -> expr . XOR expr
    (71) expr -> expr . OR expr
    (29) comp -> expr . EQUALS expr
    (31) comp -> expr . GREATER_EQUALS expr
    (33) comp -> expr . UNEQUALS expr
    (35) comp -> expr . GREATER_THAN expr
    (37) comp -> expr . SMALLER_THAN expr
    (39) comp -> expr . SMALLER_EQUALS expr
    (42) else_elif_body -> . COMMA ELIF IF expr THEN COMMA expr
    (43) else_elif_body -> . COMMA ELIF IF expr THEN COMMA expr else_elif_body
    (44) else_elif_body -> . ELSE expr

    DOT             shift and go to state 258
    ARROW           shift and go to state 31
    OPEN_BRACKETS   shift and go to state 32
    LPAREN          shift and go to state 34
    CONS            shift and go to state 35
    PLUS            shift and go to state 33
    MINUS           shift and go to state 36
    EXP             shift and go to state 37
    MOD             shift and go to state 38
    IMAG            shift and go to state 39
    POWER           shift and go to state 40
    TIMES           shift and go to state 41
    DIVIDE_CEIL     shift and go to state 42
    DIVIDE_FLOOR    shift and go to state 43
    DIVIDE          shift and go to state 44
    AND             shift and go to state 45
    XOR             shift and go to state 46
    OR              shift and go to state 47
    EQUALS          shift and go to state 48
    GREATER_EQUALS  shift and go to state 49
    UNEQUALS        shift and go to state 50
    GREATER_THAN    shift and go to state 51
    SMALLER_THAN    shift and go to state 52
    SMALLER_EQUALS  shift and go to state 53
    COMMA           shift and go to state 257
    ELSE            shift and go to state 260

    else_elif_body                 shift and go to state 259

state 241

    (81) expr -> LAMBDA para ARROW type COLON . expr
    (1) expr -> . expr ARROW expr
    (2) expr -> . expr OPEN_BRACKETS PLUS CLOSED_BRACKETS
    (3) expr -> . expr OPEN_BRACKETS expr CLOSED_BRACKETS
    (4) expr -> . IDENTIFIER PLUS_ASSIGN expr
    (5) expr -> . IDENTIFIER MINUS_ASSIGN expr
    (6) expr -> . IDENTIFIER SMALLER_EQUALS_ASSIGN expr
    (7) expr -> . IDENTIFIER GREATER_THAN_ASSIGN expr
    (8) expr -> . IDENTIFIER SMALLER_THAN_ASSIGN expr
    (9) expr -> . IDENTIFIER AND_ASSIGN expr
    (10) expr -> . IDENTIFIER OR_ASSIGN expr
    (11) expr -> . IDENTIFIER XOR_ASSIGN expr
    (12) expr -> . IDENTIFIER MOD_ASSIGN expr
    (13) expr -> . IDENTIFIER EXP_ASSIGN expr
    (14) expr -> . IDENTIFIER POWER_ASSIGN expr
    (15) expr -> . IDENTIFIER TIMES_ASSIGN expr
    (16) expr -> . IDENTIFIER DIVIDE_CEIL_ASSIGN expr
    (17) expr -> . IDENTIFIER DIVIDE_FLOOR_ASSIGN expr
    (18) expr -> . IDENTIFIER DIVIDE_ASSIGN expr
    (19) expr -> . IDENTIFIER EQUALS_ASSIGN expr
    (20) expr -> . IDENTIFIER UNEQUALS_ASSIGN expr
    (21) expr -> . IDENTIFIER GREATER_EQUALS_ASSIGN expr
    (26) expr -> . expr LPAREN para_expr RPAREN
    (41) expr -> . expr CONS expr
    (46) expr -> . expr PLUS expr
    (47) expr -> . expr MINUS expr
    (48) expr -> . expr EXP expr
    (49) expr -> . expr MOD expr
    (50) expr -> . NOT expr
    (51) expr -> . PLUS expr
    (52) expr -> . MINUS expr
    (53) expr -> . expr IMAG
    (54) expr -> . comp
    (55) expr -> . assign_expr
    (56) expr -> . BEGIN sequence END
    (57) expr -> . BEGIN END
    (58) expr -> . expr POWER expr
    (59) expr -> . LET letrec_assign IN expr DOT
    (60) expr -> . OPEN_BRACKETS param_list CLOSED_BRACKETS
    (61) expr -> . OPEN_BRACKETS expr CLOSED_BRACKETS
    (62) expr -> . OPEN_BRACKETS CLOSED_BRACKETS
    (63) expr -> . STRUCT BEGIN assign_list END
    (64) expr -> . STRUCT BEGIN END
    (65) expr -> . expr TIMES expr
    (66) expr -> . expr DIVIDE_CEIL expr
    (67) expr -> . expr DIVIDE_FLOOR expr
    (68) expr -> . expr DIVIDE expr
    (69) expr -> . expr AND expr
    (70) expr -> . expr XOR expr
    (71) expr -> . expr OR expr
    (73) expr -> . FLOAT
    (74) expr -> . IF expr THEN COMMA expr DOT
    (75) expr -> . IF expr THEN COMMA expr else_elif_body DOT
    (76) expr -> . IMPORT file
    (77) expr -> . OPEN_BRACKETS expr DOT DOT expr CLOSED_BRACKETS
    (78) expr -> . CLOSED_BRACKETS expr DOT DOT expr CLOSED_BRACKETS
    (79) expr -> . OPEN_BRACKETS expr DOT DOT expr OPEN_BRACKETS
    (80) expr -> . CLOSED_BRACKETS expr DOT DOT expr OPEN_BRACKETS
    (81) expr -> . LAMBDA para ARROW type COLON expr
    (82) expr -> . NULL
    (85) expr -> . LPAREN param_list RPAREN
    (86) expr -> . LOOP IDENTIFIER IN expr LOOPTHEN expr DOT
    (87) expr -> . MATCH expr WITH cases DOT
    (88) expr -> . NUMBER
    (115) expr -> . LPAREN expr RPAREN
    (120) expr -> . STRING
    (130) expr -> . T_UNDEF expr
    (131) expr -> . IDENTIFIER
    (132) expr -> . WHILE expr THEN COMMA expr DOT
    (29) comp -> . expr EQUALS expr
    (30) comp -> . comp EQUALS expr
    (31) comp -> . expr GREATER_EQUALS expr
    (32) comp -> . comp GREATER_EQUALS expr
    (33) comp -> . expr UNEQUALS expr
    (34) comp -> . comp UNEQUALS expr
    (35) comp -> . expr GREATER_THAN expr
    (36) comp -> . comp GREATER_THAN expr
    (37) comp -> . expr SMALLER_THAN expr
    (38) comp -> . comp SMALLER_THAN expr
    (39) comp -> . expr SMALLER_EQUALS expr
    (40) comp -> . comp SMALLER_EQUALS expr
    (22) assign_expr -> . type IDENTIFIER ASSIGN expr
    (23) assign_expr -> . IDENTIFIER ASSIGN expr
    (121) type -> . T_INT
    (122) type -> . T_FLOAT
    (123) type -> . T_STRING
    (124) type -> . T_COMPLEX
    (125) type -> . LPAREN type_arg RPAREN ARROW type
    (126) type -> . type ARROW type
    (127) type -> . OPEN_BRACKETS CLOSED_BRACKETS type

    IDENTIFIER      shift and go to state 6
    NOT             shift and go to state 9
    PLUS            shift and go to state 4
    MINUS           shift and go to state 8
    BEGIN           shift and go to state 12
    LET             shift and go to state 13
    OPEN_BRACKETS   shift and go to state 3
    STRUCT          shift and go to state 14
    FLOAT           shift and go to state 15
    IF              shift and go to state 16
    IMPORT          shift and go to state 17
    CLOSED_BRACKETS shift and go to state 5
    LAMBDA          shift and go to state 18
    NULL            shift and go to state 20
    LPAREN          shift and go to state 7
    LOOP            shift and go to state 21
    MATCH           shift and go to state 22
    NUMBER          shift and go to state 23
    STRING          shift and go to state 24
    T_UNDEF         shift and go to state 25
    WHILE           shift and go to state 26
    T_INT           shift and go to state 27
    T_FLOAT         shift and go to state 28
    T_STRING        shift and go to state 29
    T_COMPLEX       shift and go to state 30

    type                           shift and go to state 19
    expr                           shift and go to state 261
    comp                           shift and go to state 10
    assign_expr                    shift and go to state 11

state 242

    (110) param_pos_list -> type IDENTIFIER COMMA . param_pos_list
    (110) param_pos_list -> . type IDENTIFIER COMMA param_pos_list
    (111) param_pos_list -> . type IDENTIFIER
    (112) param_pos_list -> . IDENTIFIER COMMA param_pos_list
    (113) param_pos_list -> . IDENTIFIER
    (114) param_pos_list -> . para_keywords
    (121) type -> . T_INT
    (122) type -> . T_FLOAT
    (123) type -> . T_STRING
    (124) type -> . T_COMPLEX
    (125) type -> . LPAREN type_arg RPAREN ARROW type
    (126) type -> . type ARROW type
    (127) type -> . OPEN_BRACKETS CLOSED_BRACKETS type
    (96) para_keywords -> . para_kw_list
    (99) para_kw_list -> . type IDENTIFIER COLON expr COMMA para_kw_list
    (100) para_kw_list -> . IDENTIFIER COLON expr COMMA para_kw_list
    (101) para_kw_list -> . type IDENTIFIER COLON expr
    (102) para_kw_list -> . IDENTIFIER COLON expr
    (103) para_kw_list -> . para_infty
    (95) para_infty -> . IDENTIFIER DOT DOT DOT

    IDENTIFIER      shift and go to state 193
    T_INT           shift and go to state 27
    T_FLOAT         shift and go to state 28
    T_STRING        shift and go to state 29
    T_COMPLEX       shift and go to state 30
    LPAREN          shift and go to state 96
    OPEN_BRACKETS   shift and go to state 97

    type                           shift and go to state 245
    param_pos_list                 shift and go to state 262
    para_keywords                  shift and go to state 194
    para_kw_list                   shift and go to state 195
    para_infty                     shift and go to state 196

state 243

    (99) para_kw_list -> type IDENTIFIER COLON . expr COMMA para_kw_list
    (101) para_kw_list -> type IDENTIFIER COLON . expr
    (1) expr -> . expr ARROW expr
    (2) expr -> . expr OPEN_BRACKETS PLUS CLOSED_BRACKETS
    (3) expr -> . expr OPEN_BRACKETS expr CLOSED_BRACKETS
    (4) expr -> . IDENTIFIER PLUS_ASSIGN expr
    (5) expr -> . IDENTIFIER MINUS_ASSIGN expr
    (6) expr -> . IDENTIFIER SMALLER_EQUALS_ASSIGN expr
    (7) expr -> . IDENTIFIER GREATER_THAN_ASSIGN expr
    (8) expr -> . IDENTIFIER SMALLER_THAN_ASSIGN expr
    (9) expr -> . IDENTIFIER AND_ASSIGN expr
    (10) expr -> . IDENTIFIER OR_ASSIGN expr
    (11) expr -> . IDENTIFIER XOR_ASSIGN expr
    (12) expr -> . IDENTIFIER MOD_ASSIGN expr
    (13) expr -> . IDENTIFIER EXP_ASSIGN expr
    (14) expr -> . IDENTIFIER POWER_ASSIGN expr
    (15) expr -> . IDENTIFIER TIMES_ASSIGN expr
    (16) expr -> . IDENTIFIER DIVIDE_CEIL_ASSIGN expr
    (17) expr -> . IDENTIFIER DIVIDE_FLOOR_ASSIGN expr
    (18) expr -> . IDENTIFIER DIVIDE_ASSIGN expr
    (19) expr -> . IDENTIFIER EQUALS_ASSIGN expr
    (20) expr -> . IDENTIFIER UNEQUALS_ASSIGN expr
    (21) expr -> . IDENTIFIER GREATER_EQUALS_ASSIGN expr
    (26) expr -> . expr LPAREN para_expr RPAREN
    (41) expr -> . expr CONS expr
    (46) expr -> . expr PLUS expr
    (47) expr -> . expr MINUS expr
    (48) expr -> . expr EXP expr
    (49) expr -> . expr MOD expr
    (50) expr -> . NOT expr
    (51) expr -> . PLUS expr
    (52) expr -> . MINUS expr
    (53) expr -> . expr IMAG
    (54) expr -> . comp
    (55) expr -> . assign_expr
    (56) expr -> . BEGIN sequence END
    (57) expr -> . BEGIN END
    (58) expr -> . expr POWER expr
    (59) expr -> . LET letrec_assign IN expr DOT
    (60) expr -> . OPEN_BRACKETS param_list CLOSED_BRACKETS
    (61) expr -> . OPEN_BRACKETS expr CLOSED_BRACKETS
    (62) expr -> . OPEN_BRACKETS CLOSED_BRACKETS
    (63) expr -> . STRUCT BEGIN assign_list END
    (64) expr -> . STRUCT BEGIN END
    (65) expr -> . expr TIMES expr
    (66) expr -> . expr DIVIDE_CEIL expr
    (67) expr -> . expr DIVIDE_FLOOR expr
    (68) expr -> . expr DIVIDE expr
    (69) expr -> . expr AND expr
    (70) expr -> . expr XOR expr
    (71) expr -> . expr OR expr
    (73) expr -> . FLOAT
    (74) expr -> . IF expr THEN COMMA expr DOT
    (75) expr -> . IF expr THEN COMMA expr else_elif_body DOT
    (76) expr -> . IMPORT file
    (77) expr -> . OPEN_BRACKETS expr DOT DOT expr CLOSED_BRACKETS
    (78) expr -> . CLOSED_BRACKETS expr DOT DOT expr CLOSED_BRACKETS
    (79) expr -> . OPEN_BRACKETS expr DOT DOT expr OPEN_BRACKETS
    (80) expr -> . CLOSED_BRACKETS expr DOT DOT expr OPEN_BRACKETS
    (81) expr -> . LAMBDA para ARROW type COLON expr
    (82) expr -> . NULL
    (85) expr -> . LPAREN param_list RPAREN
    (86) expr -> . LOOP IDENTIFIER IN expr LOOPTHEN expr DOT
    (87) expr -> . MATCH expr WITH cases DOT
    (88) expr -> . NUMBER
    (115) expr -> . LPAREN expr RPAREN
    (120) expr -> . STRING
    (130) expr -> . T_UNDEF expr
    (131) expr -> . IDENTIFIER
    (132) expr -> . WHILE expr THEN COMMA expr DOT
    (29) comp -> . expr EQUALS expr
    (30) comp -> . comp EQUALS expr
    (31) comp -> . expr GREATER_EQUALS expr
    (32) comp -> . comp GREATER_EQUALS expr
    (33) comp -> . expr UNEQUALS expr
    (34) comp -> . comp UNEQUALS expr
    (35) comp -> . expr GREATER_THAN expr
    (36) comp -> . comp GREATER_THAN expr
    (37) comp -> . expr SMALLER_THAN expr
    (38) comp -> . comp SMALLER_THAN expr
    (39) comp -> . expr SMALLER_EQUALS expr
    (40) comp -> . comp SMALLER_EQUALS expr
    (22) assign_expr -> . type IDENTIFIER ASSIGN expr
    (23) assign_expr -> . IDENTIFIER ASSIGN expr
    (121) type -> . T_INT
    (122) type -> . T_FLOAT
    (123) type -> . T_STRING
    (124) type -> . T_COMPLEX
    (125) type -> . LPAREN type_arg RPAREN ARROW type
    (126) type -> . type ARROW type
    (127) type -> . OPEN_BRACKETS CLOSED_BRACKETS type

    IDENTIFIER      shift and go to state 6
    NOT             shift and go to state 9
    PLUS            shift and go to state 4
    MINUS           shift and go to state 8
    BEGIN           shift and go to state 12
    LET             shift and go to state 13
    OPEN_BRACKETS   shift and go to state 3
    STRUCT          shift and go to state 14
    FLOAT           shift and go to state 15
    IF              shift and go to state 16
    IMPORT          shift and go to state 17
    CLOSED_BRACKETS shift and go to state 5
    LAMBDA          shift and go to state 18
    NULL            shift and go to state 20
    LPAREN          shift and go to state 7
    LOOP            shift and go to state 21
    MATCH           shift and go to state 22
    NUMBER          shift and go to state 23
    STRING          shift and go to state 24
    T_UNDEF         shift and go to state 25
    WHILE           shift and go to state 26
    T_INT           shift and go to state 27
    T_FLOAT         shift and go to state 28
    T_STRING        shift and go to state 29
    T_COMPLEX       shift and go to state 30

    type                           shift and go to state 19
    expr                           shift and go to state 263
    comp                           shift and go to state 10
    assign_expr                    shift and go to state 11

state 244

    (112) param_pos_list -> IDENTIFIER COMMA param_pos_list .

    RPAREN          reduce using rule 112 (param_pos_list -> IDENTIFIER COMMA param_pos_list .)


state 245

    (110) param_pos_list -> type . IDENTIFIER COMMA param_pos_list
    (111) param_pos_list -> type . IDENTIFIER
    (126) type -> type . ARROW type
    (99) para_kw_list -> type . IDENTIFIER COLON expr COMMA para_kw_list
    (101) para_kw_list -> type . IDENTIFIER COLON expr

    IDENTIFIER      shift and go to state 224
    ARROW           shift and go to state 108


state 246

    (100) para_kw_list -> IDENTIFIER COLON expr . COMMA para_kw_list
    (102) para_kw_list -> IDENTIFIER COLON expr .
    (1) expr -> expr . ARROW expr
    (2) expr -> expr . OPEN_BRACKETS PLUS CLOSED_BRACKETS
    (3) expr -> expr . OPEN_BRACKETS expr CLOSED_BRACKETS
    (26) expr -> expr . LPAREN para_expr RPAREN
    (41) expr -> expr . CONS expr
    (46) expr -> expr . PLUS expr
    (47) expr -> expr . MINUS expr
    (48) expr -> expr . EXP expr
    (49) expr -> expr . MOD expr
    (53) expr -> expr . IMAG
    (58) expr -> expr . POWER expr
    (65) expr -> expr . TIMES expr
    (66) expr -> expr . DIVIDE_CEIL expr
    (67) expr -> expr . DIVIDE_FLOOR expr
    (68) expr -> expr . DIVIDE expr
    (69) expr -> expr . AND expr
    (70) expr -> expr . XOR expr
    (71) expr -> expr . OR expr
    (29) comp -> expr . EQUALS expr
    (31) comp -> expr . GREATER_EQUALS expr
    (33) comp -> expr . UNEQUALS expr
    (35) comp -> expr . GREATER_THAN expr
    (37) comp -> expr . SMALLER_THAN expr
    (39) comp -> expr . SMALLER_EQUALS expr

    COMMA           shift and go to state 264
    RPAREN          reduce using rule 102 (para_kw_list -> IDENTIFIER COLON expr .)
    ARROW           shift and go to state 31
    OPEN_BRACKETS   shift and go to state 32
    LPAREN          shift and go to state 34
    CONS            shift and go to state 35
    PLUS            shift and go to state 33
    MINUS           shift and go to state 36
    EXP             shift and go to state 37
    MOD             shift and go to state 38
    IMAG            shift and go to state 39
    POWER           shift and go to state 40
    TIMES           shift and go to state 41
    DIVIDE_CEIL     shift and go to state 42
    DIVIDE_FLOOR    shift and go to state 43
    DIVIDE          shift and go to state 44
    AND             shift and go to state 45
    XOR             shift and go to state 46
    OR              shift and go to state 47
    EQUALS          shift and go to state 48
    GREATER_EQUALS  shift and go to state 49
    UNEQUALS        shift and go to state 50
    GREATER_THAN    shift and go to state 51
    SMALLER_THAN    shift and go to state 52
    SMALLER_EQUALS  shift and go to state 53


state 247

    (95) para_infty -> IDENTIFIER DOT DOT . DOT

    DOT             shift and go to state 265


state 248

    (86) expr -> LOOP IDENTIFIER IN expr LOOPTHEN . expr DOT
    (1) expr -> . expr ARROW expr
    (2) expr -> . expr OPEN_BRACKETS PLUS CLOSED_BRACKETS
    (3) expr -> . expr OPEN_BRACKETS expr CLOSED_BRACKETS
    (4) expr -> . IDENTIFIER PLUS_ASSIGN expr
    (5) expr -> . IDENTIFIER MINUS_ASSIGN expr
    (6) expr -> . IDENTIFIER SMALLER_EQUALS_ASSIGN expr
    (7) expr -> . IDENTIFIER GREATER_THAN_ASSIGN expr
    (8) expr -> . IDENTIFIER SMALLER_THAN_ASSIGN expr
    (9) expr -> . IDENTIFIER AND_ASSIGN expr
    (10) expr -> . IDENTIFIER OR_ASSIGN expr
    (11) expr -> . IDENTIFIER XOR_ASSIGN expr
    (12) expr -> . IDENTIFIER MOD_ASSIGN expr
    (13) expr -> . IDENTIFIER EXP_ASSIGN expr
    (14) expr -> . IDENTIFIER POWER_ASSIGN expr
    (15) expr -> . IDENTIFIER TIMES_ASSIGN expr
    (16) expr -> . IDENTIFIER DIVIDE_CEIL_ASSIGN expr
    (17) expr -> . IDENTIFIER DIVIDE_FLOOR_ASSIGN expr
    (18) expr -> . IDENTIFIER DIVIDE_ASSIGN expr
    (19) expr -> . IDENTIFIER EQUALS_ASSIGN expr
    (20) expr -> . IDENTIFIER UNEQUALS_ASSIGN expr
    (21) expr -> . IDENTIFIER GREATER_EQUALS_ASSIGN expr
    (26) expr -> . expr LPAREN para_expr RPAREN
    (41) expr -> . expr CONS expr
    (46) expr -> . expr PLUS expr
    (47) expr -> . expr MINUS expr
    (48) expr -> . expr EXP expr
    (49) expr -> . expr MOD expr
    (50) expr -> . NOT expr
    (51) expr -> . PLUS expr
    (52) expr -> . MINUS expr
    (53) expr -> . expr IMAG
    (54) expr -> . comp
    (55) expr -> . assign_expr
    (56) expr -> . BEGIN sequence END
    (57) expr -> . BEGIN END
    (58) expr -> . expr POWER expr
    (59) expr -> . LET letrec_assign IN expr DOT
    (60) expr -> . OPEN_BRACKETS param_list CLOSED_BRACKETS
    (61) expr -> . OPEN_BRACKETS expr CLOSED_BRACKETS
    (62) expr -> . OPEN_BRACKETS CLOSED_BRACKETS
    (63) expr -> . STRUCT BEGIN assign_list END
    (64) expr -> . STRUCT BEGIN END
    (65) expr -> . expr TIMES expr
    (66) expr -> . expr DIVIDE_CEIL expr
    (67) expr -> . expr DIVIDE_FLOOR expr
    (68) expr -> . expr DIVIDE expr
    (69) expr -> . expr AND expr
    (70) expr -> . expr XOR expr
    (71) expr -> . expr OR expr
    (73) expr -> . FLOAT
    (74) expr -> . IF expr THEN COMMA expr DOT
    (75) expr -> . IF expr THEN COMMA expr else_elif_body DOT
    (76) expr -> . IMPORT file
    (77) expr -> . OPEN_BRACKETS expr DOT DOT expr CLOSED_BRACKETS
    (78) expr -> . CLOSED_BRACKETS expr DOT DOT expr CLOSED_BRACKETS
    (79) expr -> . OPEN_BRACKETS expr DOT DOT expr OPEN_BRACKETS
    (80) expr -> . CLOSED_BRACKETS expr DOT DOT expr OPEN_BRACKETS
    (81) expr -> . LAMBDA para ARROW type COLON expr
    (82) expr -> . NULL
    (85) expr -> . LPAREN param_list RPAREN
    (86) expr -> . LOOP IDENTIFIER IN expr LOOPTHEN expr DOT
    (87) expr -> . MATCH expr WITH cases DOT
    (88) expr -> . NUMBER
    (115) expr -> . LPAREN expr RPAREN
    (120) expr -> . STRING
    (130) expr -> . T_UNDEF expr
    (131) expr -> . IDENTIFIER
    (132) expr -> . WHILE expr THEN COMMA expr DOT
    (29) comp -> . expr EQUALS expr
    (30) comp -> . comp EQUALS expr
    (31) comp -> . expr GREATER_EQUALS expr
    (32) comp -> . comp GREATER_EQUALS expr
    (33) comp -> . expr UNEQUALS expr
    (34) comp -> . comp UNEQUALS expr
    (35) comp -> . expr GREATER_THAN expr
    (36) comp -> . comp GREATER_THAN expr
    (37) comp -> . expr SMALLER_THAN expr
    (38) comp -> . comp SMALLER_THAN expr
    (39) comp -> . expr SMALLER_EQUALS expr
    (40) comp -> . comp SMALLER_EQUALS expr
    (22) assign_expr -> . type IDENTIFIER ASSIGN expr
    (23) assign_expr -> . IDENTIFIER ASSIGN expr
    (121) type -> . T_INT
    (122) type -> . T_FLOAT
    (123) type -> . T_STRING
    (124) type -> . T_COMPLEX
    (125) type -> . LPAREN type_arg RPAREN ARROW type
    (126) type -> . type ARROW type
    (127) type -> . OPEN_BRACKETS CLOSED_BRACKETS type

    IDENTIFIER      shift and go to state 6
    NOT             shift and go to state 9
    PLUS            shift and go to state 4
    MINUS           shift and go to state 8
    BEGIN           shift and go to state 12
    LET             shift and go to state 13
    OPEN_BRACKETS   shift and go to state 3
    STRUCT          shift and go to state 14
    FLOAT           shift and go to state 15
    IF              shift and go to state 16
    IMPORT          shift and go to state 17
    CLOSED_BRACKETS shift and go to state 5
    LAMBDA          shift and go to state 18
    NULL            shift and go to state 20
    LPAREN          shift and go to state 7
    LOOP            shift and go to state 21
    MATCH           shift and go to state 22
    NUMBER          shift and go to state 23
    STRING          shift and go to state 24
    T_UNDEF         shift and go to state 25
    WHILE           shift and go to state 26
    T_INT           shift and go to state 27
    T_FLOAT         shift and go to state 28
    T_STRING        shift and go to state 29
    T_COMPLEX       shift and go to state 30

    expr                           shift and go to state 266
    comp                           shift and go to state 10
    assign_expr                    shift and go to state 11
    type                           shift and go to state 19

state 249

    (87) expr -> MATCH expr WITH cases DOT .

    ARROW           reduce using rule 87 (expr -> MATCH expr WITH cases DOT .)
    OPEN_BRACKETS   reduce using rule 87 (expr -> MATCH expr WITH cases DOT .)
    LPAREN          reduce using rule 87 (expr -> MATCH expr WITH cases DOT .)
    CONS            reduce using rule 87 (expr -> MATCH expr WITH cases DOT .)
    PLUS            reduce using rule 87 (expr -> MATCH expr WITH cases DOT .)
    MINUS           reduce using rule 87 (expr -> MATCH expr WITH cases DOT .)
    EXP             reduce using rule 87 (expr -> MATCH expr WITH cases DOT .)
    MOD             reduce using rule 87 (expr -> MATCH expr WITH cases DOT .)
    IMAG            reduce using rule 87 (expr -> MATCH expr WITH cases DOT .)
    POWER           reduce using rule 87 (expr -> MATCH expr WITH cases DOT .)
    TIMES           reduce using rule 87 (expr -> MATCH expr WITH cases DOT .)
    DIVIDE_CEIL     reduce using rule 87 (expr -> MATCH expr WITH cases DOT .)
    DIVIDE_FLOOR    reduce using rule 87 (expr -> MATCH expr WITH cases DOT .)
    DIVIDE          reduce using rule 87 (expr -> MATCH expr WITH cases DOT .)
    AND             reduce using rule 87 (expr -> MATCH expr WITH cases DOT .)
    XOR             reduce using rule 87 (expr -> MATCH expr WITH cases DOT .)
    OR              reduce using rule 87 (expr -> MATCH expr WITH cases DOT .)
    EQUALS          reduce using rule 87 (expr -> MATCH expr WITH cases DOT .)
    GREATER_EQUALS  reduce using rule 87 (expr -> MATCH expr WITH cases DOT .)
    UNEQUALS        reduce using rule 87 (expr -> MATCH expr WITH cases DOT .)
    GREATER_THAN    reduce using rule 87 (expr -> MATCH expr WITH cases DOT .)
    SMALLER_THAN    reduce using rule 87 (expr -> MATCH expr WITH cases DOT .)
    SMALLER_EQUALS  reduce using rule 87 (expr -> MATCH expr WITH cases DOT .)
    $end            reduce using rule 87 (expr -> MATCH expr WITH cases DOT .)
    CLOSED_BRACKETS reduce using rule 87 (expr -> MATCH expr WITH cases DOT .)
    DOT             reduce using rule 87 (expr -> MATCH expr WITH cases DOT .)
    COMMA           reduce using rule 87 (expr -> MATCH expr WITH cases DOT .)
    RPAREN          reduce using rule 87 (expr -> MATCH expr WITH cases DOT .)
    SEMICOLON       reduce using rule 87 (expr -> MATCH expr WITH cases DOT .)
    END             reduce using rule 87 (expr -> MATCH expr WITH cases DOT .)
    THEN            reduce using rule 87 (expr -> MATCH expr WITH cases DOT .)
    WITH            reduce using rule 87 (expr -> MATCH expr WITH cases DOT .)
    COLON           reduce using rule 87 (expr -> MATCH expr WITH cases DOT .)
    IN              reduce using rule 87 (expr -> MATCH expr WITH cases DOT .)
    LOOPTHEN        reduce using rule 87 (expr -> MATCH expr WITH cases DOT .)
    ELSE            reduce using rule 87 (expr -> MATCH expr WITH cases DOT .)


state 250

    (27) cases -> CASE expr . COLON expr DOT cases
    (28) cases -> CASE expr . COLON expr DOT
    (1) expr -> expr . ARROW expr
    (2) expr -> expr . OPEN_BRACKETS PLUS CLOSED_BRACKETS
    (3) expr -> expr . OPEN_BRACKETS expr CLOSED_BRACKETS
    (26) expr -> expr . LPAREN para_expr RPAREN
    (41) expr -> expr . CONS expr
    (46) expr -> expr . PLUS expr
    (47) expr -> expr . MINUS expr
    (48) expr -> expr . EXP expr
    (49) expr -> expr . MOD expr
    (53) expr -> expr . IMAG
    (58) expr -> expr . POWER expr
    (65) expr -> expr . TIMES expr
    (66) expr -> expr . DIVIDE_CEIL expr
    (67) expr -> expr . DIVIDE_FLOOR expr
    (68) expr -> expr . DIVIDE expr
    (69) expr -> expr . AND expr
    (70) expr -> expr . XOR expr
    (71) expr -> expr . OR expr
    (29) comp -> expr . EQUALS expr
    (31) comp -> expr . GREATER_EQUALS expr
    (33) comp -> expr . UNEQUALS expr
    (35) comp -> expr . GREATER_THAN expr
    (37) comp -> expr . SMALLER_THAN expr
    (39) comp -> expr . SMALLER_EQUALS expr

    COLON           shift and go to state 267
    ARROW           shift and go to state 31
    OPEN_BRACKETS   shift and go to state 32
    LPAREN          shift and go to state 34
    CONS            shift and go to state 35
    PLUS            shift and go to state 33
    MINUS           shift and go to state 36
    EXP             shift and go to state 37
    MOD             shift and go to state 38
    IMAG            shift and go to state 39
    POWER           shift and go to state 40
    TIMES           shift and go to state 41
    DIVIDE_CEIL     shift and go to state 42
    DIVIDE_FLOOR    shift and go to state 43
    DIVIDE          shift and go to state 44
    AND             shift and go to state 45
    XOR             shift and go to state 46
    OR              shift and go to state 47
    EQUALS          shift and go to state 48
    GREATER_EQUALS  shift and go to state 49
    UNEQUALS        shift and go to state 50
    GREATER_THAN    shift and go to state 51
    SMALLER_THAN    shift and go to state 52
    SMALLER_EQUALS  shift and go to state 53


state 251

    (132) expr -> WHILE expr THEN COMMA expr . DOT
    (1) expr -> expr . ARROW expr
    (2) expr -> expr . OPEN_BRACKETS PLUS CLOSED_BRACKETS
    (3) expr -> expr . OPEN_BRACKETS expr CLOSED_BRACKETS
    (26) expr -> expr . LPAREN para_expr RPAREN
    (41) expr -> expr . CONS expr
    (46) expr -> expr . PLUS expr
    (47) expr -> expr . MINUS expr
    (48) expr -> expr . EXP expr
    (49) expr -> expr . MOD expr
    (53) expr -> expr . IMAG
    (58) expr -> expr . POWER expr
    (65) expr -> expr . TIMES expr
    (66) expr -> expr . DIVIDE_CEIL expr
    (67) expr -> expr . DIVIDE_FLOOR expr
    (68) expr -> expr . DIVIDE expr
    (69) expr -> expr . AND expr
    (70) expr -> expr . XOR expr
    (71) expr -> expr . OR expr
    (29) comp -> expr . EQUALS expr
    (31) comp -> expr . GREATER_EQUALS expr
    (33) comp -> expr . UNEQUALS expr
    (35) comp -> expr . GREATER_THAN expr
    (37) comp -> expr . SMALLER_THAN expr
    (39) comp -> expr . SMALLER_EQUALS expr

    DOT             shift and go to state 268
    ARROW           shift and go to state 31
    OPEN_BRACKETS   shift and go to state 32
    LPAREN          shift and go to state 34
    CONS            shift and go to state 35
    PLUS            shift and go to state 33
    MINUS           shift and go to state 36
    EXP             shift and go to state 37
    MOD             shift and go to state 38
    IMAG            shift and go to state 39
    POWER           shift and go to state 40
    TIMES           shift and go to state 41
    DIVIDE_CEIL     shift and go to state 42
    DIVIDE_FLOOR    shift and go to state 43
    DIVIDE          shift and go to state 44
    AND             shift and go to state 45
    XOR             shift and go to state 46
    OR              shift and go to state 47
    EQUALS          shift and go to state 48
    GREATER_EQUALS  shift and go to state 49
    UNEQUALS        shift and go to state 50
    GREATER_THAN    shift and go to state 51
    SMALLER_THAN    shift and go to state 52
    SMALLER_EQUALS  shift and go to state 53


state 252

    (97) para_keywords_expr -> expr COLON expr COMMA . para_keywords_expr
    (97) para_keywords_expr -> . expr COLON expr COMMA para_keywords_expr
    (98) para_keywords_expr -> . expr COLON expr
    (1) expr -> . expr ARROW expr
    (2) expr -> . expr OPEN_BRACKETS PLUS CLOSED_BRACKETS
    (3) expr -> . expr OPEN_BRACKETS expr CLOSED_BRACKETS
    (4) expr -> . IDENTIFIER PLUS_ASSIGN expr
    (5) expr -> . IDENTIFIER MINUS_ASSIGN expr
    (6) expr -> . IDENTIFIER SMALLER_EQUALS_ASSIGN expr
    (7) expr -> . IDENTIFIER GREATER_THAN_ASSIGN expr
    (8) expr -> . IDENTIFIER SMALLER_THAN_ASSIGN expr
    (9) expr -> . IDENTIFIER AND_ASSIGN expr
    (10) expr -> . IDENTIFIER OR_ASSIGN expr
    (11) expr -> . IDENTIFIER XOR_ASSIGN expr
    (12) expr -> . IDENTIFIER MOD_ASSIGN expr
    (13) expr -> . IDENTIFIER EXP_ASSIGN expr
    (14) expr -> . IDENTIFIER POWER_ASSIGN expr
    (15) expr -> . IDENTIFIER TIMES_ASSIGN expr
    (16) expr -> . IDENTIFIER DIVIDE_CEIL_ASSIGN expr
    (17) expr -> . IDENTIFIER DIVIDE_FLOOR_ASSIGN expr
    (18) expr -> . IDENTIFIER DIVIDE_ASSIGN expr
    (19) expr -> . IDENTIFIER EQUALS_ASSIGN expr
    (20) expr -> . IDENTIFIER UNEQUALS_ASSIGN expr
    (21) expr -> . IDENTIFIER GREATER_EQUALS_ASSIGN expr
    (26) expr -> . expr LPAREN para_expr RPAREN
    (41) expr -> . expr CONS expr
    (46) expr -> . expr PLUS expr
    (47) expr -> . expr MINUS expr
    (48) expr -> . expr EXP expr
    (49) expr -> . expr MOD expr
    (50) expr -> . NOT expr
    (51) expr -> . PLUS expr
    (52) expr -> . MINUS expr
    (53) expr -> . expr IMAG
    (54) expr -> . comp
    (55) expr -> . assign_expr
    (56) expr -> . BEGIN sequence END
    (57) expr -> . BEGIN END
    (58) expr -> . expr POWER expr
    (59) expr -> . LET letrec_assign IN expr DOT
    (60) expr -> . OPEN_BRACKETS param_list CLOSED_BRACKETS
    (61) expr -> . OPEN_BRACKETS expr CLOSED_BRACKETS
    (62) expr -> . OPEN_BRACKETS CLOSED_BRACKETS
    (63) expr -> . STRUCT BEGIN assign_list END
    (64) expr -> . STRUCT BEGIN END
    (65) expr -> . expr TIMES expr
    (66) expr -> . expr DIVIDE_CEIL expr
    (67) expr -> . expr DIVIDE_FLOOR expr
    (68) expr -> . expr DIVIDE expr
    (69) expr -> . expr AND expr
    (70) expr -> . expr XOR expr
    (71) expr -> . expr OR expr
    (73) expr -> . FLOAT
    (74) expr -> . IF expr THEN COMMA expr DOT
    (75) expr -> . IF expr THEN COMMA expr else_elif_body DOT
    (76) expr -> . IMPORT file
    (77) expr -> . OPEN_BRACKETS expr DOT DOT expr CLOSED_BRACKETS
    (78) expr -> . CLOSED_BRACKETS expr DOT DOT expr CLOSED_BRACKETS
    (79) expr -> . OPEN_BRACKETS expr DOT DOT expr OPEN_BRACKETS
    (80) expr -> . CLOSED_BRACKETS expr DOT DOT expr OPEN_BRACKETS
    (81) expr -> . LAMBDA para ARROW type COLON expr
    (82) expr -> . NULL
    (85) expr -> . LPAREN param_list RPAREN
    (86) expr -> . LOOP IDENTIFIER IN expr LOOPTHEN expr DOT
    (87) expr -> . MATCH expr WITH cases DOT
    (88) expr -> . NUMBER
    (115) expr -> . LPAREN expr RPAREN
    (120) expr -> . STRING
    (130) expr -> . T_UNDEF expr
    (131) expr -> . IDENTIFIER
    (132) expr -> . WHILE expr THEN COMMA expr DOT
    (29) comp -> . expr EQUALS expr
    (30) comp -> . comp EQUALS expr
    (31) comp -> . expr GREATER_EQUALS expr
    (32) comp -> . comp GREATER_EQUALS expr
    (33) comp -> . expr UNEQUALS expr
    (34) comp -> . comp UNEQUALS expr
    (35) comp -> . expr GREATER_THAN expr
    (36) comp -> . comp GREATER_THAN expr
    (37) comp -> . expr SMALLER_THAN expr
    (38) comp -> . comp SMALLER_THAN expr
    (39) comp -> . expr SMALLER_EQUALS expr
    (40) comp -> . comp SMALLER_EQUALS expr
    (22) assign_expr -> . type IDENTIFIER ASSIGN expr
    (23) assign_expr -> . IDENTIFIER ASSIGN expr
    (121) type -> . T_INT
    (122) type -> . T_FLOAT
    (123) type -> . T_STRING
    (124) type -> . T_COMPLEX
    (125) type -> . LPAREN type_arg RPAREN ARROW type
    (126) type -> . type ARROW type
    (127) type -> . OPEN_BRACKETS CLOSED_BRACKETS type

    IDENTIFIER      shift and go to state 6
    NOT             shift and go to state 9
    PLUS            shift and go to state 4
    MINUS           shift and go to state 8
    BEGIN           shift and go to state 12
    LET             shift and go to state 13
    OPEN_BRACKETS   shift and go to state 3
    STRUCT          shift and go to state 14
    FLOAT           shift and go to state 15
    IF              shift and go to state 16
    IMPORT          shift and go to state 17
    CLOSED_BRACKETS shift and go to state 5
    LAMBDA          shift and go to state 18
    NULL            shift and go to state 20
    LPAREN          shift and go to state 7
    LOOP            shift and go to state 21
    MATCH           shift and go to state 22
    NUMBER          shift and go to state 23
    STRING          shift and go to state 24
    T_UNDEF         shift and go to state 25
    WHILE           shift and go to state 26
    T_INT           shift and go to state 27
    T_FLOAT         shift and go to state 28
    T_STRING        shift and go to state 29
    T_COMPLEX       shift and go to state 30

    expr                           shift and go to state 269
    para_keywords_expr             shift and go to state 270
    comp                           shift and go to state 10
    assign_expr                    shift and go to state 11
    type                           shift and go to state 19

state 253

    (79) expr -> OPEN_BRACKETS expr DOT DOT expr OPEN_BRACKETS .
    (2) expr -> expr OPEN_BRACKETS . PLUS CLOSED_BRACKETS
    (3) expr -> expr OPEN_BRACKETS . expr CLOSED_BRACKETS
    (1) expr -> . expr ARROW expr
    (2) expr -> . expr OPEN_BRACKETS PLUS CLOSED_BRACKETS
    (3) expr -> . expr OPEN_BRACKETS expr CLOSED_BRACKETS
    (4) expr -> . IDENTIFIER PLUS_ASSIGN expr
    (5) expr -> . IDENTIFIER MINUS_ASSIGN expr
    (6) expr -> . IDENTIFIER SMALLER_EQUALS_ASSIGN expr
    (7) expr -> . IDENTIFIER GREATER_THAN_ASSIGN expr
    (8) expr -> . IDENTIFIER SMALLER_THAN_ASSIGN expr
    (9) expr -> . IDENTIFIER AND_ASSIGN expr
    (10) expr -> . IDENTIFIER OR_ASSIGN expr
    (11) expr -> . IDENTIFIER XOR_ASSIGN expr
    (12) expr -> . IDENTIFIER MOD_ASSIGN expr
    (13) expr -> . IDENTIFIER EXP_ASSIGN expr
    (14) expr -> . IDENTIFIER POWER_ASSIGN expr
    (15) expr -> . IDENTIFIER TIMES_ASSIGN expr
    (16) expr -> . IDENTIFIER DIVIDE_CEIL_ASSIGN expr
    (17) expr -> . IDENTIFIER DIVIDE_FLOOR_ASSIGN expr
    (18) expr -> . IDENTIFIER DIVIDE_ASSIGN expr
    (19) expr -> . IDENTIFIER EQUALS_ASSIGN expr
    (20) expr -> . IDENTIFIER UNEQUALS_ASSIGN expr
    (21) expr -> . IDENTIFIER GREATER_EQUALS_ASSIGN expr
    (26) expr -> . expr LPAREN para_expr RPAREN
    (41) expr -> . expr CONS expr
    (46) expr -> . expr PLUS expr
    (47) expr -> . expr MINUS expr
    (48) expr -> . expr EXP expr
    (49) expr -> . expr MOD expr
    (50) expr -> . NOT expr
    (51) expr -> . PLUS expr
    (52) expr -> . MINUS expr
    (53) expr -> . expr IMAG
    (54) expr -> . comp
    (55) expr -> . assign_expr
    (56) expr -> . BEGIN sequence END
    (57) expr -> . BEGIN END
    (58) expr -> . expr POWER expr
    (59) expr -> . LET letrec_assign IN expr DOT
    (60) expr -> . OPEN_BRACKETS param_list CLOSED_BRACKETS
    (61) expr -> . OPEN_BRACKETS expr CLOSED_BRACKETS
    (62) expr -> . OPEN_BRACKETS CLOSED_BRACKETS
    (63) expr -> . STRUCT BEGIN assign_list END
    (64) expr -> . STRUCT BEGIN END
    (65) expr -> . expr TIMES expr
    (66) expr -> . expr DIVIDE_CEIL expr
    (67) expr -> . expr DIVIDE_FLOOR expr
    (68) expr -> . expr DIVIDE expr
    (69) expr -> . expr AND expr
    (70) expr -> . expr XOR expr
    (71) expr -> . expr OR expr
    (73) expr -> . FLOAT
    (74) expr -> . IF expr THEN COMMA expr DOT
    (75) expr -> . IF expr THEN COMMA expr else_elif_body DOT
    (76) expr -> . IMPORT file
    (77) expr -> . OPEN_BRACKETS expr DOT DOT expr CLOSED_BRACKETS
    (78) expr -> . CLOSED_BRACKETS expr DOT DOT expr CLOSED_BRACKETS
    (79) expr -> . OPEN_BRACKETS expr DOT DOT expr OPEN_BRACKETS
    (80) expr -> . CLOSED_BRACKETS expr DOT DOT expr OPEN_BRACKETS
    (81) expr -> . LAMBDA para ARROW type COLON expr
    (82) expr -> . NULL
    (85) expr -> . LPAREN param_list RPAREN
    (86) expr -> . LOOP IDENTIFIER IN expr LOOPTHEN expr DOT
    (87) expr -> . MATCH expr WITH cases DOT
    (88) expr -> . NUMBER
    (115) expr -> . LPAREN expr RPAREN
    (120) expr -> . STRING
    (130) expr -> . T_UNDEF expr
    (131) expr -> . IDENTIFIER
    (132) expr -> . WHILE expr THEN COMMA expr DOT
    (29) comp -> . expr EQUALS expr
    (30) comp -> . comp EQUALS expr
    (31) comp -> . expr GREATER_EQUALS expr
    (32) comp -> . comp GREATER_EQUALS expr
    (33) comp -> . expr UNEQUALS expr
    (34) comp -> . comp UNEQUALS expr
    (35) comp -> . expr GREATER_THAN expr
    (36) comp -> . comp GREATER_THAN expr
    (37) comp -> . expr SMALLER_THAN expr
    (38) comp -> . comp SMALLER_THAN expr
    (39) comp -> . expr SMALLER_EQUALS expr
    (40) comp -> . comp SMALLER_EQUALS expr
    (22) assign_expr -> . type IDENTIFIER ASSIGN expr
    (23) assign_expr -> . IDENTIFIER ASSIGN expr
    (121) type -> . T_INT
    (122) type -> . T_FLOAT
    (123) type -> . T_STRING
    (124) type -> . T_COMPLEX
    (125) type -> . LPAREN type_arg RPAREN ARROW type
    (126) type -> . type ARROW type
    (127) type -> . OPEN_BRACKETS CLOSED_BRACKETS type

    ARROW           reduce using rule 79 (expr -> OPEN_BRACKETS expr DOT DOT expr OPEN_BRACKETS .)
    OPEN_BRACKETS   reduce using rule 79 (expr -> OPEN_BRACKETS expr DOT DOT expr OPEN_BRACKETS .)
    LPAREN          reduce using rule 79 (expr -> OPEN_BRACKETS expr DOT DOT expr OPEN_BRACKETS .)
    CONS            reduce using rule 79 (expr -> OPEN_BRACKETS expr DOT DOT expr OPEN_BRACKETS .)
    PLUS            reduce using rule 79 (expr -> OPEN_BRACKETS expr DOT DOT expr OPEN_BRACKETS .)
    MINUS           reduce using rule 79 (expr -> OPEN_BRACKETS expr DOT DOT expr OPEN_BRACKETS .)
    EXP             reduce using rule 79 (expr -> OPEN_BRACKETS expr DOT DOT expr OPEN_BRACKETS .)
    MOD             reduce using rule 79 (expr -> OPEN_BRACKETS expr DOT DOT expr OPEN_BRACKETS .)
    IMAG            reduce using rule 79 (expr -> OPEN_BRACKETS expr DOT DOT expr OPEN_BRACKETS .)
    POWER           reduce using rule 79 (expr -> OPEN_BRACKETS expr DOT DOT expr OPEN_BRACKETS .)
    TIMES           reduce using rule 79 (expr -> OPEN_BRACKETS expr DOT DOT expr OPEN_BRACKETS .)
    DIVIDE_CEIL     reduce using rule 79 (expr -> OPEN_BRACKETS expr DOT DOT expr OPEN_BRACKETS .)
    DIVIDE_FLOOR    reduce using rule 79 (expr -> OPEN_BRACKETS expr DOT DOT expr OPEN_BRACKETS .)
    DIVIDE          reduce using rule 79 (expr -> OPEN_BRACKETS expr DOT DOT expr OPEN_BRACKETS .)
    AND             reduce using rule 79 (expr -> OPEN_BRACKETS expr DOT DOT expr OPEN_BRACKETS .)
    XOR             reduce using rule 79 (expr -> OPEN_BRACKETS expr DOT DOT expr OPEN_BRACKETS .)
    OR              reduce using rule 79 (expr -> OPEN_BRACKETS expr DOT DOT expr OPEN_BRACKETS .)
    EQUALS          reduce using rule 79 (expr -> OPEN_BRACKETS expr DOT DOT expr OPEN_BRACKETS .)
    GREATER_EQUALS  reduce using rule 79 (expr -> OPEN_BRACKETS expr DOT DOT expr OPEN_BRACKETS .)
    UNEQUALS        reduce using rule 79 (expr -> OPEN_BRACKETS expr DOT DOT expr OPEN_BRACKETS .)
    GREATER_THAN    reduce using rule 79 (expr -> OPEN_BRACKETS expr DOT DOT expr OPEN_BRACKETS .)
    SMALLER_THAN    reduce using rule 79 (expr -> OPEN_BRACKETS expr DOT DOT expr OPEN_BRACKETS .)
    SMALLER_EQUALS  reduce using rule 79 (expr -> OPEN_BRACKETS expr DOT DOT expr OPEN_BRACKETS .)
    $end            reduce using rule 79 (expr -> OPEN_BRACKETS expr DOT DOT expr OPEN_BRACKETS .)
    CLOSED_BRACKETS reduce using rule 79 (expr -> OPEN_BRACKETS expr DOT DOT expr OPEN_BRACKETS .)
    DOT             reduce using rule 79 (expr -> OPEN_BRACKETS expr DOT DOT expr OPEN_BRACKETS .)
    COMMA           reduce using rule 79 (expr -> OPEN_BRACKETS expr DOT DOT expr OPEN_BRACKETS .)
    RPAREN          reduce using rule 79 (expr -> OPEN_BRACKETS expr DOT DOT expr OPEN_BRACKETS .)
    SEMICOLON       reduce using rule 79 (expr -> OPEN_BRACKETS expr DOT DOT expr OPEN_BRACKETS .)
    END             reduce using rule 79 (expr -> OPEN_BRACKETS expr DOT DOT expr OPEN_BRACKETS .)
    THEN            reduce using rule 79 (expr -> OPEN_BRACKETS expr DOT DOT expr OPEN_BRACKETS .)
    WITH            reduce using rule 79 (expr -> OPEN_BRACKETS expr DOT DOT expr OPEN_BRACKETS .)
    COLON           reduce using rule 79 (expr -> OPEN_BRACKETS expr DOT DOT expr OPEN_BRACKETS .)
    IN              reduce using rule 79 (expr -> OPEN_BRACKETS expr DOT DOT expr OPEN_BRACKETS .)
    LOOPTHEN        reduce using rule 79 (expr -> OPEN_BRACKETS expr DOT DOT expr OPEN_BRACKETS .)
    ELSE            reduce using rule 79 (expr -> OPEN_BRACKETS expr DOT DOT expr OPEN_BRACKETS .)
    IDENTIFIER      shift and go to state 6
    NOT             shift and go to state 9
    BEGIN           shift and go to state 12
    LET             shift and go to state 13
    STRUCT          shift and go to state 14
    FLOAT           shift and go to state 15
    IF              shift and go to state 16
    IMPORT          shift and go to state 17
    LAMBDA          shift and go to state 18
    NULL            shift and go to state 20
    LOOP            shift and go to state 21
    MATCH           shift and go to state 22
    NUMBER          shift and go to state 23
    STRING          shift and go to state 24
    T_UNDEF         shift and go to state 25
    WHILE           shift and go to state 26
    T_INT           shift and go to state 27
    T_FLOAT         shift and go to state 28
    T_STRING        shift and go to state 29
    T_COMPLEX       shift and go to state 30

  ! PLUS            [ shift and go to state 115 ]
  ! MINUS           [ shift and go to state 8 ]
  ! OPEN_BRACKETS   [ shift and go to state 3 ]
  ! CLOSED_BRACKETS [ shift and go to state 5 ]
  ! LPAREN          [ shift and go to state 7 ]

    expr                           shift and go to state 114
    comp                           shift and go to state 10
    assign_expr                    shift and go to state 11
    type                           shift and go to state 19

state 254

    (77) expr -> OPEN_BRACKETS expr DOT DOT expr CLOSED_BRACKETS .

    ARROW           reduce using rule 77 (expr -> OPEN_BRACKETS expr DOT DOT expr CLOSED_BRACKETS .)
    OPEN_BRACKETS   reduce using rule 77 (expr -> OPEN_BRACKETS expr DOT DOT expr CLOSED_BRACKETS .)
    LPAREN          reduce using rule 77 (expr -> OPEN_BRACKETS expr DOT DOT expr CLOSED_BRACKETS .)
    CONS            reduce using rule 77 (expr -> OPEN_BRACKETS expr DOT DOT expr CLOSED_BRACKETS .)
    PLUS            reduce using rule 77 (expr -> OPEN_BRACKETS expr DOT DOT expr CLOSED_BRACKETS .)
    MINUS           reduce using rule 77 (expr -> OPEN_BRACKETS expr DOT DOT expr CLOSED_BRACKETS .)
    EXP             reduce using rule 77 (expr -> OPEN_BRACKETS expr DOT DOT expr CLOSED_BRACKETS .)
    MOD             reduce using rule 77 (expr -> OPEN_BRACKETS expr DOT DOT expr CLOSED_BRACKETS .)
    IMAG            reduce using rule 77 (expr -> OPEN_BRACKETS expr DOT DOT expr CLOSED_BRACKETS .)
    POWER           reduce using rule 77 (expr -> OPEN_BRACKETS expr DOT DOT expr CLOSED_BRACKETS .)
    TIMES           reduce using rule 77 (expr -> OPEN_BRACKETS expr DOT DOT expr CLOSED_BRACKETS .)
    DIVIDE_CEIL     reduce using rule 77 (expr -> OPEN_BRACKETS expr DOT DOT expr CLOSED_BRACKETS .)
    DIVIDE_FLOOR    reduce using rule 77 (expr -> OPEN_BRACKETS expr DOT DOT expr CLOSED_BRACKETS .)
    DIVIDE          reduce using rule 77 (expr -> OPEN_BRACKETS expr DOT DOT expr CLOSED_BRACKETS .)
    AND             reduce using rule 77 (expr -> OPEN_BRACKETS expr DOT DOT expr CLOSED_BRACKETS .)
    XOR             reduce using rule 77 (expr -> OPEN_BRACKETS expr DOT DOT expr CLOSED_BRACKETS .)
    OR              reduce using rule 77 (expr -> OPEN_BRACKETS expr DOT DOT expr CLOSED_BRACKETS .)
    EQUALS          reduce using rule 77 (expr -> OPEN_BRACKETS expr DOT DOT expr CLOSED_BRACKETS .)
    GREATER_EQUALS  reduce using rule 77 (expr -> OPEN_BRACKETS expr DOT DOT expr CLOSED_BRACKETS .)
    UNEQUALS        reduce using rule 77 (expr -> OPEN_BRACKETS expr DOT DOT expr CLOSED_BRACKETS .)
    GREATER_THAN    reduce using rule 77 (expr -> OPEN_BRACKETS expr DOT DOT expr CLOSED_BRACKETS .)
    SMALLER_THAN    reduce using rule 77 (expr -> OPEN_BRACKETS expr DOT DOT expr CLOSED_BRACKETS .)
    SMALLER_EQUALS  reduce using rule 77 (expr -> OPEN_BRACKETS expr DOT DOT expr CLOSED_BRACKETS .)
    $end            reduce using rule 77 (expr -> OPEN_BRACKETS expr DOT DOT expr CLOSED_BRACKETS .)
    CLOSED_BRACKETS reduce using rule 77 (expr -> OPEN_BRACKETS expr DOT DOT expr CLOSED_BRACKETS .)
    DOT             reduce using rule 77 (expr -> OPEN_BRACKETS expr DOT DOT expr CLOSED_BRACKETS .)
    COMMA           reduce using rule 77 (expr -> OPEN_BRACKETS expr DOT DOT expr CLOSED_BRACKETS .)
    RPAREN          reduce using rule 77 (expr -> OPEN_BRACKETS expr DOT DOT expr CLOSED_BRACKETS .)
    SEMICOLON       reduce using rule 77 (expr -> OPEN_BRACKETS expr DOT DOT expr CLOSED_BRACKETS .)
    END             reduce using rule 77 (expr -> OPEN_BRACKETS expr DOT DOT expr CLOSED_BRACKETS .)
    THEN            reduce using rule 77 (expr -> OPEN_BRACKETS expr DOT DOT expr CLOSED_BRACKETS .)
    WITH            reduce using rule 77 (expr -> OPEN_BRACKETS expr DOT DOT expr CLOSED_BRACKETS .)
    COLON           reduce using rule 77 (expr -> OPEN_BRACKETS expr DOT DOT expr CLOSED_BRACKETS .)
    IN              reduce using rule 77 (expr -> OPEN_BRACKETS expr DOT DOT expr CLOSED_BRACKETS .)
    LOOPTHEN        reduce using rule 77 (expr -> OPEN_BRACKETS expr DOT DOT expr CLOSED_BRACKETS .)
    ELSE            reduce using rule 77 (expr -> OPEN_BRACKETS expr DOT DOT expr CLOSED_BRACKETS .)


state 255

    (78) expr -> CLOSED_BRACKETS expr DOT DOT expr CLOSED_BRACKETS .

    ARROW           reduce using rule 78 (expr -> CLOSED_BRACKETS expr DOT DOT expr CLOSED_BRACKETS .)
    OPEN_BRACKETS   reduce using rule 78 (expr -> CLOSED_BRACKETS expr DOT DOT expr CLOSED_BRACKETS .)
    LPAREN          reduce using rule 78 (expr -> CLOSED_BRACKETS expr DOT DOT expr CLOSED_BRACKETS .)
    CONS            reduce using rule 78 (expr -> CLOSED_BRACKETS expr DOT DOT expr CLOSED_BRACKETS .)
    PLUS            reduce using rule 78 (expr -> CLOSED_BRACKETS expr DOT DOT expr CLOSED_BRACKETS .)
    MINUS           reduce using rule 78 (expr -> CLOSED_BRACKETS expr DOT DOT expr CLOSED_BRACKETS .)
    EXP             reduce using rule 78 (expr -> CLOSED_BRACKETS expr DOT DOT expr CLOSED_BRACKETS .)
    MOD             reduce using rule 78 (expr -> CLOSED_BRACKETS expr DOT DOT expr CLOSED_BRACKETS .)
    IMAG            reduce using rule 78 (expr -> CLOSED_BRACKETS expr DOT DOT expr CLOSED_BRACKETS .)
    POWER           reduce using rule 78 (expr -> CLOSED_BRACKETS expr DOT DOT expr CLOSED_BRACKETS .)
    TIMES           reduce using rule 78 (expr -> CLOSED_BRACKETS expr DOT DOT expr CLOSED_BRACKETS .)
    DIVIDE_CEIL     reduce using rule 78 (expr -> CLOSED_BRACKETS expr DOT DOT expr CLOSED_BRACKETS .)
    DIVIDE_FLOOR    reduce using rule 78 (expr -> CLOSED_BRACKETS expr DOT DOT expr CLOSED_BRACKETS .)
    DIVIDE          reduce using rule 78 (expr -> CLOSED_BRACKETS expr DOT DOT expr CLOSED_BRACKETS .)
    AND             reduce using rule 78 (expr -> CLOSED_BRACKETS expr DOT DOT expr CLOSED_BRACKETS .)
    XOR             reduce using rule 78 (expr -> CLOSED_BRACKETS expr DOT DOT expr CLOSED_BRACKETS .)
    OR              reduce using rule 78 (expr -> CLOSED_BRACKETS expr DOT DOT expr CLOSED_BRACKETS .)
    EQUALS          reduce using rule 78 (expr -> CLOSED_BRACKETS expr DOT DOT expr CLOSED_BRACKETS .)
    GREATER_EQUALS  reduce using rule 78 (expr -> CLOSED_BRACKETS expr DOT DOT expr CLOSED_BRACKETS .)
    UNEQUALS        reduce using rule 78 (expr -> CLOSED_BRACKETS expr DOT DOT expr CLOSED_BRACKETS .)
    GREATER_THAN    reduce using rule 78 (expr -> CLOSED_BRACKETS expr DOT DOT expr CLOSED_BRACKETS .)
    SMALLER_THAN    reduce using rule 78 (expr -> CLOSED_BRACKETS expr DOT DOT expr CLOSED_BRACKETS .)
    SMALLER_EQUALS  reduce using rule 78 (expr -> CLOSED_BRACKETS expr DOT DOT expr CLOSED_BRACKETS .)
    $end            reduce using rule 78 (expr -> CLOSED_BRACKETS expr DOT DOT expr CLOSED_BRACKETS .)
    CLOSED_BRACKETS reduce using rule 78 (expr -> CLOSED_BRACKETS expr DOT DOT expr CLOSED_BRACKETS .)
    DOT             reduce using rule 78 (expr -> CLOSED_BRACKETS expr DOT DOT expr CLOSED_BRACKETS .)
    COMMA           reduce using rule 78 (expr -> CLOSED_BRACKETS expr DOT DOT expr CLOSED_BRACKETS .)
    RPAREN          reduce using rule 78 (expr -> CLOSED_BRACKETS expr DOT DOT expr CLOSED_BRACKETS .)
    SEMICOLON       reduce using rule 78 (expr -> CLOSED_BRACKETS expr DOT DOT expr CLOSED_BRACKETS .)
    END             reduce using rule 78 (expr -> CLOSED_BRACKETS expr DOT DOT expr CLOSED_BRACKETS .)
    THEN            reduce using rule 78 (expr -> CLOSED_BRACKETS expr DOT DOT expr CLOSED_BRACKETS .)
    WITH            reduce using rule 78 (expr -> CLOSED_BRACKETS expr DOT DOT expr CLOSED_BRACKETS .)
    COLON           reduce using rule 78 (expr -> CLOSED_BRACKETS expr DOT DOT expr CLOSED_BRACKETS .)
    IN              reduce using rule 78 (expr -> CLOSED_BRACKETS expr DOT DOT expr CLOSED_BRACKETS .)
    LOOPTHEN        reduce using rule 78 (expr -> CLOSED_BRACKETS expr DOT DOT expr CLOSED_BRACKETS .)
    ELSE            reduce using rule 78 (expr -> CLOSED_BRACKETS expr DOT DOT expr CLOSED_BRACKETS .)


state 256

    (80) expr -> CLOSED_BRACKETS expr DOT DOT expr OPEN_BRACKETS .
    (2) expr -> expr OPEN_BRACKETS . PLUS CLOSED_BRACKETS
    (3) expr -> expr OPEN_BRACKETS . expr CLOSED_BRACKETS
    (1) expr -> . expr ARROW expr
    (2) expr -> . expr OPEN_BRACKETS PLUS CLOSED_BRACKETS
    (3) expr -> . expr OPEN_BRACKETS expr CLOSED_BRACKETS
    (4) expr -> . IDENTIFIER PLUS_ASSIGN expr
    (5) expr -> . IDENTIFIER MINUS_ASSIGN expr
    (6) expr -> . IDENTIFIER SMALLER_EQUALS_ASSIGN expr
    (7) expr -> . IDENTIFIER GREATER_THAN_ASSIGN expr
    (8) expr -> . IDENTIFIER SMALLER_THAN_ASSIGN expr
    (9) expr -> . IDENTIFIER AND_ASSIGN expr
    (10) expr -> . IDENTIFIER OR_ASSIGN expr
    (11) expr -> . IDENTIFIER XOR_ASSIGN expr
    (12) expr -> . IDENTIFIER MOD_ASSIGN expr
    (13) expr -> . IDENTIFIER EXP_ASSIGN expr
    (14) expr -> . IDENTIFIER POWER_ASSIGN expr
    (15) expr -> . IDENTIFIER TIMES_ASSIGN expr
    (16) expr -> . IDENTIFIER DIVIDE_CEIL_ASSIGN expr
    (17) expr -> . IDENTIFIER DIVIDE_FLOOR_ASSIGN expr
    (18) expr -> . IDENTIFIER DIVIDE_ASSIGN expr
    (19) expr -> . IDENTIFIER EQUALS_ASSIGN expr
    (20) expr -> . IDENTIFIER UNEQUALS_ASSIGN expr
    (21) expr -> . IDENTIFIER GREATER_EQUALS_ASSIGN expr
    (26) expr -> . expr LPAREN para_expr RPAREN
    (41) expr -> . expr CONS expr
    (46) expr -> . expr PLUS expr
    (47) expr -> . expr MINUS expr
    (48) expr -> . expr EXP expr
    (49) expr -> . expr MOD expr
    (50) expr -> . NOT expr
    (51) expr -> . PLUS expr
    (52) expr -> . MINUS expr
    (53) expr -> . expr IMAG
    (54) expr -> . comp
    (55) expr -> . assign_expr
    (56) expr -> . BEGIN sequence END
    (57) expr -> . BEGIN END
    (58) expr -> . expr POWER expr
    (59) expr -> . LET letrec_assign IN expr DOT
    (60) expr -> . OPEN_BRACKETS param_list CLOSED_BRACKETS
    (61) expr -> . OPEN_BRACKETS expr CLOSED_BRACKETS
    (62) expr -> . OPEN_BRACKETS CLOSED_BRACKETS
    (63) expr -> . STRUCT BEGIN assign_list END
    (64) expr -> . STRUCT BEGIN END
    (65) expr -> . expr TIMES expr
    (66) expr -> . expr DIVIDE_CEIL expr
    (67) expr -> . expr DIVIDE_FLOOR expr
    (68) expr -> . expr DIVIDE expr
    (69) expr -> . expr AND expr
    (70) expr -> . expr XOR expr
    (71) expr -> . expr OR expr
    (73) expr -> . FLOAT
    (74) expr -> . IF expr THEN COMMA expr DOT
    (75) expr -> . IF expr THEN COMMA expr else_elif_body DOT
    (76) expr -> . IMPORT file
    (77) expr -> . OPEN_BRACKETS expr DOT DOT expr CLOSED_BRACKETS
    (78) expr -> . CLOSED_BRACKETS expr DOT DOT expr CLOSED_BRACKETS
    (79) expr -> . OPEN_BRACKETS expr DOT DOT expr OPEN_BRACKETS
    (80) expr -> . CLOSED_BRACKETS expr DOT DOT expr OPEN_BRACKETS
    (81) expr -> . LAMBDA para ARROW type COLON expr
    (82) expr -> . NULL
    (85) expr -> . LPAREN param_list RPAREN
    (86) expr -> . LOOP IDENTIFIER IN expr LOOPTHEN expr DOT
    (87) expr -> . MATCH expr WITH cases DOT
    (88) expr -> . NUMBER
    (115) expr -> . LPAREN expr RPAREN
    (120) expr -> . STRING
    (130) expr -> . T_UNDEF expr
    (131) expr -> . IDENTIFIER
    (132) expr -> . WHILE expr THEN COMMA expr DOT
    (29) comp -> . expr EQUALS expr
    (30) comp -> . comp EQUALS expr
    (31) comp -> . expr GREATER_EQUALS expr
    (32) comp -> . comp GREATER_EQUALS expr
    (33) comp -> . expr UNEQUALS expr
    (34) comp -> . comp UNEQUALS expr
    (35) comp -> . expr GREATER_THAN expr
    (36) comp -> . comp GREATER_THAN expr
    (37) comp -> . expr SMALLER_THAN expr
    (38) comp -> . comp SMALLER_THAN expr
    (39) comp -> . expr SMALLER_EQUALS expr
    (40) comp -> . comp SMALLER_EQUALS expr
    (22) assign_expr -> . type IDENTIFIER ASSIGN expr
    (23) assign_expr -> . IDENTIFIER ASSIGN expr
    (121) type -> . T_INT
    (122) type -> . T_FLOAT
    (123) type -> . T_STRING
    (124) type -> . T_COMPLEX
    (125) type -> . LPAREN type_arg RPAREN ARROW type
    (126) type -> . type ARROW type
    (127) type -> . OPEN_BRACKETS CLOSED_BRACKETS type

    ARROW           reduce using rule 80 (expr -> CLOSED_BRACKETS expr DOT DOT expr OPEN_BRACKETS .)
    OPEN_BRACKETS   reduce using rule 80 (expr -> CLOSED_BRACKETS expr DOT DOT expr OPEN_BRACKETS .)
    LPAREN          reduce using rule 80 (expr -> CLOSED_BRACKETS expr DOT DOT expr OPEN_BRACKETS .)
    CONS            reduce using rule 80 (expr -> CLOSED_BRACKETS expr DOT DOT expr OPEN_BRACKETS .)
    PLUS            reduce using rule 80 (expr -> CLOSED_BRACKETS expr DOT DOT expr OPEN_BRACKETS .)
    MINUS           reduce using rule 80 (expr -> CLOSED_BRACKETS expr DOT DOT expr OPEN_BRACKETS .)
    EXP             reduce using rule 80 (expr -> CLOSED_BRACKETS expr DOT DOT expr OPEN_BRACKETS .)
    MOD             reduce using rule 80 (expr -> CLOSED_BRACKETS expr DOT DOT expr OPEN_BRACKETS .)
    IMAG            reduce using rule 80 (expr -> CLOSED_BRACKETS expr DOT DOT expr OPEN_BRACKETS .)
    POWER           reduce using rule 80 (expr -> CLOSED_BRACKETS expr DOT DOT expr OPEN_BRACKETS .)
    TIMES           reduce using rule 80 (expr -> CLOSED_BRACKETS expr DOT DOT expr OPEN_BRACKETS .)
    DIVIDE_CEIL     reduce using rule 80 (expr -> CLOSED_BRACKETS expr DOT DOT expr OPEN_BRACKETS .)
    DIVIDE_FLOOR    reduce using rule 80 (expr -> CLOSED_BRACKETS expr DOT DOT expr OPEN_BRACKETS .)
    DIVIDE          reduce using rule 80 (expr -> CLOSED_BRACKETS expr DOT DOT expr OPEN_BRACKETS .)
    AND             reduce using rule 80 (expr -> CLOSED_BRACKETS expr DOT DOT expr OPEN_BRACKETS .)
    XOR             reduce using rule 80 (expr -> CLOSED_BRACKETS expr DOT DOT expr OPEN_BRACKETS .)
    OR              reduce using rule 80 (expr -> CLOSED_BRACKETS expr DOT DOT expr OPEN_BRACKETS .)
    EQUALS          reduce using rule 80 (expr -> CLOSED_BRACKETS expr DOT DOT expr OPEN_BRACKETS .)
    GREATER_EQUALS  reduce using rule 80 (expr -> CLOSED_BRACKETS expr DOT DOT expr OPEN_BRACKETS .)
    UNEQUALS        reduce using rule 80 (expr -> CLOSED_BRACKETS expr DOT DOT expr OPEN_BRACKETS .)
    GREATER_THAN    reduce using rule 80 (expr -> CLOSED_BRACKETS expr DOT DOT expr OPEN_BRACKETS .)
    SMALLER_THAN    reduce using rule 80 (expr -> CLOSED_BRACKETS expr DOT DOT expr OPEN_BRACKETS .)
    SMALLER_EQUALS  reduce using rule 80 (expr -> CLOSED_BRACKETS expr DOT DOT expr OPEN_BRACKETS .)
    $end            reduce using rule 80 (expr -> CLOSED_BRACKETS expr DOT DOT expr OPEN_BRACKETS .)
    CLOSED_BRACKETS reduce using rule 80 (expr -> CLOSED_BRACKETS expr DOT DOT expr OPEN_BRACKETS .)
    DOT             reduce using rule 80 (expr -> CLOSED_BRACKETS expr DOT DOT expr OPEN_BRACKETS .)
    COMMA           reduce using rule 80 (expr -> CLOSED_BRACKETS expr DOT DOT expr OPEN_BRACKETS .)
    RPAREN          reduce using rule 80 (expr -> CLOSED_BRACKETS expr DOT DOT expr OPEN_BRACKETS .)
    SEMICOLON       reduce using rule 80 (expr -> CLOSED_BRACKETS expr DOT DOT expr OPEN_BRACKETS .)
    END             reduce using rule 80 (expr -> CLOSED_BRACKETS expr DOT DOT expr OPEN_BRACKETS .)
    THEN            reduce using rule 80 (expr -> CLOSED_BRACKETS expr DOT DOT expr OPEN_BRACKETS .)
    WITH            reduce using rule 80 (expr -> CLOSED_BRACKETS expr DOT DOT expr OPEN_BRACKETS .)
    COLON           reduce using rule 80 (expr -> CLOSED_BRACKETS expr DOT DOT expr OPEN_BRACKETS .)
    IN              reduce using rule 80 (expr -> CLOSED_BRACKETS expr DOT DOT expr OPEN_BRACKETS .)
    LOOPTHEN        reduce using rule 80 (expr -> CLOSED_BRACKETS expr DOT DOT expr OPEN_BRACKETS .)
    ELSE            reduce using rule 80 (expr -> CLOSED_BRACKETS expr DOT DOT expr OPEN_BRACKETS .)
    IDENTIFIER      shift and go to state 6
    NOT             shift and go to state 9
    BEGIN           shift and go to state 12
    LET             shift and go to state 13
    STRUCT          shift and go to state 14
    FLOAT           shift and go to state 15
    IF              shift and go to state 16
    IMPORT          shift and go to state 17
    LAMBDA          shift and go to state 18
    NULL            shift and go to state 20
    LOOP            shift and go to state 21
    MATCH           shift and go to state 22
    NUMBER          shift and go to state 23
    STRING          shift and go to state 24
    T_UNDEF         shift and go to state 25
    WHILE           shift and go to state 26
    T_INT           shift and go to state 27
    T_FLOAT         shift and go to state 28
    T_STRING        shift and go to state 29
    T_COMPLEX       shift and go to state 30

  ! PLUS            [ shift and go to state 115 ]
  ! MINUS           [ shift and go to state 8 ]
  ! OPEN_BRACKETS   [ shift and go to state 3 ]
  ! CLOSED_BRACKETS [ shift and go to state 5 ]
  ! LPAREN          [ shift and go to state 7 ]

    expr                           shift and go to state 114
    comp                           shift and go to state 10
    assign_expr                    shift and go to state 11
    type                           shift and go to state 19

state 257

    (42) else_elif_body -> COMMA . ELIF IF expr THEN COMMA expr
    (43) else_elif_body -> COMMA . ELIF IF expr THEN COMMA expr else_elif_body

    ELIF            shift and go to state 271


state 258

    (74) expr -> IF expr THEN COMMA expr DOT .

    ARROW           reduce using rule 74 (expr -> IF expr THEN COMMA expr DOT .)
    OPEN_BRACKETS   reduce using rule 74 (expr -> IF expr THEN COMMA expr DOT .)
    LPAREN          reduce using rule 74 (expr -> IF expr THEN COMMA expr DOT .)
    CONS            reduce using rule 74 (expr -> IF expr THEN COMMA expr DOT .)
    PLUS            reduce using rule 74 (expr -> IF expr THEN COMMA expr DOT .)
    MINUS           reduce using rule 74 (expr -> IF expr THEN COMMA expr DOT .)
    EXP             reduce using rule 74 (expr -> IF expr THEN COMMA expr DOT .)
    MOD             reduce using rule 74 (expr -> IF expr THEN COMMA expr DOT .)
    IMAG            reduce using rule 74 (expr -> IF expr THEN COMMA expr DOT .)
    POWER           reduce using rule 74 (expr -> IF expr THEN COMMA expr DOT .)
    TIMES           reduce using rule 74 (expr -> IF expr THEN COMMA expr DOT .)
    DIVIDE_CEIL     reduce using rule 74 (expr -> IF expr THEN COMMA expr DOT .)
    DIVIDE_FLOOR    reduce using rule 74 (expr -> IF expr THEN COMMA expr DOT .)
    DIVIDE          reduce using rule 74 (expr -> IF expr THEN COMMA expr DOT .)
    AND             reduce using rule 74 (expr -> IF expr THEN COMMA expr DOT .)
    XOR             reduce using rule 74 (expr -> IF expr THEN COMMA expr DOT .)
    OR              reduce using rule 74 (expr -> IF expr THEN COMMA expr DOT .)
    EQUALS          reduce using rule 74 (expr -> IF expr THEN COMMA expr DOT .)
    GREATER_EQUALS  reduce using rule 74 (expr -> IF expr THEN COMMA expr DOT .)
    UNEQUALS        reduce using rule 74 (expr -> IF expr THEN COMMA expr DOT .)
    GREATER_THAN    reduce using rule 74 (expr -> IF expr THEN COMMA expr DOT .)
    SMALLER_THAN    reduce using rule 74 (expr -> IF expr THEN COMMA expr DOT .)
    SMALLER_EQUALS  reduce using rule 74 (expr -> IF expr THEN COMMA expr DOT .)
    $end            reduce using rule 74 (expr -> IF expr THEN COMMA expr DOT .)
    CLOSED_BRACKETS reduce using rule 74 (expr -> IF expr THEN COMMA expr DOT .)
    DOT             reduce using rule 74 (expr -> IF expr THEN COMMA expr DOT .)
    COMMA           reduce using rule 74 (expr -> IF expr THEN COMMA expr DOT .)
    RPAREN          reduce using rule 74 (expr -> IF expr THEN COMMA expr DOT .)
    SEMICOLON       reduce using rule 74 (expr -> IF expr THEN COMMA expr DOT .)
    END             reduce using rule 74 (expr -> IF expr THEN COMMA expr DOT .)
    THEN            reduce using rule 74 (expr -> IF expr THEN COMMA expr DOT .)
    WITH            reduce using rule 74 (expr -> IF expr THEN COMMA expr DOT .)
    COLON           reduce using rule 74 (expr -> IF expr THEN COMMA expr DOT .)
    IN              reduce using rule 74 (expr -> IF expr THEN COMMA expr DOT .)
    LOOPTHEN        reduce using rule 74 (expr -> IF expr THEN COMMA expr DOT .)
    ELSE            reduce using rule 74 (expr -> IF expr THEN COMMA expr DOT .)


state 259

    (75) expr -> IF expr THEN COMMA expr else_elif_body . DOT

    DOT             shift and go to state 272


state 260

    (44) else_elif_body -> ELSE . expr
    (1) expr -> . expr ARROW expr
    (2) expr -> . expr OPEN_BRACKETS PLUS CLOSED_BRACKETS
    (3) expr -> . expr OPEN_BRACKETS expr CLOSED_BRACKETS
    (4) expr -> . IDENTIFIER PLUS_ASSIGN expr
    (5) expr -> . IDENTIFIER MINUS_ASSIGN expr
    (6) expr -> . IDENTIFIER SMALLER_EQUALS_ASSIGN expr
    (7) expr -> . IDENTIFIER GREATER_THAN_ASSIGN expr
    (8) expr -> . IDENTIFIER SMALLER_THAN_ASSIGN expr
    (9) expr -> . IDENTIFIER AND_ASSIGN expr
    (10) expr -> . IDENTIFIER OR_ASSIGN expr
    (11) expr -> . IDENTIFIER XOR_ASSIGN expr
    (12) expr -> . IDENTIFIER MOD_ASSIGN expr
    (13) expr -> . IDENTIFIER EXP_ASSIGN expr
    (14) expr -> . IDENTIFIER POWER_ASSIGN expr
    (15) expr -> . IDENTIFIER TIMES_ASSIGN expr
    (16) expr -> . IDENTIFIER DIVIDE_CEIL_ASSIGN expr
    (17) expr -> . IDENTIFIER DIVIDE_FLOOR_ASSIGN expr
    (18) expr -> . IDENTIFIER DIVIDE_ASSIGN expr
    (19) expr -> . IDENTIFIER EQUALS_ASSIGN expr
    (20) expr -> . IDENTIFIER UNEQUALS_ASSIGN expr
    (21) expr -> . IDENTIFIER GREATER_EQUALS_ASSIGN expr
    (26) expr -> . expr LPAREN para_expr RPAREN
    (41) expr -> . expr CONS expr
    (46) expr -> . expr PLUS expr
    (47) expr -> . expr MINUS expr
    (48) expr -> . expr EXP expr
    (49) expr -> . expr MOD expr
    (50) expr -> . NOT expr
    (51) expr -> . PLUS expr
    (52) expr -> . MINUS expr
    (53) expr -> . expr IMAG
    (54) expr -> . comp
    (55) expr -> . assign_expr
    (56) expr -> . BEGIN sequence END
    (57) expr -> . BEGIN END
    (58) expr -> . expr POWER expr
    (59) expr -> . LET letrec_assign IN expr DOT
    (60) expr -> . OPEN_BRACKETS param_list CLOSED_BRACKETS
    (61) expr -> . OPEN_BRACKETS expr CLOSED_BRACKETS
    (62) expr -> . OPEN_BRACKETS CLOSED_BRACKETS
    (63) expr -> . STRUCT BEGIN assign_list END
    (64) expr -> . STRUCT BEGIN END
    (65) expr -> . expr TIMES expr
    (66) expr -> . expr DIVIDE_CEIL expr
    (67) expr -> . expr DIVIDE_FLOOR expr
    (68) expr -> . expr DIVIDE expr
    (69) expr -> . expr AND expr
    (70) expr -> . expr XOR expr
    (71) expr -> . expr OR expr
    (73) expr -> . FLOAT
    (74) expr -> . IF expr THEN COMMA expr DOT
    (75) expr -> . IF expr THEN COMMA expr else_elif_body DOT
    (76) expr -> . IMPORT file
    (77) expr -> . OPEN_BRACKETS expr DOT DOT expr CLOSED_BRACKETS
    (78) expr -> . CLOSED_BRACKETS expr DOT DOT expr CLOSED_BRACKETS
    (79) expr -> . OPEN_BRACKETS expr DOT DOT expr OPEN_BRACKETS
    (80) expr -> . CLOSED_BRACKETS expr DOT DOT expr OPEN_BRACKETS
    (81) expr -> . LAMBDA para ARROW type COLON expr
    (82) expr -> . NULL
    (85) expr -> . LPAREN param_list RPAREN
    (86) expr -> . LOOP IDENTIFIER IN expr LOOPTHEN expr DOT
    (87) expr -> . MATCH expr WITH cases DOT
    (88) expr -> . NUMBER
    (115) expr -> . LPAREN expr RPAREN
    (120) expr -> . STRING
    (130) expr -> . T_UNDEF expr
    (131) expr -> . IDENTIFIER
    (132) expr -> . WHILE expr THEN COMMA expr DOT
    (29) comp -> . expr EQUALS expr
    (30) comp -> . comp EQUALS expr
    (31) comp -> . expr GREATER_EQUALS expr
    (32) comp -> . comp GREATER_EQUALS expr
    (33) comp -> . expr UNEQUALS expr
    (34) comp -> . comp UNEQUALS expr
    (35) comp -> . expr GREATER_THAN expr
    (36) comp -> . comp GREATER_THAN expr
    (37) comp -> . expr SMALLER_THAN expr
    (38) comp -> . comp SMALLER_THAN expr
    (39) comp -> . expr SMALLER_EQUALS expr
    (40) comp -> . comp SMALLER_EQUALS expr
    (22) assign_expr -> . type IDENTIFIER ASSIGN expr
    (23) assign_expr -> . IDENTIFIER ASSIGN expr
    (121) type -> . T_INT
    (122) type -> . T_FLOAT
    (123) type -> . T_STRING
    (124) type -> . T_COMPLEX
    (125) type -> . LPAREN type_arg RPAREN ARROW type
    (126) type -> . type ARROW type
    (127) type -> . OPEN_BRACKETS CLOSED_BRACKETS type

    IDENTIFIER      shift and go to state 6
    NOT             shift and go to state 9
    PLUS            shift and go to state 4
    MINUS           shift and go to state 8
    BEGIN           shift and go to state 12
    LET             shift and go to state 13
    OPEN_BRACKETS   shift and go to state 3
    STRUCT          shift and go to state 14
    FLOAT           shift and go to state 15
    IF              shift and go to state 16
    IMPORT          shift and go to state 17
    CLOSED_BRACKETS shift and go to state 5
    LAMBDA          shift and go to state 18
    NULL            shift and go to state 20
    LPAREN          shift and go to state 7
    LOOP            shift and go to state 21
    MATCH           shift and go to state 22
    NUMBER          shift and go to state 23
    STRING          shift and go to state 24
    T_UNDEF         shift and go to state 25
    WHILE           shift and go to state 26
    T_INT           shift and go to state 27
    T_FLOAT         shift and go to state 28
    T_STRING        shift and go to state 29
    T_COMPLEX       shift and go to state 30

    expr                           shift and go to state 273
    comp                           shift and go to state 10
    assign_expr                    shift and go to state 11
    type                           shift and go to state 19

state 261

    (81) expr -> LAMBDA para ARROW type COLON expr .
    (1) expr -> expr . ARROW expr
    (2) expr -> expr . OPEN_BRACKETS PLUS CLOSED_BRACKETS
    (3) expr -> expr . OPEN_BRACKETS expr CLOSED_BRACKETS
    (26) expr -> expr . LPAREN para_expr RPAREN
    (41) expr -> expr . CONS expr
    (46) expr -> expr . PLUS expr
    (47) expr -> expr . MINUS expr
    (48) expr -> expr . EXP expr
    (49) expr -> expr . MOD expr
    (53) expr -> expr . IMAG
    (58) expr -> expr . POWER expr
    (65) expr -> expr . TIMES expr
    (66) expr -> expr . DIVIDE_CEIL expr
    (67) expr -> expr . DIVIDE_FLOOR expr
    (68) expr -> expr . DIVIDE expr
    (69) expr -> expr . AND expr
    (70) expr -> expr . XOR expr
    (71) expr -> expr . OR expr
    (29) comp -> expr . EQUALS expr
    (31) comp -> expr . GREATER_EQUALS expr
    (33) comp -> expr . UNEQUALS expr
    (35) comp -> expr . GREATER_THAN expr
    (37) comp -> expr . SMALLER_THAN expr
    (39) comp -> expr . SMALLER_EQUALS expr

    $end            reduce using rule 81 (expr -> LAMBDA para ARROW type COLON expr .)
    CLOSED_BRACKETS reduce using rule 81 (expr -> LAMBDA para ARROW type COLON expr .)
    DOT             reduce using rule 81 (expr -> LAMBDA para ARROW type COLON expr .)
    COMMA           reduce using rule 81 (expr -> LAMBDA para ARROW type COLON expr .)
    RPAREN          reduce using rule 81 (expr -> LAMBDA para ARROW type COLON expr .)
    SEMICOLON       reduce using rule 81 (expr -> LAMBDA para ARROW type COLON expr .)
    END             reduce using rule 81 (expr -> LAMBDA para ARROW type COLON expr .)
    THEN            reduce using rule 81 (expr -> LAMBDA para ARROW type COLON expr .)
    WITH            reduce using rule 81 (expr -> LAMBDA para ARROW type COLON expr .)
    COLON           reduce using rule 81 (expr -> LAMBDA para ARROW type COLON expr .)
    IN              reduce using rule 81 (expr -> LAMBDA para ARROW type COLON expr .)
    LOOPTHEN        reduce using rule 81 (expr -> LAMBDA para ARROW type COLON expr .)
    ELSE            reduce using rule 81 (expr -> LAMBDA para ARROW type COLON expr .)
    ARROW           shift and go to state 31
    OPEN_BRACKETS   shift and go to state 32
    LPAREN          shift and go to state 34
    CONS            shift and go to state 35
    PLUS            shift and go to state 33
    MINUS           shift and go to state 36
    EXP             shift and go to state 37
    MOD             shift and go to state 38
    IMAG            shift and go to state 39
    POWER           shift and go to state 40
    TIMES           shift and go to state 41
    DIVIDE_CEIL     shift and go to state 42
    DIVIDE_FLOOR    shift and go to state 43
    DIVIDE          shift and go to state 44
    AND             shift and go to state 45
    XOR             shift and go to state 46
    OR              shift and go to state 47
    EQUALS          shift and go to state 48
    GREATER_EQUALS  shift and go to state 49
    UNEQUALS        shift and go to state 50
    GREATER_THAN    shift and go to state 51
    SMALLER_THAN    shift and go to state 52
    SMALLER_EQUALS  shift and go to state 53

  ! ARROW           [ reduce using rule 81 (expr -> LAMBDA para ARROW type COLON expr .) ]
  ! OPEN_BRACKETS   [ reduce using rule 81 (expr -> LAMBDA para ARROW type COLON expr .) ]
  ! LPAREN          [ reduce using rule 81 (expr -> LAMBDA para ARROW type COLON expr .) ]
  ! CONS            [ reduce using rule 81 (expr -> LAMBDA para ARROW type COLON expr .) ]
  ! PLUS            [ reduce using rule 81 (expr -> LAMBDA para ARROW type COLON expr .) ]
  ! MINUS           [ reduce using rule 81 (expr -> LAMBDA para ARROW type COLON expr .) ]
  ! EXP             [ reduce using rule 81 (expr -> LAMBDA para ARROW type COLON expr .) ]
  ! MOD             [ reduce using rule 81 (expr -> LAMBDA para ARROW type COLON expr .) ]
  ! IMAG            [ reduce using rule 81 (expr -> LAMBDA para ARROW type COLON expr .) ]
  ! POWER           [ reduce using rule 81 (expr -> LAMBDA para ARROW type COLON expr .) ]
  ! TIMES           [ reduce using rule 81 (expr -> LAMBDA para ARROW type COLON expr .) ]
  ! DIVIDE_CEIL     [ reduce using rule 81 (expr -> LAMBDA para ARROW type COLON expr .) ]
  ! DIVIDE_FLOOR    [ reduce using rule 81 (expr -> LAMBDA para ARROW type COLON expr .) ]
  ! DIVIDE          [ reduce using rule 81 (expr -> LAMBDA para ARROW type COLON expr .) ]
  ! AND             [ reduce using rule 81 (expr -> LAMBDA para ARROW type COLON expr .) ]
  ! XOR             [ reduce using rule 81 (expr -> LAMBDA para ARROW type COLON expr .) ]
  ! OR              [ reduce using rule 81 (expr -> LAMBDA para ARROW type COLON expr .) ]
  ! EQUALS          [ reduce using rule 81 (expr -> LAMBDA para ARROW type COLON expr .) ]
  ! GREATER_EQUALS  [ reduce using rule 81 (expr -> LAMBDA para ARROW type COLON expr .) ]
  ! UNEQUALS        [ reduce using rule 81 (expr -> LAMBDA para ARROW type COLON expr .) ]
  ! GREATER_THAN    [ reduce using rule 81 (expr -> LAMBDA para ARROW type COLON expr .) ]
  ! SMALLER_THAN    [ reduce using rule 81 (expr -> LAMBDA para ARROW type COLON expr .) ]
  ! SMALLER_EQUALS  [ reduce using rule 81 (expr -> LAMBDA para ARROW type COLON expr .) ]


state 262

    (110) param_pos_list -> type IDENTIFIER COMMA param_pos_list .

    RPAREN          reduce using rule 110 (param_pos_list -> type IDENTIFIER COMMA param_pos_list .)


state 263

    (99) para_kw_list -> type IDENTIFIER COLON expr . COMMA para_kw_list
    (101) para_kw_list -> type IDENTIFIER COLON expr .
    (1) expr -> expr . ARROW expr
    (2) expr -> expr . OPEN_BRACKETS PLUS CLOSED_BRACKETS
    (3) expr -> expr . OPEN_BRACKETS expr CLOSED_BRACKETS
    (26) expr -> expr . LPAREN para_expr RPAREN
    (41) expr -> expr . CONS expr
    (46) expr -> expr . PLUS expr
    (47) expr -> expr . MINUS expr
    (48) expr -> expr . EXP expr
    (49) expr -> expr . MOD expr
    (53) expr -> expr . IMAG
    (58) expr -> expr . POWER expr
    (65) expr -> expr . TIMES expr
    (66) expr -> expr . DIVIDE_CEIL expr
    (67) expr -> expr . DIVIDE_FLOOR expr
    (68) expr -> expr . DIVIDE expr
    (69) expr -> expr . AND expr
    (70) expr -> expr . XOR expr
    (71) expr -> expr . OR expr
    (29) comp -> expr . EQUALS expr
    (31) comp -> expr . GREATER_EQUALS expr
    (33) comp -> expr . UNEQUALS expr
    (35) comp -> expr . GREATER_THAN expr
    (37) comp -> expr . SMALLER_THAN expr
    (39) comp -> expr . SMALLER_EQUALS expr

    COMMA           shift and go to state 274
    RPAREN          reduce using rule 101 (para_kw_list -> type IDENTIFIER COLON expr .)
    ARROW           shift and go to state 31
    OPEN_BRACKETS   shift and go to state 32
    LPAREN          shift and go to state 34
    CONS            shift and go to state 35
    PLUS            shift and go to state 33
    MINUS           shift and go to state 36
    EXP             shift and go to state 37
    MOD             shift and go to state 38
    IMAG            shift and go to state 39
    POWER           shift and go to state 40
    TIMES           shift and go to state 41
    DIVIDE_CEIL     shift and go to state 42
    DIVIDE_FLOOR    shift and go to state 43
    DIVIDE          shift and go to state 44
    AND             shift and go to state 45
    XOR             shift and go to state 46
    OR              shift and go to state 47
    EQUALS          shift and go to state 48
    GREATER_EQUALS  shift and go to state 49
    UNEQUALS        shift and go to state 50
    GREATER_THAN    shift and go to state 51
    SMALLER_THAN    shift and go to state 52
    SMALLER_EQUALS  shift and go to state 53


state 264

    (100) para_kw_list -> IDENTIFIER COLON expr COMMA . para_kw_list
    (99) para_kw_list -> . type IDENTIFIER COLON expr COMMA para_kw_list
    (100) para_kw_list -> . IDENTIFIER COLON expr COMMA para_kw_list
    (101) para_kw_list -> . type IDENTIFIER COLON expr
    (102) para_kw_list -> . IDENTIFIER COLON expr
    (103) para_kw_list -> . para_infty
    (121) type -> . T_INT
    (122) type -> . T_FLOAT
    (123) type -> . T_STRING
    (124) type -> . T_COMPLEX
    (125) type -> . LPAREN type_arg RPAREN ARROW type
    (126) type -> . type ARROW type
    (127) type -> . OPEN_BRACKETS CLOSED_BRACKETS type
    (95) para_infty -> . IDENTIFIER DOT DOT DOT

    IDENTIFIER      shift and go to state 275
    T_INT           shift and go to state 27
    T_FLOAT         shift and go to state 28
    T_STRING        shift and go to state 29
    T_COMPLEX       shift and go to state 30
    LPAREN          shift and go to state 96
    OPEN_BRACKETS   shift and go to state 97

    para_kw_list                   shift and go to state 276
    type                           shift and go to state 277
    para_infty                     shift and go to state 196

state 265

    (95) para_infty -> IDENTIFIER DOT DOT DOT .

    RPAREN          reduce using rule 95 (para_infty -> IDENTIFIER DOT DOT DOT .)


state 266

    (86) expr -> LOOP IDENTIFIER IN expr LOOPTHEN expr . DOT
    (1) expr -> expr . ARROW expr
    (2) expr -> expr . OPEN_BRACKETS PLUS CLOSED_BRACKETS
    (3) expr -> expr . OPEN_BRACKETS expr CLOSED_BRACKETS
    (26) expr -> expr . LPAREN para_expr RPAREN
    (41) expr -> expr . CONS expr
    (46) expr -> expr . PLUS expr
    (47) expr -> expr . MINUS expr
    (48) expr -> expr . EXP expr
    (49) expr -> expr . MOD expr
    (53) expr -> expr . IMAG
    (58) expr -> expr . POWER expr
    (65) expr -> expr . TIMES expr
    (66) expr -> expr . DIVIDE_CEIL expr
    (67) expr -> expr . DIVIDE_FLOOR expr
    (68) expr -> expr . DIVIDE expr
    (69) expr -> expr . AND expr
    (70) expr -> expr . XOR expr
    (71) expr -> expr . OR expr
    (29) comp -> expr . EQUALS expr
    (31) comp -> expr . GREATER_EQUALS expr
    (33) comp -> expr . UNEQUALS expr
    (35) comp -> expr . GREATER_THAN expr
    (37) comp -> expr . SMALLER_THAN expr
    (39) comp -> expr . SMALLER_EQUALS expr

    DOT             shift and go to state 278
    ARROW           shift and go to state 31
    OPEN_BRACKETS   shift and go to state 32
    LPAREN          shift and go to state 34
    CONS            shift and go to state 35
    PLUS            shift and go to state 33
    MINUS           shift and go to state 36
    EXP             shift and go to state 37
    MOD             shift and go to state 38
    IMAG            shift and go to state 39
    POWER           shift and go to state 40
    TIMES           shift and go to state 41
    DIVIDE_CEIL     shift and go to state 42
    DIVIDE_FLOOR    shift and go to state 43
    DIVIDE          shift and go to state 44
    AND             shift and go to state 45
    XOR             shift and go to state 46
    OR              shift and go to state 47
    EQUALS          shift and go to state 48
    GREATER_EQUALS  shift and go to state 49
    UNEQUALS        shift and go to state 50
    GREATER_THAN    shift and go to state 51
    SMALLER_THAN    shift and go to state 52
    SMALLER_EQUALS  shift and go to state 53


state 267

    (27) cases -> CASE expr COLON . expr DOT cases
    (28) cases -> CASE expr COLON . expr DOT
    (1) expr -> . expr ARROW expr
    (2) expr -> . expr OPEN_BRACKETS PLUS CLOSED_BRACKETS
    (3) expr -> . expr OPEN_BRACKETS expr CLOSED_BRACKETS
    (4) expr -> . IDENTIFIER PLUS_ASSIGN expr
    (5) expr -> . IDENTIFIER MINUS_ASSIGN expr
    (6) expr -> . IDENTIFIER SMALLER_EQUALS_ASSIGN expr
    (7) expr -> . IDENTIFIER GREATER_THAN_ASSIGN expr
    (8) expr -> . IDENTIFIER SMALLER_THAN_ASSIGN expr
    (9) expr -> . IDENTIFIER AND_ASSIGN expr
    (10) expr -> . IDENTIFIER OR_ASSIGN expr
    (11) expr -> . IDENTIFIER XOR_ASSIGN expr
    (12) expr -> . IDENTIFIER MOD_ASSIGN expr
    (13) expr -> . IDENTIFIER EXP_ASSIGN expr
    (14) expr -> . IDENTIFIER POWER_ASSIGN expr
    (15) expr -> . IDENTIFIER TIMES_ASSIGN expr
    (16) expr -> . IDENTIFIER DIVIDE_CEIL_ASSIGN expr
    (17) expr -> . IDENTIFIER DIVIDE_FLOOR_ASSIGN expr
    (18) expr -> . IDENTIFIER DIVIDE_ASSIGN expr
    (19) expr -> . IDENTIFIER EQUALS_ASSIGN expr
    (20) expr -> . IDENTIFIER UNEQUALS_ASSIGN expr
    (21) expr -> . IDENTIFIER GREATER_EQUALS_ASSIGN expr
    (26) expr -> . expr LPAREN para_expr RPAREN
    (41) expr -> . expr CONS expr
    (46) expr -> . expr PLUS expr
    (47) expr -> . expr MINUS expr
    (48) expr -> . expr EXP expr
    (49) expr -> . expr MOD expr
    (50) expr -> . NOT expr
    (51) expr -> . PLUS expr
    (52) expr -> . MINUS expr
    (53) expr -> . expr IMAG
    (54) expr -> . comp
    (55) expr -> . assign_expr
    (56) expr -> . BEGIN sequence END
    (57) expr -> . BEGIN END
    (58) expr -> . expr POWER expr
    (59) expr -> . LET letrec_assign IN expr DOT
    (60) expr -> . OPEN_BRACKETS param_list CLOSED_BRACKETS
    (61) expr -> . OPEN_BRACKETS expr CLOSED_BRACKETS
    (62) expr -> . OPEN_BRACKETS CLOSED_BRACKETS
    (63) expr -> . STRUCT BEGIN assign_list END
    (64) expr -> . STRUCT BEGIN END
    (65) expr -> . expr TIMES expr
    (66) expr -> . expr DIVIDE_CEIL expr
    (67) expr -> . expr DIVIDE_FLOOR expr
    (68) expr -> . expr DIVIDE expr
    (69) expr -> . expr AND expr
    (70) expr -> . expr XOR expr
    (71) expr -> . expr OR expr
    (73) expr -> . FLOAT
    (74) expr -> . IF expr THEN COMMA expr DOT
    (75) expr -> . IF expr THEN COMMA expr else_elif_body DOT
    (76) expr -> . IMPORT file
    (77) expr -> . OPEN_BRACKETS expr DOT DOT expr CLOSED_BRACKETS
    (78) expr -> . CLOSED_BRACKETS expr DOT DOT expr CLOSED_BRACKETS
    (79) expr -> . OPEN_BRACKETS expr DOT DOT expr OPEN_BRACKETS
    (80) expr -> . CLOSED_BRACKETS expr DOT DOT expr OPEN_BRACKETS
    (81) expr -> . LAMBDA para ARROW type COLON expr
    (82) expr -> . NULL
    (85) expr -> . LPAREN param_list RPAREN
    (86) expr -> . LOOP IDENTIFIER IN expr LOOPTHEN expr DOT
    (87) expr -> . MATCH expr WITH cases DOT
    (88) expr -> . NUMBER
    (115) expr -> . LPAREN expr RPAREN
    (120) expr -> . STRING
    (130) expr -> . T_UNDEF expr
    (131) expr -> . IDENTIFIER
    (132) expr -> . WHILE expr THEN COMMA expr DOT
    (29) comp -> . expr EQUALS expr
    (30) comp -> . comp EQUALS expr
    (31) comp -> . expr GREATER_EQUALS expr
    (32) comp -> . comp GREATER_EQUALS expr
    (33) comp -> . expr UNEQUALS expr
    (34) comp -> . comp UNEQUALS expr
    (35) comp -> . expr GREATER_THAN expr
    (36) comp -> . comp GREATER_THAN expr
    (37) comp -> . expr SMALLER_THAN expr
    (38) comp -> . comp SMALLER_THAN expr
    (39) comp -> . expr SMALLER_EQUALS expr
    (40) comp -> . comp SMALLER_EQUALS expr
    (22) assign_expr -> . type IDENTIFIER ASSIGN expr
    (23) assign_expr -> . IDENTIFIER ASSIGN expr
    (121) type -> . T_INT
    (122) type -> . T_FLOAT
    (123) type -> . T_STRING
    (124) type -> . T_COMPLEX
    (125) type -> . LPAREN type_arg RPAREN ARROW type
    (126) type -> . type ARROW type
    (127) type -> . OPEN_BRACKETS CLOSED_BRACKETS type

    IDENTIFIER      shift and go to state 6
    NOT             shift and go to state 9
    PLUS            shift and go to state 4
    MINUS           shift and go to state 8
    BEGIN           shift and go to state 12
    LET             shift and go to state 13
    OPEN_BRACKETS   shift and go to state 3
    STRUCT          shift and go to state 14
    FLOAT           shift and go to state 15
    IF              shift and go to state 16
    IMPORT          shift and go to state 17
    CLOSED_BRACKETS shift and go to state 5
    LAMBDA          shift and go to state 18
    NULL            shift and go to state 20
    LPAREN          shift and go to state 7
    LOOP            shift and go to state 21
    MATCH           shift and go to state 22
    NUMBER          shift and go to state 23
    STRING          shift and go to state 24
    T_UNDEF         shift and go to state 25
    WHILE           shift and go to state 26
    T_INT           shift and go to state 27
    T_FLOAT         shift and go to state 28
    T_STRING        shift and go to state 29
    T_COMPLEX       shift and go to state 30

    expr                           shift and go to state 279
    comp                           shift and go to state 10
    assign_expr                    shift and go to state 11
    type                           shift and go to state 19

state 268

    (132) expr -> WHILE expr THEN COMMA expr DOT .

    ARROW           reduce using rule 132 (expr -> WHILE expr THEN COMMA expr DOT .)
    OPEN_BRACKETS   reduce using rule 132 (expr -> WHILE expr THEN COMMA expr DOT .)
    LPAREN          reduce using rule 132 (expr -> WHILE expr THEN COMMA expr DOT .)
    CONS            reduce using rule 132 (expr -> WHILE expr THEN COMMA expr DOT .)
    PLUS            reduce using rule 132 (expr -> WHILE expr THEN COMMA expr DOT .)
    MINUS           reduce using rule 132 (expr -> WHILE expr THEN COMMA expr DOT .)
    EXP             reduce using rule 132 (expr -> WHILE expr THEN COMMA expr DOT .)
    MOD             reduce using rule 132 (expr -> WHILE expr THEN COMMA expr DOT .)
    IMAG            reduce using rule 132 (expr -> WHILE expr THEN COMMA expr DOT .)
    POWER           reduce using rule 132 (expr -> WHILE expr THEN COMMA expr DOT .)
    TIMES           reduce using rule 132 (expr -> WHILE expr THEN COMMA expr DOT .)
    DIVIDE_CEIL     reduce using rule 132 (expr -> WHILE expr THEN COMMA expr DOT .)
    DIVIDE_FLOOR    reduce using rule 132 (expr -> WHILE expr THEN COMMA expr DOT .)
    DIVIDE          reduce using rule 132 (expr -> WHILE expr THEN COMMA expr DOT .)
    AND             reduce using rule 132 (expr -> WHILE expr THEN COMMA expr DOT .)
    XOR             reduce using rule 132 (expr -> WHILE expr THEN COMMA expr DOT .)
    OR              reduce using rule 132 (expr -> WHILE expr THEN COMMA expr DOT .)
    EQUALS          reduce using rule 132 (expr -> WHILE expr THEN COMMA expr DOT .)
    GREATER_EQUALS  reduce using rule 132 (expr -> WHILE expr THEN COMMA expr DOT .)
    UNEQUALS        reduce using rule 132 (expr -> WHILE expr THEN COMMA expr DOT .)
    GREATER_THAN    reduce using rule 132 (expr -> WHILE expr THEN COMMA expr DOT .)
    SMALLER_THAN    reduce using rule 132 (expr -> WHILE expr THEN COMMA expr DOT .)
    SMALLER_EQUALS  reduce using rule 132 (expr -> WHILE expr THEN COMMA expr DOT .)
    $end            reduce using rule 132 (expr -> WHILE expr THEN COMMA expr DOT .)
    CLOSED_BRACKETS reduce using rule 132 (expr -> WHILE expr THEN COMMA expr DOT .)
    DOT             reduce using rule 132 (expr -> WHILE expr THEN COMMA expr DOT .)
    COMMA           reduce using rule 132 (expr -> WHILE expr THEN COMMA expr DOT .)
    RPAREN          reduce using rule 132 (expr -> WHILE expr THEN COMMA expr DOT .)
    SEMICOLON       reduce using rule 132 (expr -> WHILE expr THEN COMMA expr DOT .)
    END             reduce using rule 132 (expr -> WHILE expr THEN COMMA expr DOT .)
    THEN            reduce using rule 132 (expr -> WHILE expr THEN COMMA expr DOT .)
    WITH            reduce using rule 132 (expr -> WHILE expr THEN COMMA expr DOT .)
    COLON           reduce using rule 132 (expr -> WHILE expr THEN COMMA expr DOT .)
    IN              reduce using rule 132 (expr -> WHILE expr THEN COMMA expr DOT .)
    LOOPTHEN        reduce using rule 132 (expr -> WHILE expr THEN COMMA expr DOT .)
    ELSE            reduce using rule 132 (expr -> WHILE expr THEN COMMA expr DOT .)


state 269

    (97) para_keywords_expr -> expr . COLON expr COMMA para_keywords_expr
    (98) para_keywords_expr -> expr . COLON expr
    (1) expr -> expr . ARROW expr
    (2) expr -> expr . OPEN_BRACKETS PLUS CLOSED_BRACKETS
    (3) expr -> expr . OPEN_BRACKETS expr CLOSED_BRACKETS
    (26) expr -> expr . LPAREN para_expr RPAREN
    (41) expr -> expr . CONS expr
    (46) expr -> expr . PLUS expr
    (47) expr -> expr . MINUS expr
    (48) expr -> expr . EXP expr
    (49) expr -> expr . MOD expr
    (53) expr -> expr . IMAG
    (58) expr -> expr . POWER expr
    (65) expr -> expr . TIMES expr
    (66) expr -> expr . DIVIDE_CEIL expr
    (67) expr -> expr . DIVIDE_FLOOR expr
    (68) expr -> expr . DIVIDE expr
    (69) expr -> expr . AND expr
    (70) expr -> expr . XOR expr
    (71) expr -> expr . OR expr
    (29) comp -> expr . EQUALS expr
    (31) comp -> expr . GREATER_EQUALS expr
    (33) comp -> expr . UNEQUALS expr
    (35) comp -> expr . GREATER_THAN expr
    (37) comp -> expr . SMALLER_THAN expr
    (39) comp -> expr . SMALLER_EQUALS expr

    COLON           shift and go to state 205
    ARROW           shift and go to state 31
    OPEN_BRACKETS   shift and go to state 32
    LPAREN          shift and go to state 34
    CONS            shift and go to state 35
    PLUS            shift and go to state 33
    MINUS           shift and go to state 36
    EXP             shift and go to state 37
    MOD             shift and go to state 38
    IMAG            shift and go to state 39
    POWER           shift and go to state 40
    TIMES           shift and go to state 41
    DIVIDE_CEIL     shift and go to state 42
    DIVIDE_FLOOR    shift and go to state 43
    DIVIDE          shift and go to state 44
    AND             shift and go to state 45
    XOR             shift and go to state 46
    OR              shift and go to state 47
    EQUALS          shift and go to state 48
    GREATER_EQUALS  shift and go to state 49
    UNEQUALS        shift and go to state 50
    GREATER_THAN    shift and go to state 51
    SMALLER_THAN    shift and go to state 52
    SMALLER_EQUALS  shift and go to state 53


state 270

    (97) para_keywords_expr -> expr COLON expr COMMA para_keywords_expr .

    RPAREN          reduce using rule 97 (para_keywords_expr -> expr COLON expr COMMA para_keywords_expr .)


state 271

    (42) else_elif_body -> COMMA ELIF . IF expr THEN COMMA expr
    (43) else_elif_body -> COMMA ELIF . IF expr THEN COMMA expr else_elif_body

    IF              shift and go to state 280


state 272

    (75) expr -> IF expr THEN COMMA expr else_elif_body DOT .

    ARROW           reduce using rule 75 (expr -> IF expr THEN COMMA expr else_elif_body DOT .)
    OPEN_BRACKETS   reduce using rule 75 (expr -> IF expr THEN COMMA expr else_elif_body DOT .)
    LPAREN          reduce using rule 75 (expr -> IF expr THEN COMMA expr else_elif_body DOT .)
    CONS            reduce using rule 75 (expr -> IF expr THEN COMMA expr else_elif_body DOT .)
    PLUS            reduce using rule 75 (expr -> IF expr THEN COMMA expr else_elif_body DOT .)
    MINUS           reduce using rule 75 (expr -> IF expr THEN COMMA expr else_elif_body DOT .)
    EXP             reduce using rule 75 (expr -> IF expr THEN COMMA expr else_elif_body DOT .)
    MOD             reduce using rule 75 (expr -> IF expr THEN COMMA expr else_elif_body DOT .)
    IMAG            reduce using rule 75 (expr -> IF expr THEN COMMA expr else_elif_body DOT .)
    POWER           reduce using rule 75 (expr -> IF expr THEN COMMA expr else_elif_body DOT .)
    TIMES           reduce using rule 75 (expr -> IF expr THEN COMMA expr else_elif_body DOT .)
    DIVIDE_CEIL     reduce using rule 75 (expr -> IF expr THEN COMMA expr else_elif_body DOT .)
    DIVIDE_FLOOR    reduce using rule 75 (expr -> IF expr THEN COMMA expr else_elif_body DOT .)
    DIVIDE          reduce using rule 75 (expr -> IF expr THEN COMMA expr else_elif_body DOT .)
    AND             reduce using rule 75 (expr -> IF expr THEN COMMA expr else_elif_body DOT .)
    XOR             reduce using rule 75 (expr -> IF expr THEN COMMA expr else_elif_body DOT .)
    OR              reduce using rule 75 (expr -> IF expr THEN COMMA expr else_elif_body DOT .)
    EQUALS          reduce using rule 75 (expr -> IF expr THEN COMMA expr else_elif_body DOT .)
    GREATER_EQUALS  reduce using rule 75 (expr -> IF expr THEN COMMA expr else_elif_body DOT .)
    UNEQUALS        reduce using rule 75 (expr -> IF expr THEN COMMA expr else_elif_body DOT .)
    GREATER_THAN    reduce using rule 75 (expr -> IF expr THEN COMMA expr else_elif_body DOT .)
    SMALLER_THAN    reduce using rule 75 (expr -> IF expr THEN COMMA expr else_elif_body DOT .)
    SMALLER_EQUALS  reduce using rule 75 (expr -> IF expr THEN COMMA expr else_elif_body DOT .)
    $end            reduce using rule 75 (expr -> IF expr THEN COMMA expr else_elif_body DOT .)
    CLOSED_BRACKETS reduce using rule 75 (expr -> IF expr THEN COMMA expr else_elif_body DOT .)
    DOT             reduce using rule 75 (expr -> IF expr THEN COMMA expr else_elif_body DOT .)
    COMMA           reduce using rule 75 (expr -> IF expr THEN COMMA expr else_elif_body DOT .)
    RPAREN          reduce using rule 75 (expr -> IF expr THEN COMMA expr else_elif_body DOT .)
    SEMICOLON       reduce using rule 75 (expr -> IF expr THEN COMMA expr else_elif_body DOT .)
    END             reduce using rule 75 (expr -> IF expr THEN COMMA expr else_elif_body DOT .)
    THEN            reduce using rule 75 (expr -> IF expr THEN COMMA expr else_elif_body DOT .)
    WITH            reduce using rule 75 (expr -> IF expr THEN COMMA expr else_elif_body DOT .)
    COLON           reduce using rule 75 (expr -> IF expr THEN COMMA expr else_elif_body DOT .)
    IN              reduce using rule 75 (expr -> IF expr THEN COMMA expr else_elif_body DOT .)
    LOOPTHEN        reduce using rule 75 (expr -> IF expr THEN COMMA expr else_elif_body DOT .)
    ELSE            reduce using rule 75 (expr -> IF expr THEN COMMA expr else_elif_body DOT .)


state 273

    (44) else_elif_body -> ELSE expr .
    (1) expr -> expr . ARROW expr
    (2) expr -> expr . OPEN_BRACKETS PLUS CLOSED_BRACKETS
    (3) expr -> expr . OPEN_BRACKETS expr CLOSED_BRACKETS
    (26) expr -> expr . LPAREN para_expr RPAREN
    (41) expr -> expr . CONS expr
    (46) expr -> expr . PLUS expr
    (47) expr -> expr . MINUS expr
    (48) expr -> expr . EXP expr
    (49) expr -> expr . MOD expr
    (53) expr -> expr . IMAG
    (58) expr -> expr . POWER expr
    (65) expr -> expr . TIMES expr
    (66) expr -> expr . DIVIDE_CEIL expr
    (67) expr -> expr . DIVIDE_FLOOR expr
    (68) expr -> expr . DIVIDE expr
    (69) expr -> expr . AND expr
    (70) expr -> expr . XOR expr
    (71) expr -> expr . OR expr
    (29) comp -> expr . EQUALS expr
    (31) comp -> expr . GREATER_EQUALS expr
    (33) comp -> expr . UNEQUALS expr
    (35) comp -> expr . GREATER_THAN expr
    (37) comp -> expr . SMALLER_THAN expr
    (39) comp -> expr . SMALLER_EQUALS expr

    DOT             reduce using rule 44 (else_elif_body -> ELSE expr .)
    ARROW           shift and go to state 31
    OPEN_BRACKETS   shift and go to state 32
    LPAREN          shift and go to state 34
    CONS            shift and go to state 35
    PLUS            shift and go to state 33
    MINUS           shift and go to state 36
    EXP             shift and go to state 37
    MOD             shift and go to state 38
    IMAG            shift and go to state 39
    POWER           shift and go to state 40
    TIMES           shift and go to state 41
    DIVIDE_CEIL     shift and go to state 42
    DIVIDE_FLOOR    shift and go to state 43
    DIVIDE          shift and go to state 44
    AND             shift and go to state 45
    XOR             shift and go to state 46
    OR              shift and go to state 47
    EQUALS          shift and go to state 48
    GREATER_EQUALS  shift and go to state 49
    UNEQUALS        shift and go to state 50
    GREATER_THAN    shift and go to state 51
    SMALLER_THAN    shift and go to state 52
    SMALLER_EQUALS  shift and go to state 53


state 274

    (99) para_kw_list -> type IDENTIFIER COLON expr COMMA . para_kw_list
    (99) para_kw_list -> . type IDENTIFIER COLON expr COMMA para_kw_list
    (100) para_kw_list -> . IDENTIFIER COLON expr COMMA para_kw_list
    (101) para_kw_list -> . type IDENTIFIER COLON expr
    (102) para_kw_list -> . IDENTIFIER COLON expr
    (103) para_kw_list -> . para_infty
    (121) type -> . T_INT
    (122) type -> . T_FLOAT
    (123) type -> . T_STRING
    (124) type -> . T_COMPLEX
    (125) type -> . LPAREN type_arg RPAREN ARROW type
    (126) type -> . type ARROW type
    (127) type -> . OPEN_BRACKETS CLOSED_BRACKETS type
    (95) para_infty -> . IDENTIFIER DOT DOT DOT

    IDENTIFIER      shift and go to state 275
    T_INT           shift and go to state 27
    T_FLOAT         shift and go to state 28
    T_STRING        shift and go to state 29
    T_COMPLEX       shift and go to state 30
    LPAREN          shift and go to state 96
    OPEN_BRACKETS   shift and go to state 97

    type                           shift and go to state 277
    para_kw_list                   shift and go to state 281
    para_infty                     shift and go to state 196

state 275

    (100) para_kw_list -> IDENTIFIER . COLON expr COMMA para_kw_list
    (102) para_kw_list -> IDENTIFIER . COLON expr
    (95) para_infty -> IDENTIFIER . DOT DOT DOT

    COLON           shift and go to state 226
    DOT             shift and go to state 227


state 276

    (100) para_kw_list -> IDENTIFIER COLON expr COMMA para_kw_list .

    RPAREN          reduce using rule 100 (para_kw_list -> IDENTIFIER COLON expr COMMA para_kw_list .)


state 277

    (99) para_kw_list -> type . IDENTIFIER COLON expr COMMA para_kw_list
    (101) para_kw_list -> type . IDENTIFIER COLON expr
    (126) type -> type . ARROW type

    IDENTIFIER      shift and go to state 282
    ARROW           shift and go to state 108


state 278

    (86) expr -> LOOP IDENTIFIER IN expr LOOPTHEN expr DOT .

    ARROW           reduce using rule 86 (expr -> LOOP IDENTIFIER IN expr LOOPTHEN expr DOT .)
    OPEN_BRACKETS   reduce using rule 86 (expr -> LOOP IDENTIFIER IN expr LOOPTHEN expr DOT .)
    LPAREN          reduce using rule 86 (expr -> LOOP IDENTIFIER IN expr LOOPTHEN expr DOT .)
    CONS            reduce using rule 86 (expr -> LOOP IDENTIFIER IN expr LOOPTHEN expr DOT .)
    PLUS            reduce using rule 86 (expr -> LOOP IDENTIFIER IN expr LOOPTHEN expr DOT .)
    MINUS           reduce using rule 86 (expr -> LOOP IDENTIFIER IN expr LOOPTHEN expr DOT .)
    EXP             reduce using rule 86 (expr -> LOOP IDENTIFIER IN expr LOOPTHEN expr DOT .)
    MOD             reduce using rule 86 (expr -> LOOP IDENTIFIER IN expr LOOPTHEN expr DOT .)
    IMAG            reduce using rule 86 (expr -> LOOP IDENTIFIER IN expr LOOPTHEN expr DOT .)
    POWER           reduce using rule 86 (expr -> LOOP IDENTIFIER IN expr LOOPTHEN expr DOT .)
    TIMES           reduce using rule 86 (expr -> LOOP IDENTIFIER IN expr LOOPTHEN expr DOT .)
    DIVIDE_CEIL     reduce using rule 86 (expr -> LOOP IDENTIFIER IN expr LOOPTHEN expr DOT .)
    DIVIDE_FLOOR    reduce using rule 86 (expr -> LOOP IDENTIFIER IN expr LOOPTHEN expr DOT .)
    DIVIDE          reduce using rule 86 (expr -> LOOP IDENTIFIER IN expr LOOPTHEN expr DOT .)
    AND             reduce using rule 86 (expr -> LOOP IDENTIFIER IN expr LOOPTHEN expr DOT .)
    XOR             reduce using rule 86 (expr -> LOOP IDENTIFIER IN expr LOOPTHEN expr DOT .)
    OR              reduce using rule 86 (expr -> LOOP IDENTIFIER IN expr LOOPTHEN expr DOT .)
    EQUALS          reduce using rule 86 (expr -> LOOP IDENTIFIER IN expr LOOPTHEN expr DOT .)
    GREATER_EQUALS  reduce using rule 86 (expr -> LOOP IDENTIFIER IN expr LOOPTHEN expr DOT .)
    UNEQUALS        reduce using rule 86 (expr -> LOOP IDENTIFIER IN expr LOOPTHEN expr DOT .)
    GREATER_THAN    reduce using rule 86 (expr -> LOOP IDENTIFIER IN expr LOOPTHEN expr DOT .)
    SMALLER_THAN    reduce using rule 86 (expr -> LOOP IDENTIFIER IN expr LOOPTHEN expr DOT .)
    SMALLER_EQUALS  reduce using rule 86 (expr -> LOOP IDENTIFIER IN expr LOOPTHEN expr DOT .)
    $end            reduce using rule 86 (expr -> LOOP IDENTIFIER IN expr LOOPTHEN expr DOT .)
    CLOSED_BRACKETS reduce using rule 86 (expr -> LOOP IDENTIFIER IN expr LOOPTHEN expr DOT .)
    DOT             reduce using rule 86 (expr -> LOOP IDENTIFIER IN expr LOOPTHEN expr DOT .)
    COMMA           reduce using rule 86 (expr -> LOOP IDENTIFIER IN expr LOOPTHEN expr DOT .)
    RPAREN          reduce using rule 86 (expr -> LOOP IDENTIFIER IN expr LOOPTHEN expr DOT .)
    SEMICOLON       reduce using rule 86 (expr -> LOOP IDENTIFIER IN expr LOOPTHEN expr DOT .)
    END             reduce using rule 86 (expr -> LOOP IDENTIFIER IN expr LOOPTHEN expr DOT .)
    THEN            reduce using rule 86 (expr -> LOOP IDENTIFIER IN expr LOOPTHEN expr DOT .)
    WITH            reduce using rule 86 (expr -> LOOP IDENTIFIER IN expr LOOPTHEN expr DOT .)
    COLON           reduce using rule 86 (expr -> LOOP IDENTIFIER IN expr LOOPTHEN expr DOT .)
    IN              reduce using rule 86 (expr -> LOOP IDENTIFIER IN expr LOOPTHEN expr DOT .)
    LOOPTHEN        reduce using rule 86 (expr -> LOOP IDENTIFIER IN expr LOOPTHEN expr DOT .)
    ELSE            reduce using rule 86 (expr -> LOOP IDENTIFIER IN expr LOOPTHEN expr DOT .)


state 279

    (27) cases -> CASE expr COLON expr . DOT cases
    (28) cases -> CASE expr COLON expr . DOT
    (1) expr -> expr . ARROW expr
    (2) expr -> expr . OPEN_BRACKETS PLUS CLOSED_BRACKETS
    (3) expr -> expr . OPEN_BRACKETS expr CLOSED_BRACKETS
    (26) expr -> expr . LPAREN para_expr RPAREN
    (41) expr -> expr . CONS expr
    (46) expr -> expr . PLUS expr
    (47) expr -> expr . MINUS expr
    (48) expr -> expr . EXP expr
    (49) expr -> expr . MOD expr
    (53) expr -> expr . IMAG
    (58) expr -> expr . POWER expr
    (65) expr -> expr . TIMES expr
    (66) expr -> expr . DIVIDE_CEIL expr
    (67) expr -> expr . DIVIDE_FLOOR expr
    (68) expr -> expr . DIVIDE expr
    (69) expr -> expr . AND expr
    (70) expr -> expr . XOR expr
    (71) expr -> expr . OR expr
    (29) comp -> expr . EQUALS expr
    (31) comp -> expr . GREATER_EQUALS expr
    (33) comp -> expr . UNEQUALS expr
    (35) comp -> expr . GREATER_THAN expr
    (37) comp -> expr . SMALLER_THAN expr
    (39) comp -> expr . SMALLER_EQUALS expr

    DOT             shift and go to state 283
    ARROW           shift and go to state 31
    OPEN_BRACKETS   shift and go to state 32
    LPAREN          shift and go to state 34
    CONS            shift and go to state 35
    PLUS            shift and go to state 33
    MINUS           shift and go to state 36
    EXP             shift and go to state 37
    MOD             shift and go to state 38
    IMAG            shift and go to state 39
    POWER           shift and go to state 40
    TIMES           shift and go to state 41
    DIVIDE_CEIL     shift and go to state 42
    DIVIDE_FLOOR    shift and go to state 43
    DIVIDE          shift and go to state 44
    AND             shift and go to state 45
    XOR             shift and go to state 46
    OR              shift and go to state 47
    EQUALS          shift and go to state 48
    GREATER_EQUALS  shift and go to state 49
    UNEQUALS        shift and go to state 50
    GREATER_THAN    shift and go to state 51
    SMALLER_THAN    shift and go to state 52
    SMALLER_EQUALS  shift and go to state 53


state 280

    (42) else_elif_body -> COMMA ELIF IF . expr THEN COMMA expr
    (43) else_elif_body -> COMMA ELIF IF . expr THEN COMMA expr else_elif_body
    (1) expr -> . expr ARROW expr
    (2) expr -> . expr OPEN_BRACKETS PLUS CLOSED_BRACKETS
    (3) expr -> . expr OPEN_BRACKETS expr CLOSED_BRACKETS
    (4) expr -> . IDENTIFIER PLUS_ASSIGN expr
    (5) expr -> . IDENTIFIER MINUS_ASSIGN expr
    (6) expr -> . IDENTIFIER SMALLER_EQUALS_ASSIGN expr
    (7) expr -> . IDENTIFIER GREATER_THAN_ASSIGN expr
    (8) expr -> . IDENTIFIER SMALLER_THAN_ASSIGN expr
    (9) expr -> . IDENTIFIER AND_ASSIGN expr
    (10) expr -> . IDENTIFIER OR_ASSIGN expr
    (11) expr -> . IDENTIFIER XOR_ASSIGN expr
    (12) expr -> . IDENTIFIER MOD_ASSIGN expr
    (13) expr -> . IDENTIFIER EXP_ASSIGN expr
    (14) expr -> . IDENTIFIER POWER_ASSIGN expr
    (15) expr -> . IDENTIFIER TIMES_ASSIGN expr
    (16) expr -> . IDENTIFIER DIVIDE_CEIL_ASSIGN expr
    (17) expr -> . IDENTIFIER DIVIDE_FLOOR_ASSIGN expr
    (18) expr -> . IDENTIFIER DIVIDE_ASSIGN expr
    (19) expr -> . IDENTIFIER EQUALS_ASSIGN expr
    (20) expr -> . IDENTIFIER UNEQUALS_ASSIGN expr
    (21) expr -> . IDENTIFIER GREATER_EQUALS_ASSIGN expr
    (26) expr -> . expr LPAREN para_expr RPAREN
    (41) expr -> . expr CONS expr
    (46) expr -> . expr PLUS expr
    (47) expr -> . expr MINUS expr
    (48) expr -> . expr EXP expr
    (49) expr -> . expr MOD expr
    (50) expr -> . NOT expr
    (51) expr -> . PLUS expr
    (52) expr -> . MINUS expr
    (53) expr -> . expr IMAG
    (54) expr -> . comp
    (55) expr -> . assign_expr
    (56) expr -> . BEGIN sequence END
    (57) expr -> . BEGIN END
    (58) expr -> . expr POWER expr
    (59) expr -> . LET letrec_assign IN expr DOT
    (60) expr -> . OPEN_BRACKETS param_list CLOSED_BRACKETS
    (61) expr -> . OPEN_BRACKETS expr CLOSED_BRACKETS
    (62) expr -> . OPEN_BRACKETS CLOSED_BRACKETS
    (63) expr -> . STRUCT BEGIN assign_list END
    (64) expr -> . STRUCT BEGIN END
    (65) expr -> . expr TIMES expr
    (66) expr -> . expr DIVIDE_CEIL expr
    (67) expr -> . expr DIVIDE_FLOOR expr
    (68) expr -> . expr DIVIDE expr
    (69) expr -> . expr AND expr
    (70) expr -> . expr XOR expr
    (71) expr -> . expr OR expr
    (73) expr -> . FLOAT
    (74) expr -> . IF expr THEN COMMA expr DOT
    (75) expr -> . IF expr THEN COMMA expr else_elif_body DOT
    (76) expr -> . IMPORT file
    (77) expr -> . OPEN_BRACKETS expr DOT DOT expr CLOSED_BRACKETS
    (78) expr -> . CLOSED_BRACKETS expr DOT DOT expr CLOSED_BRACKETS
    (79) expr -> . OPEN_BRACKETS expr DOT DOT expr OPEN_BRACKETS
    (80) expr -> . CLOSED_BRACKETS expr DOT DOT expr OPEN_BRACKETS
    (81) expr -> . LAMBDA para ARROW type COLON expr
    (82) expr -> . NULL
    (85) expr -> . LPAREN param_list RPAREN
    (86) expr -> . LOOP IDENTIFIER IN expr LOOPTHEN expr DOT
    (87) expr -> . MATCH expr WITH cases DOT
    (88) expr -> . NUMBER
    (115) expr -> . LPAREN expr RPAREN
    (120) expr -> . STRING
    (130) expr -> . T_UNDEF expr
    (131) expr -> . IDENTIFIER
    (132) expr -> . WHILE expr THEN COMMA expr DOT
    (29) comp -> . expr EQUALS expr
    (30) comp -> . comp EQUALS expr
    (31) comp -> . expr GREATER_EQUALS expr
    (32) comp -> . comp GREATER_EQUALS expr
    (33) comp -> . expr UNEQUALS expr
    (34) comp -> . comp UNEQUALS expr
    (35) comp -> . expr GREATER_THAN expr
    (36) comp -> . comp GREATER_THAN expr
    (37) comp -> . expr SMALLER_THAN expr
    (38) comp -> . comp SMALLER_THAN expr
    (39) comp -> . expr SMALLER_EQUALS expr
    (40) comp -> . comp SMALLER_EQUALS expr
    (22) assign_expr -> . type IDENTIFIER ASSIGN expr
    (23) assign_expr -> . IDENTIFIER ASSIGN expr
    (121) type -> . T_INT
    (122) type -> . T_FLOAT
    (123) type -> . T_STRING
    (124) type -> . T_COMPLEX
    (125) type -> . LPAREN type_arg RPAREN ARROW type
    (126) type -> . type ARROW type
    (127) type -> . OPEN_BRACKETS CLOSED_BRACKETS type

    IDENTIFIER      shift and go to state 6
    NOT             shift and go to state 9
    PLUS            shift and go to state 4
    MINUS           shift and go to state 8
    BEGIN           shift and go to state 12
    LET             shift and go to state 13
    OPEN_BRACKETS   shift and go to state 3
    STRUCT          shift and go to state 14
    FLOAT           shift and go to state 15
    IF              shift and go to state 16
    IMPORT          shift and go to state 17
    CLOSED_BRACKETS shift and go to state 5
    LAMBDA          shift and go to state 18
    NULL            shift and go to state 20
    LPAREN          shift and go to state 7
    LOOP            shift and go to state 21
    MATCH           shift and go to state 22
    NUMBER          shift and go to state 23
    STRING          shift and go to state 24
    T_UNDEF         shift and go to state 25
    WHILE           shift and go to state 26
    T_INT           shift and go to state 27
    T_FLOAT         shift and go to state 28
    T_STRING        shift and go to state 29
    T_COMPLEX       shift and go to state 30

    expr                           shift and go to state 284
    comp                           shift and go to state 10
    assign_expr                    shift and go to state 11
    type                           shift and go to state 19

state 281

    (99) para_kw_list -> type IDENTIFIER COLON expr COMMA para_kw_list .

    RPAREN          reduce using rule 99 (para_kw_list -> type IDENTIFIER COLON expr COMMA para_kw_list .)


state 282

    (99) para_kw_list -> type IDENTIFIER . COLON expr COMMA para_kw_list
    (101) para_kw_list -> type IDENTIFIER . COLON expr

    COLON           shift and go to state 243


state 283

    (27) cases -> CASE expr COLON expr DOT . cases
    (28) cases -> CASE expr COLON expr DOT .
    (27) cases -> . CASE expr COLON expr DOT cases
    (28) cases -> . CASE expr COLON expr DOT

    DOT             reduce using rule 28 (cases -> CASE expr COLON expr DOT .)
    CASE            shift and go to state 231

    cases                          shift and go to state 285

state 284

    (42) else_elif_body -> COMMA ELIF IF expr . THEN COMMA expr
    (43) else_elif_body -> COMMA ELIF IF expr . THEN COMMA expr else_elif_body
    (1) expr -> expr . ARROW expr
    (2) expr -> expr . OPEN_BRACKETS PLUS CLOSED_BRACKETS
    (3) expr -> expr . OPEN_BRACKETS expr CLOSED_BRACKETS
    (26) expr -> expr . LPAREN para_expr RPAREN
    (41) expr -> expr . CONS expr
    (46) expr -> expr . PLUS expr
    (47) expr -> expr . MINUS expr
    (48) expr -> expr . EXP expr
    (49) expr -> expr . MOD expr
    (53) expr -> expr . IMAG
    (58) expr -> expr . POWER expr
    (65) expr -> expr . TIMES expr
    (66) expr -> expr . DIVIDE_CEIL expr
    (67) expr -> expr . DIVIDE_FLOOR expr
    (68) expr -> expr . DIVIDE expr
    (69) expr -> expr . AND expr
    (70) expr -> expr . XOR expr
    (71) expr -> expr . OR expr
    (29) comp -> expr . EQUALS expr
    (31) comp -> expr . GREATER_EQUALS expr
    (33) comp -> expr . UNEQUALS expr
    (35) comp -> expr . GREATER_THAN expr
    (37) comp -> expr . SMALLER_THAN expr
    (39) comp -> expr . SMALLER_EQUALS expr

    THEN            shift and go to state 286
    ARROW           shift and go to state 31
    OPEN_BRACKETS   shift and go to state 32
    LPAREN          shift and go to state 34
    CONS            shift and go to state 35
    PLUS            shift and go to state 33
    MINUS           shift and go to state 36
    EXP             shift and go to state 37
    MOD             shift and go to state 38
    IMAG            shift and go to state 39
    POWER           shift and go to state 40
    TIMES           shift and go to state 41
    DIVIDE_CEIL     shift and go to state 42
    DIVIDE_FLOOR    shift and go to state 43
    DIVIDE          shift and go to state 44
    AND             shift and go to state 45
    XOR             shift and go to state 46
    OR              shift and go to state 47
    EQUALS          shift and go to state 48
    GREATER_EQUALS  shift and go to state 49
    UNEQUALS        shift and go to state 50
    GREATER_THAN    shift and go to state 51
    SMALLER_THAN    shift and go to state 52
    SMALLER_EQUALS  shift and go to state 53


state 285

    (27) cases -> CASE expr COLON expr DOT cases .

    DOT             reduce using rule 27 (cases -> CASE expr COLON expr DOT cases .)


state 286

    (42) else_elif_body -> COMMA ELIF IF expr THEN . COMMA expr
    (43) else_elif_body -> COMMA ELIF IF expr THEN . COMMA expr else_elif_body

    COMMA           shift and go to state 287


state 287

    (42) else_elif_body -> COMMA ELIF IF expr THEN COMMA . expr
    (43) else_elif_body -> COMMA ELIF IF expr THEN COMMA . expr else_elif_body
    (1) expr -> . expr ARROW expr
    (2) expr -> . expr OPEN_BRACKETS PLUS CLOSED_BRACKETS
    (3) expr -> . expr OPEN_BRACKETS expr CLOSED_BRACKETS
    (4) expr -> . IDENTIFIER PLUS_ASSIGN expr
    (5) expr -> . IDENTIFIER MINUS_ASSIGN expr
    (6) expr -> . IDENTIFIER SMALLER_EQUALS_ASSIGN expr
    (7) expr -> . IDENTIFIER GREATER_THAN_ASSIGN expr
    (8) expr -> . IDENTIFIER SMALLER_THAN_ASSIGN expr
    (9) expr -> . IDENTIFIER AND_ASSIGN expr
    (10) expr -> . IDENTIFIER OR_ASSIGN expr
    (11) expr -> . IDENTIFIER XOR_ASSIGN expr
    (12) expr -> . IDENTIFIER MOD_ASSIGN expr
    (13) expr -> . IDENTIFIER EXP_ASSIGN expr
    (14) expr -> . IDENTIFIER POWER_ASSIGN expr
    (15) expr -> . IDENTIFIER TIMES_ASSIGN expr
    (16) expr -> . IDENTIFIER DIVIDE_CEIL_ASSIGN expr
    (17) expr -> . IDENTIFIER DIVIDE_FLOOR_ASSIGN expr
    (18) expr -> . IDENTIFIER DIVIDE_ASSIGN expr
    (19) expr -> . IDENTIFIER EQUALS_ASSIGN expr
    (20) expr -> . IDENTIFIER UNEQUALS_ASSIGN expr
    (21) expr -> . IDENTIFIER GREATER_EQUALS_ASSIGN expr
    (26) expr -> . expr LPAREN para_expr RPAREN
    (41) expr -> . expr CONS expr
    (46) expr -> . expr PLUS expr
    (47) expr -> . expr MINUS expr
    (48) expr -> . expr EXP expr
    (49) expr -> . expr MOD expr
    (50) expr -> . NOT expr
    (51) expr -> . PLUS expr
    (52) expr -> . MINUS expr
    (53) expr -> . expr IMAG
    (54) expr -> . comp
    (55) expr -> . assign_expr
    (56) expr -> . BEGIN sequence END
    (57) expr -> . BEGIN END
    (58) expr -> . expr POWER expr
    (59) expr -> . LET letrec_assign IN expr DOT
    (60) expr -> . OPEN_BRACKETS param_list CLOSED_BRACKETS
    (61) expr -> . OPEN_BRACKETS expr CLOSED_BRACKETS
    (62) expr -> . OPEN_BRACKETS CLOSED_BRACKETS
    (63) expr -> . STRUCT BEGIN assign_list END
    (64) expr -> . STRUCT BEGIN END
    (65) expr -> . expr TIMES expr
    (66) expr -> . expr DIVIDE_CEIL expr
    (67) expr -> . expr DIVIDE_FLOOR expr
    (68) expr -> . expr DIVIDE expr
    (69) expr -> . expr AND expr
    (70) expr -> . expr XOR expr
    (71) expr -> . expr OR expr
    (73) expr -> . FLOAT
    (74) expr -> . IF expr THEN COMMA expr DOT
    (75) expr -> . IF expr THEN COMMA expr else_elif_body DOT
    (76) expr -> . IMPORT file
    (77) expr -> . OPEN_BRACKETS expr DOT DOT expr CLOSED_BRACKETS
    (78) expr -> . CLOSED_BRACKETS expr DOT DOT expr CLOSED_BRACKETS
    (79) expr -> . OPEN_BRACKETS expr DOT DOT expr OPEN_BRACKETS
    (80) expr -> . CLOSED_BRACKETS expr DOT DOT expr OPEN_BRACKETS
    (81) expr -> . LAMBDA para ARROW type COLON expr
    (82) expr -> . NULL
    (85) expr -> . LPAREN param_list RPAREN
    (86) expr -> . LOOP IDENTIFIER IN expr LOOPTHEN expr DOT
    (87) expr -> . MATCH expr WITH cases DOT
    (88) expr -> . NUMBER
    (115) expr -> . LPAREN expr RPAREN
    (120) expr -> . STRING
    (130) expr -> . T_UNDEF expr
    (131) expr -> . IDENTIFIER
    (132) expr -> . WHILE expr THEN COMMA expr DOT
    (29) comp -> . expr EQUALS expr
    (30) comp -> . comp EQUALS expr
    (31) comp -> . expr GREATER_EQUALS expr
    (32) comp -> . comp GREATER_EQUALS expr
    (33) comp -> . expr UNEQUALS expr
    (34) comp -> . comp UNEQUALS expr
    (35) comp -> . expr GREATER_THAN expr
    (36) comp -> . comp GREATER_THAN expr
    (37) comp -> . expr SMALLER_THAN expr
    (38) comp -> . comp SMALLER_THAN expr
    (39) comp -> . expr SMALLER_EQUALS expr
    (40) comp -> . comp SMALLER_EQUALS expr
    (22) assign_expr -> . type IDENTIFIER ASSIGN expr
    (23) assign_expr -> . IDENTIFIER ASSIGN expr
    (121) type -> . T_INT
    (122) type -> . T_FLOAT
    (123) type -> . T_STRING
    (124) type -> . T_COMPLEX
    (125) type -> . LPAREN type_arg RPAREN ARROW type
    (126) type -> . type ARROW type
    (127) type -> . OPEN_BRACKETS CLOSED_BRACKETS type

    IDENTIFIER      shift and go to state 6
    NOT             shift and go to state 9
    PLUS            shift and go to state 4
    MINUS           shift and go to state 8
    BEGIN           shift and go to state 12
    LET             shift and go to state 13
    OPEN_BRACKETS   shift and go to state 3
    STRUCT          shift and go to state 14
    FLOAT           shift and go to state 15
    IF              shift and go to state 16
    IMPORT          shift and go to state 17
    CLOSED_BRACKETS shift and go to state 5
    LAMBDA          shift and go to state 18
    NULL            shift and go to state 20
    LPAREN          shift and go to state 7
    LOOP            shift and go to state 21
    MATCH           shift and go to state 22
    NUMBER          shift and go to state 23
    STRING          shift and go to state 24
    T_UNDEF         shift and go to state 25
    WHILE           shift and go to state 26
    T_INT           shift and go to state 27
    T_FLOAT         shift and go to state 28
    T_STRING        shift and go to state 29
    T_COMPLEX       shift and go to state 30

    expr                           shift and go to state 288
    comp                           shift and go to state 10
    assign_expr                    shift and go to state 11
    type                           shift and go to state 19

state 288

    (42) else_elif_body -> COMMA ELIF IF expr THEN COMMA expr .
    (43) else_elif_body -> COMMA ELIF IF expr THEN COMMA expr . else_elif_body
    (1) expr -> expr . ARROW expr
    (2) expr -> expr . OPEN_BRACKETS PLUS CLOSED_BRACKETS
    (3) expr -> expr . OPEN_BRACKETS expr CLOSED_BRACKETS
    (26) expr -> expr . LPAREN para_expr RPAREN
    (41) expr -> expr . CONS expr
    (46) expr -> expr . PLUS expr
    (47) expr -> expr . MINUS expr
    (48) expr -> expr . EXP expr
    (49) expr -> expr . MOD expr
    (53) expr -> expr . IMAG
    (58) expr -> expr . POWER expr
    (65) expr -> expr . TIMES expr
    (66) expr -> expr . DIVIDE_CEIL expr
    (67) expr -> expr . DIVIDE_FLOOR expr
    (68) expr -> expr . DIVIDE expr
    (69) expr -> expr . AND expr
    (70) expr -> expr . XOR expr
    (71) expr -> expr . OR expr
    (29) comp -> expr . EQUALS expr
    (31) comp -> expr . GREATER_EQUALS expr
    (33) comp -> expr . UNEQUALS expr
    (35) comp -> expr . GREATER_THAN expr
    (37) comp -> expr . SMALLER_THAN expr
    (39) comp -> expr . SMALLER_EQUALS expr
    (42) else_elif_body -> . COMMA ELIF IF expr THEN COMMA expr
    (43) else_elif_body -> . COMMA ELIF IF expr THEN COMMA expr else_elif_body
    (44) else_elif_body -> . ELSE expr

    DOT             reduce using rule 42 (else_elif_body -> COMMA ELIF IF expr THEN COMMA expr .)
    ARROW           shift and go to state 31
    OPEN_BRACKETS   shift and go to state 32
    LPAREN          shift and go to state 34
    CONS            shift and go to state 35
    PLUS            shift and go to state 33
    MINUS           shift and go to state 36
    EXP             shift and go to state 37
    MOD             shift and go to state 38
    IMAG            shift and go to state 39
    POWER           shift and go to state 40
    TIMES           shift and go to state 41
    DIVIDE_CEIL     shift and go to state 42
    DIVIDE_FLOOR    shift and go to state 43
    DIVIDE          shift and go to state 44
    AND             shift and go to state 45
    XOR             shift and go to state 46
    OR              shift and go to state 47
    EQUALS          shift and go to state 48
    GREATER_EQUALS  shift and go to state 49
    UNEQUALS        shift and go to state 50
    GREATER_THAN    shift and go to state 51
    SMALLER_THAN    shift and go to state 52
    SMALLER_EQUALS  shift and go to state 53
    COMMA           shift and go to state 257
    ELSE            shift and go to state 260

    else_elif_body                 shift and go to state 289

state 289

    (43) else_elif_body -> COMMA ELIF IF expr THEN COMMA expr else_elif_body .

    DOT             reduce using rule 43 (else_elif_body -> COMMA ELIF IF expr THEN COMMA expr else_elif_body .)

